,GB_AMOUNT,GB_AMOUNT,GB_AMOUNT,GB_AMOUNT,GB_AMOUNT,GB_AMOUNT,GB_AMOUNT,GB_AMOUNT,GB_AMOUNT,GB_AMOUNT
Month_Subscribed,2019-01,2019-02,2020-11,2021-02,2021-03,2021-04,2021-05,2021-06,2021-07,2021-08
ACCOUNT_NUM.hash,,,,,,,,,,
0009e7e4d940c2a539b89342af07e7f1,0,0,0,0,0,0,3,0,0,0
008bca99f0cccb5d07d4f03744709cf8,0,0,0,0,0,5,0,0,0,0
009f8579b6fcaf11bac2304a1e53fee8,0,0,0,0,0,0,0,0,111,0
01d4aea4b4e156705a9ff94e699e5aa3,0,0,0,0,0,0,0,0,55,0
01f29baefa8fabbd7351cc8260f56323,0,0,0,1010,0,0,0,510555,0,0
02059e815d999bda708149ae263946d3,0,0,0,202020202052051051201,20202020,2020202055520510,202020205120102020520205,20202052020202020122020,2020201110,0
0229633f66008af9de26cf997639b5df,0,0,0,0,0,105522,0,1,0,0
02efe38e4cc2e4c9856bf37ed0a2ad1b,0,0,0,0,0,0,0,1,1,0
033bfca5a6ec3efe628326fde56c6e14,0,0,0,5332,32111,2111,51111,25,21,0
0428ed3b8393d8dfb8ff616d8cad7e15,0,0,0,15,51,0,1511,0,1,0
04b03917b3a4d5e6ed56b3972e493cc5,0,0,0,0,0,0,0,5,5,0
052f85b26b2ff4a46327fb069b8b97f1,0,0,0,2,2,0,0,21,21,0
05837c9e58679948f8c0d891fa4a0ccc,0,0,0,0,511,25,1,122,0,0
05bab558d9088194d8c2e91ffa1f3917,0,0,0,1,15221,11,15322322,101010105552210221,1111,0
06623c7ba64331f615ff83c5664b71bb,0,0,0,0,1,0,0,1,0,0
066323e15583647d5102a831aa53aba7,0,0,0,502020,2015,0,0,0,0,0
071d51ec01c8ed8159ac1313dd632c40,0,0,0,51,0,5,1,0,0,0
07f51c2fd256cda27d107f7c0a19019c,0,0,0,0,0,0,0,10,0,0
085ecebef1af065588e3558ca21e6d4c,0,0,0,0,0,111,0,1,12,0
086bd45995b95b46a7a7b9dcfea9d296,0,0,0,0,0,6,63,8,5,0
086c36a66f685f1111cc6ff7421f04f8,0,0,0,5,0,5,0,0,0,0
0991f9cda4133e39a30dc2bf37837dd0,0,0,0,105,1010,1055,10,0,510,0
099f3123ba012ba1d09237b0f6874e02,0,0,0,50,110,0,0,0,0,0
09aa79820e2d3ecf0d89b5a7cc5874f0,0,0,0,0,0,0,15,0,0,0
09c3fea2f2505f63be5eb46bebb49a17,0,0,0,0,0,0,0,10,251010,0
0a51c034ddd90f3dd18f2180d0027646,0,0,0,5,0,0,0,0,0,0
0b6e8127c84ada80d1871f05a823c723,0,0,0,0,0,0,2,0,0,0
0be59dc046f0cbed83ddb8af3ce2816a,0,0,0,2020,2020,0,2020,202020,2020,0
0c0b7fcdce3512b45183c83bbfee30fd,0,0,0,0,0,0,0,10,0,0
0c43b8f3cee411b60f0d861c313e3245,0,0,0,0,11,1,51,0,0,0
0c4a4871af386fbb10d99dfa3f4a4573,0,0,0,0,0,11,111,0,0,0
0cbda8d79da51a86745baa05c5bf11c7,0,0,0,1,11,0,1111,1,15,0
0e1fe0d01f3a2e9619999a1a634ec427,0,0,0,107106255105525,51055215621061061010655,611061201010522,0,6105251085210156103151101,25101055522655305105552,0
0e296df5b555a94de2d8b009fc3d3d4b,0,0,0,0,2,0,2122,111211,2,0
0e3e3cabb8b653645ad4268f318a80b8,0,0,0,0,1,7,0,5,3,0
0f1cf2c221e13a3aa64dac2a80ba7268,0,0,0,0,0,0,1,11,311,0
0f423fa34f0ba5129051b8141d18c754,0,0,0,0,10,0,20,2020,2020,0
0fa1d2aeb386d52b8fb4b545f3d28b5d,0,0,0,0,2,2111,5,0,0,0
0fc3549886e9eeccf0d9eb80c89e4c3e,0,0,0,0,2,0,0,0,3,0
0fd63ddba63be062131e0c0eb8066192,0,0,0,0,5,5,311121111111,1233521212211,21111121111111111111111111111111111111,0
1022655080756ed52c8ae8deea6a1c79,0,0,0,0,0,0,111,0,111,0
1186aaba03e18b3dda89c75d611e8116,0,0,0,0,0,0,0,1,0,0
11e762264ee9256192f1306bb25fcb5b,0,0,0,0,65,0,10110,101010,105,0
125cd3d518ec89dcffd30b0c5fbae9c7,0,0,0,0,0,0,0,1,0,0
1295ad1df424158c24452be25504ee28,0,0,0,11,1111,11,111,0,1661,0
12e8ff3dc92bc4fdbd7840c05468bc09,0,0,0,0,0,2,5,5,1,0
130a75d8233d72dc5dce070522818bea,0,0,0,0,5,0,55,0,0,0
13492052229a47904c3c8713a0280201,0,0,0,1111,121111,0,11,11,1,0
147d0d2d06928b5358b643b8dffe4473,0,0,0,7553,0,2,33,515,5,0
14c0d047585a207b95283ef5a8e92183,0,0,0,2,2,2,1232,0,0,0
159f5c90adfd80748205f2cd35162968,0,0,0,0,0,0,0,0,1,0
15a55e4cc26ec3bfcf291da8cf4c5b09,0,0,0,11,0,0,0,0,0,0
15d49615ea4b0ad7572e8d10667d23cc,0,0,0,2,0,0,55,0,0,0
16195d6ea26221cbf854e51521778d07,0,0,0,0,1,0,2,0,0,0
16ba7704ef69803d3d41ebde44ad1c06,0,0,0,5,1,610,0,0,1010,0
1702697759a3ecc980b0b6e0624b4374,0,0,0,11,0,0,0,0,0,0
1720696a0cc0328d0bef44d8bc538f8f,0,0,0,0,1,0,2,112111111111,51111,0
173b5739548da633402b4598dcf3fe27,0,0,0,0,0,0,3,1,5,0
17676195d9ac76a70282e7c29369dd83,0,0,0,1,0,0,21,0,0,0
17e6c3b8d8c8019469b7288f0ee6795f,0,0,0,0,1111111,1111111121111111111,511111111111111111,11111111111111,111111,0
187c4f85fd7786ee9f2f0612ef53d2ca,0,0,0,5,55,0,0,105,15,0
193856686a5e12c45cb04a93a8064b60,0,0,0,22,0,0,5523,106211,532,0
199f718bc367b33b58b3256e448d66b2,0,0,0,0,10,0,91010,101010,1010,0
1ac9cef55b7a012cf97dc32bf9d589d6,0,0,0,0,1,1211111,11,0,1,0
1bdb808b0067543eac37a8650abfeb46,0,0,0,0,102010,1010,10101020,0,0,0
1c18c7d5d2cfc8f81c1ad63958bb5e18,0,0,0,0,0,0,0,5,0,0
1c4c0f12a0352e8aaf58602ecf64e877,0,0,0,0,0,0,3,0,0,0
1cf3f313f1060c69dfe814a0e8124f18,0,0,0,0,0,0,0,1,1,0
1d18f77c7b80c29612dac66935cf1f13,0,0,0,0,0,0,1,0,0,0
1d37487e1a255b2fc890ba502613af24,0,0,0,0,0,0,0,5,5,0
1dbf9f5093d230ffb1fc22b00ea0bc93,0,0,0,0,1085,10109,10105,0,0,0
1e317134b50ea5043ebdc3f75d1cde8d,0,0,0,1,0,11,0,0,0,0
1f17a575b6a52725ff5e26614b0cf1be,0,0,0,0,0,0,0,1,1111111,0
1f67a05e8130b7b454fd076750ff44b5,0,0,0,1111111,1111111111111111,511111111111115111111111111,11111111111111111111111111111,111111111111111111111111111111111111,11111111111111111111111111111,0
1f94d46ef3f01af42a42dadaaf9163ae,0,0,0,0,55,5,552,0,2,0
1ff2bd293b3cdb076dc841f4344a7631,0,0,0,0,0,0,0,0,15,0
20fac8de11078e10865f68ccaebc4d0b,0,0,0,3,0,0,0,5,0,0
20fc09387c11895490ee4d08bb2502d9,0,0,0,0,0,0,211,0,0,0
210dcb248ee4c4826bb2aa0a6b1a9c91,0,0,0,0,0,0,0,2,0,0
21354ff80f2eebde68a883fd3ad2583e,0,0,0,0,0,0,0,10,0,0
214cbb1651fa329cf02ef1821fc0e44e,0,0,0,0,21121,5511111,2,0,22,0
21895a35d769c7c82eaf44166fc8918c,0,0,0,0,0,0,0,1,0,0
21ae95c42acca22030b997bca02c0f28,0,0,0,11,811113321,101531,56652111,5616521,5533212112312,0
21e2a94960106171ac59b4a319087d42,0,0,0,0,5,5,62,6,5,0
22b0834e2718881d70660c1e1201895a,0,0,0,0,0,5,2055,0,5,0
22cf709d30168c38d475974124ed3dd2,0,0,0,0,0,0,13,1,1,0
231188ceac9e1917754819af84b1456e,0,0,0,0,0,0,0,55,0,0
234d44e8bbf0d9a74f95de6c37db5b43,0,0,0,0,105,0,105,0,105,0
235fc8a364ad42cf6c021b75e1eba3c3,0,0,0,0,0,0,0,10,2035,0
23b8dcc156cd6c00287efd88ae321631,0,0,0,11,0,510111111111111,0,0,0,0
23c42a198e78b3c852f71ca46acbbc35,0,0,0,0,0,0,0,1,0,0
23fc6e16b1bbdaeae5cfacfc82e91dbc,0,0,0,0,757575757575757575757575757575757575757575757575757575757575757575757575,75757575757575757575,757575757575,75757575,7575757575757575757575757575757575757575,0
2410650dfda5812a8a781bffc2ae56cd,0,0,0,0,1,0,0,0,0,0
249f222a06a79be79b6c58a436efedbb,0,0,0,1,0,21,22,21,2,0
258c0817bf2983a3b0979e58c18db8ef,0,0,0,0,0,0,0,5,0,0
25e6e2871bd9e32697f383a060b5dc52,0,0,0,2,222,25,32,1535222,52555,0
26fa4a17cd478fcf33c1abb76c473b4b,0,0,0,20,1010,0,0,10,5,0
2740366fe8e8525e4734076ed2c55b74,0,0,0,0,0,5,0,105,0,0
276ed6852f3e00ab8a3486fe88ce73ca,0,0,0,0,0,0,0,10,0,0
287cde10ae103ec451caeb0d47b7575c,0,0,0,5,55,0,555,5,5555,0
28f6fc012e1d387862d34a02c4a6d278,0,0,0,521,552,0,53222522222222,2,155,0
294456c6cdbead87967904c0963f8add,0,0,0,0,1,2,15,0,0,0
2a060fe8c46e824806ae9550c89c4375,0,0,0,0,0,105,0,0,105,0
2a3defd31d0d00ec39286695766c38ed,0,0,0,0,0,1,0,0,0,0
2a63c5795001181800ea133a0068e2d6,0,0,0,5,0,0,3,5,0,0
2a754752a65696b63963569c4556e2c6,0,0,0,0,0,5555,5,0,0,0
2a9df80810bc200c1ad3613d8eefd53f,0,0,0,0,0,2,0,0,0,0
2b60f8ffb99f7932ee00cdd291fb1dd5,0,0,0,5,66,6611111,111,51,112,0
2d3c09ba08e6a70dbc5988cbbb2fa115,0,0,0,0,0,0,0,85525,1086553,0
2e3aeb5561f7a9f02cc4d22b74c98a53,0,0,0,0,0,0,5,0,0,0
2e8d1449aa1c031fcf497e6f848e9a4b,0,0,0,3,0,2,2,3,0,0
2ea6c5e59c02744c036fe8ff6cccfb7c,0,0,0,201510,20610,5,85,1510,2015655,0
2eca1f684f6a5d6037f9f76c3e291324,0,0,0,0,0,0,0,5,0,0
2eda8f5eed84231508079b78895a75b3,0,0,0,0,0,2,2222525173532,555555,5557101051051055,0
2f1d40b423aef707a108ca02c1969510,0,0,0,0,0,0,1,0,33,0
2f1d8e2ad12e57fce4419845e23ddcbd,0,0,0,0,0,0,0,123,0,0
2f60b16e58320a419a9b19d502ff7701,0,0,0,0,0,0,63,0,0,0
2f95113e6a986aca6f8eaf90196e50d2,0,0,0,5,5,0,5,0,0,0
317d85dea9d40aa4ab874731fd56b82f,0,0,0,0,0,1,0,0,0,0
31f61faadf026ebd5d89be8d332d3113,0,0,0,0,0,5,105,101,552,0
324b619c08188c4cdfd0b18390013049,0,0,0,0,0,21,2,0,0,0
32547b6376b7e9f42c2328076332b743,0,0,0,0,10,0,5555555,55555,555,0
32e55deb720baed33e5f03a2edae6039,0,0,0,111111,2,1,1,0,0,0
335ad0977174a6b25d969a808106263b,0,0,0,0,0,0,0,1,11111,0
339627aadb955f00a953471ac69a1a95,0,0,0,0,0,1,0,1,0,0
365e4d4f6d27f2618dcc8b09eab41d92,0,0,0,0,2020,0,0,0,0,0
36c5d6f6aff119277c77f9c07246496e,0,0,0,0,0,0,0,3,0,0
370388c74ac6c26daab046792aec7769,0,0,0,2,0,0,0,0,0,0
3733b1efdecf111a1a7114bd885643ef,0,0,0,0,0,0,10,5,0,0
377b852bac7b15a7d75adb2e487e85c8,0,0,0,0,54,0,0,0,0,0
38119c23796467cc2d581d10fba0f7e0,0,0,0,20,0,0,20,0,0,0
38b2614973f3729c7c0afcf96f3e6657,0,0,0,22,512,521,2252525105223,225,22222111,0
39218522cdcd2fab4981794911fcb80d,0,0,0,0,0,0,41,1122,0,0
3a0e07cdc0c5d3e1fdbb8bad63b62ea5,0,0,0,0,0,21,0,0,5222,0
3a525bd045baa04a397409dae0cdebe0,0,0,0,0,0,0,0,1,1,0
3a5d18f9869154219008b298d466fe88,0,0,0,5,0,0,10,1010,1010,0
3b1f1becd16d2927812a4f3f5e1f580b,0,0,0,1,115,511,0,1,0,0
3b33dd056246fe33bae06f2dfc9e0426,0,0,0,55,5,0,5552,22,1111,0
3bc61b93cea92e9c79c8eb1a07f8c5c5,0,0,0,0,0,5,10,0,1010,0
3bde4ff74b0a8852847af576b81d4e15,0,0,0,510102,103421,1,322222223,102102,1025105,0
3c54a3960f64f7ff42001d9f9a6ff6e9,0,0,0,55,0,5,555,0,0,0
3c7eace1f13dcc079b522d213e440cc8,0,0,0,0,111,5,0,1,5,0
3d5d7bdef5e9d898cee6ed80e410801c,0,0,0,0,0,0,0,0,20,0
3db651a2a334c57fdd44f73602d5a9f6,0,0,0,0,0,0,0,25103,10,0
3dc55e72ed522836925b806a91d8dedd,0,0,0,105,10555,10,1010101010,101010,0,0
3e22148c54ddd8e19c3fdbf7c3dce200,0,0,0,0,0,11,105,155,55,0
3e3066c57fdadc381bb9e0e603b5b411,0,0,0,0,0,0,0,1,0,0
3e95dd47b2766c3c53304580e84bcb58,0,0,0,0,0,0,1010,10,0,0
40b83b2408241641beda57ccda54ea1f,0,0,0,10,0,0,10102,105,0,0
41a4427b194c0f2705fd69ab3874b7b5,0,0,0,532,12,0,0,0,0,0
42b90109a2d00e2229e421ca1e4a8f8f,0,0,0,1,11,0,0,1,11,0
42c1b2886070be82b961acee7c05544f,0,0,0,0,1,0,1,0,0,0
42e246b6d9784f6480d686cb715ace37,0,0,0,2,0,0,53,311,0,0
4331912302921124842662df944ba046,0,0,0,0,0,0,1,0,0,0
434555d3b0229289fd08ae8d64c55148,0,0,0,0,0,0,0,0,10,0
437d53cd2cba11d254dbcf4fefd84d4a,0,0,0,0,0,11,61,0,0,0
439a57bb967c988af3902e8454d634a1,0,0,0,5,1055,0,0,0,0,0
44224bc1e2e7101c90bbad70dbcc5a6c,0,0,0,5,51,0,5,1012151,551525,0
444ee3c3af704aef3b5a827671731f44,0,0,0,5,0,5,5151,1111111111111,1111111111,0
44d58c09643065f357d46358acbc36e1,0,0,0,0,0,0,10,0,0,0
4520c37b3625b1e8af30b51159e921dd,0,0,0,23,51,0,0,0,0,0
45c6303ce35d61897c423b4d61d952ac,0,0,0,25,0,5,45,23,5,0
479934bc992ead510eb362cf49ff1143,0,0,0,0,0,0,0,5,0,0
47d3bf8a16a965d3dd70df42c0b578fe,0,0,0,1111111,11,111,0,11,111111,0
47f57c31513c70d9e250a545daa81d66,0,0,0,0,10,2066,20120321,50,20,0
485ee8b61be97f3054ff23f8a8b58d15,0,0,0,0,0,0,221,1,11,0
488e1fcdb687d4745c863bf8df7b458f,0,0,0,0,5,3,0,1,1,0
49384555f99f8bbb2293dfec2d35cd9e,0,0,0,0,0,0,1,11,1,0
494de320778db98d7fa1751e8d60064c,0,0,0,63,775712,665,761,5,565,0
495df5121088ee1c479289e9ea749d09,0,0,0,5111111111111,1151111111111511111111111111111,111115151111111,1115111711211111111,111151111111211111111,20111111115521,0
4976d24f506c5c2418bee55d339714f4,0,0,0,0,434,5,0,53,5,0
49e35911791c4d8b5de0ce3e031d182d,0,0,0,511,51,11,11111111,115,151115,0
4a53c2f008c7fcb139a7f3b90e2b0f85,0,0,0,0,0,0,5,0,0,0
4a617237c13ef4e6f9d26d3dfbffa25b,0,0,0,0,0,0,212,0,2,0
4aadcfd5c6c1669a505b26de580633af,0,0,0,0,1,0,12111,555,1111,0
4b1f7bfd0aa9b296e1b62885043a0167,0,0,0,0,0,0,5,0,0,0
4b9b93f6ee97efcbef1390bc711c09fc,0,0,0,5,5,0,0,55,6,0
4c300d3b50d2c85c0386a11aef92281c,0,0,0,52,2,0,0,0,0,0
4c535a8e5f730c40e1abe423e0fcd77f,0,0,0,0,0,0,2,0,0,0
4c68d8194d71484592853da65e3c28a2,0,0,0,0,0,0,0,0,5,0
4c7a4769273c7a2eb4860a09f6376a70,0,0,0,55555,910571055512,1055510105555721,10595551010,351052,0,21299105951011111110951111
4c8b1ee698ad63a7ba672cb5779a951a,0,0,0,10,10,10555,1010105,105,105,0
4cf39fbb21dbb056669ee97086951856,0,0,0,0,0,0,0,1,1,0
4cf83d8277f8c1cd95199a342092e808,0,0,0,1152332,2,51,110101055102,101010101010525,10101010510,0
4dc580d935b3ea0e73a38c74abf31740,0,0,0,0,11,0,11,1,0,0
4e30072320e0cc5102516ac0f83dac32,0,0,0,0,0,5,0,0,0,0
4efc4cca6d2430af189003b839d52d35,0,0,1010,55,1051071,1056625,10108101044110205101,101515201015,11111,0
4f19598e79d431fdeb86579d366fa0e0,0,0,0,0,0,0,0,11,0,0
4f1ed566c9476815cfe56eab1c22ed05,0,0,0,0,0,0,511,0,1,0
4f9e71835299cc711ed7f61eeb94314f,0,0,0,0,0,0,155,5,5,0
500ab66d965c6ad74f2ffa6ec3dc9cfa,0,0,0,0,0,0,0,511,0,0
50cf8d74511fd6337cbef6cd5f8fb12d,0,0,0,0,0,0,0,25,10,0
51656811642244c0088c3a48c415acb4,0,0,0,1,51,0,0,0,0,0
51974e514429cf7cffba3a1f62ee736a,0,0,0,0,0,0,0,0,1,0
51c31971adcd522bea0b326c76d515b9,0,0,0,51,125,511151555,10101111,510,2555,0
52892a1587dd85e33010985297f133b9,0,0,0,1,1111,111,5,0,11111,0
52e7c04d12cb33c77031760584a9586e,0,0,0,0,56,5,2151010,75613,2510,0
52f37acebec960546afd04e336aeb34c,0,0,0,0,0,35,0,9,73,0
52fdf5e4239da1d7c06a258bc00bbc06,0,0,0,0,0,0,111,0,0,0
53c73c79df5d0cd35a0fb56bbb80f59f,0,0,0,0,0,5,51,5,5510,0
5500568d27e03f40acd5fa387619b65a,0,0,0,5,0,0,111,21121,32,0
552817c6f14cdd90e1174aa40355dd89,0,0,0,0,0,0,0,5555,1010,0
56627b488c93d1a8cb5e53950d9958b7,1,0,0,0,0,0,0,0,0,0
56923d44c388c23bb5574e13dabc4d19,0,0,0,1,5511,0,0,1,0,0
56b6ed37e0621100f8768b156fa7b14a,0,0,0,0,0,20,10,7,0,0
56d42c452d45cd049409581e0c576dd9,0,0,0,20,10,510,0,0,0,0
57dde03a9ea917461c536cce1b435c67,0,0,0,521,777107,0,11,21,62666,0
58731d05cb1202eee96142ae3c43185d,0,0,0,0,0,0,0,0,5,0
5881470c0ab60e6d4b789346b63687c9,0,0,0,0,553,5,0,55,0,0
59322724d5029e5667d19ae164cdc16d,0,0,0,151121,120309502352122,20201052,2052221520,2015501551,0,5201551510520510
59600c518e06137a7cfce173bb795123,0,0,0,0,10,0,0,0,0,0
599fd0ecd5d132bbc8dedae5818232c4,0,0,0,0,0,0,0,0,10,0
59e3494948116329f4c0eb70e5363c73,0,0,0,7,775,77,7775,55,0,0
5ac9d5e02406067f6cc31d5436a5a8fb,0,0,0,5525,10555555205,5510,5555555555,5555355525,5155555,0
5afd0594ef759a5f7510da09b07724c1,0,0,0,3,5532,2131,1735312221,1010553,5,0
5b21a377b6504b1c404781008aecf60a,0,0,0,0,0,221,112111221,111,1111,0
5b98378b8804001704df7820a3a2d56a,0,0,0,22112111,1211,1111,1111111111211111,11111111121111,12111121111,0
5bacfb2cce2c7b3de15a2a6abed7ab81,0,0,0,0,3,551,2101052,52,0,0
5bc8f4caad0c82624d8ba7b0e0ddd84e,0,0,0,0,0,0,0,5,0,0
5bce7e5f4bd3639566ba38db29e8ba01,0,0,0,0,0,0,111,111,11,0
5c6d01e13b1f9a8352527d4f107dbf24,0,0,0,0,0,0,0,0,5,0
5cedf96edfc7db66c38050881ba3edf0,0,0,0,0,0,23,15622,0,5,0
5d853feeb09048ff7abde29cbaa8ec51,0,0,0,22555222,55212322322,15355545351354535,0,0,0,0
5d86d5152fad3c859e16a78c0ce1074d,0,0,0,0,0,0,55,555,5,0
5d94a1b8d297860a43e1ddc0293278cf,0,0,0,0,0,10,5,0,101015,0
5d9dca5108d2a8cffb365bf0c9b8d458,0,0,0,0,0,15,15,15,0,0
5dca0a71aafae66d0aa373f80d97edeb,0,0,0,0,13,0,0,0,0,0
5e25bfb26999836c25caf0541e46bc8c,0,0,0,0,0,0,103,55,1,0
5e74b081e1bae8881cd10aa67fd684e9,0,0,0,0,0,0,1,1,0,0
5f068ac5dbfd84dc29ddcaed35612f8e,0,0,0,0,0,0,5,5,5211,0
5f7765db55f94205964f6ba83cc7ea28,0,0,0,11,0,11,111,0,0,0
6042057db2700363a1edd1d3e552528d,0,0,0,102,205,3201010,10,1010,1510,0
60465b31547599e10db1052d389068cf,0,0,0,0,552,0,0,0,0,0
61112729366efd09e3e609919f2054be,0,0,0,0,1111111,1111111111,11111111111111,111111111111,1111,0
6184e258fc549e12c235a2bc10ae297e,0,0,0,0,2,0,5,10105,20205,0
62d861689bba706fd5d5d8a1b86b517c,0,0,0,0,222,311,23,0,0,0
62fb58e7bc8acec8cd1553a9aae5e8b0,0,0,0,0,0,0,1,0,0,0
6382943e6f91a1c53a0c982ec0536094,0,0,0,0,0,11,0,1,0,0
659e91b58e3ee95b4913f3fe4a6d3072,0,0,0,0,0,0,2,2,21,0
65fec9014f86ce619bb80bb8f87d8c08,0,0,0,0,0,0,0,205,562,0
662143b6776fd4b30e7d4b1a78a39768,0,0,0,1,1,1,1,11111,2121,0
6626085c716b1b96527e41a1567aac6d,0,0,0,0,0,0,1,0,0,0
66869e6fe7a915c8c8f363504a37fa0d,0,0,0,5,0,0,55,5,0,0
66a495b16b6727035cc7ea73dc20dfeb,0,0,0,21,0,1,11,1,21,0
66a4bd956f2e9b2610379fcf2865062d,0,0,0,0,5,0,225,0,0,0
67a2a166edc24b4f6777db254dd50503,0,0,0,515,1,1,1,1,11,0
6808615590e454d8d35f2a1a1aa0a9c7,0,0,0,0,1,111,1,111,111,0
68167674cb0624a2ead7e0a895339964,0,0,0,0,1,0,52,11,1,0
68500a1443fe9f05621deb6164a6d964,0,0,0,10,0,0,5,5,5510105,0
690534cfb7ce9e883e7a2156822a79b4,0,0,0,21,0,2,531,622,1,0
69a06b39f735f61dbff7ca534b046214,0,0,0,0,0,0,0,0,10,0
69cfc0b43f9c40410b85d1c844eb90a8,0,0,0,0,0,0,1,0,0,0
69e1923e09bf3d05e260663b646ac83a,0,0,0,11111111112111111,11111111111111111,11,0,0,0,0
6a7b77939ce62248df1dafc155d02a97,0,0,0,2020,0,0,20,0,0,0
6aa88f07097ea8fa2ca7a9b0f7f3eb22,0,0,0,11,3,0,11,21,111,0
6ac03e7e4d74143eb92f232fc23ca1f4,0,0,0,0,8,1,5,0,0,0
6c07445cedd467f6de8b48f91455f21f,0,0,0,0,11,0,51,2,0,0
6c1b1435a94926539c7213a9210f8153,0,0,0,0,1,0,0,1,0,0
6d21ae241d0a56b42c4d238ca15123a9,0,0,0,0,0,0,2,0,0,0
6d431382e652af97c903f62fbcfec84d,0,0,0,0,1,0,551,0,1,0
6e103f04aa3211169552e312a0da99ac,0,0,0,111,11,1,555,105,0,0
6e2ff211acbb7b15aa9cf671bf8d245d,0,0,0,5,0,1,11,111,0,0
6e32d0a348d1ad246daa4104318d95b4,0,0,0,5,0,0,0,0,0,0
6e663c138df5e7af4e67a6101e66435f,0,0,0,0,205,0,0,0,20,0
6f5a50d14f88a8bbed200d30e65ddf20,0,0,0,0,0,0,0,0,333,0
6f90dfca0e9d624026461189a54090b8,0,0,0,0,50,0,10,50,0,0
6ff32ebc06fd38e48423d007289a5841,0,0,0,0,0,0,0,20,0,0
6ffa4123f4dd549790e4f30cad18025f,0,0,0,0,0,0,55,5,0,0
7065a12be55f2d80504af87e2d88211b,0,0,0,0,0,0,0,1,1112,0
712dcb28554b9021286790a65c99b441,0,0,0,0,0,1,1,21,0,0
7217b86f207517a6376ba22c8d6ead47,0,0,0,5105132221,2221211,1121,5552125,5221,152121,0
72308329e159eba3d54bbcff04af13af,0,0,0,0,0,0,5,1,0,0
729e0a0a75015a8908d0989386f4454e,0,0,0,757575757575,757575,7575757575,0,75757575,757575757575,0
73020dfcf9dcd10974ae464a18a1bf27,0,0,0,0,0,0,0,71,0,0
742129811b7450317b449b71bfaee558,0,0,0,1,0,1,0,0,0,0
74f4085f083da6e2fb68a1fa67d3846a,0,0,0,0,0,0,0,1,11,0
74f5fb4df2da56e83d9d1849743ae73d,0,0,0,0,1,0,0,0,0,0
7574f2af2577f06011489d104630350e,0,0,0,0,0,2,5151,11,11,0
759deb22d66cc71e3bf61207dcd43193,0,0,0,1,11111,1,11,111,1,0
75ff3a8340bc095f7dec5163742e5365,0,0,0,111,111,0,1151,0,0,0
76bc144fc096349e0c4fb475407cac4e,0,0,0,0,0,0,0,5210,10,0
76d9ebdabc9289f652367e82f2371dc8,0,0,0,51111113,0,3,11111,5,1,0
770413b5ca4e9f17b8452e7f9091dfea,0,0,0,0,0,0,0,1010,0,0
77368046c2b6346302c395082062a7c4,0,0,0,0,0,0,0,1,2,0
774cb3920744d8e3e46e10ca91902e88,0,0,0,0,1222,33222321212,55533122112,55552211211,1075322,0
77fd438c48683f0868f73565e23c750a,0,0,0,1,0,0,0,0,0,0
7869289304ece530465a8520d96aebde,0,0,0,0,0,0,5,0,0,0
787d13b4fa1a0abbaa332d1fc26f3cba,0,0,0,5,555,55,55,51,53,0
798ef28b37f853e4ac46257f28f15b44,0,0,0,0,0,0,1,0,0,0
79b864b3fbe496b0efac3197185124ad,0,0,0,0,0,0,55,1051052,1052,0
79e8b73d71bf5f250c4bada72e0adee0,0,0,0,0,0,0,1,0,0,0
7a80615fb26922948d633269d57a5e8a,0,0,0,0,0,0,0,5,2,0
7aa88a8f213887428df1ff0b913a6858,0,0,0,0,510,0,5,0,0,0
7b9150839a482d011c28d565ad4f00c5,0,0,0,10,5,53,210105101033,10105,1010105,0
7c57f55a076a925c577afb6d1f928103,0,66,0,0,0,0,0,0,0,0
7c5adff3a58730b7e6144c73aa4316bf,0,0,0,22222,2,0,1,222231,222222,0
7d5c2e0e04f42483da19c2d9e9c7746e,0,0,0,22,2112,3221212,233342235,0,523232,0
7d8186ef45fbbdb8a12e98af8a4fb7c5,0,0,0,0,0,0,5,1,11,0
7db2aa38214037279601a314071d1972,0,0,0,555,5555,5,525555,55555555,0,0
7e4d347e37c283a2e7efac30dd69e66d,0,0,0,3,2,0,0,0,22,0
7e7a99a5150f96f9e6a70420621284d6,0,0,0,5,0,0,0,0,0,0
8015be5ee6b42e1f454eb754108acf14,0,0,0,0,0,0,0,5,65,0
8027076adaa4e15f9eedfae792ac7990,0,0,0,0,10,55533,55,10,553,0
808b95c7008ba4241493ae938e63012e,0,0,0,0,0,0,6,10,7,0
80b542f4dfcf43f414ff02b7582aea1c,0,0,0,43,6,6,63,0,3,0
80f1d53e91f9e64526f17c7dc8a26595,0,0,0,0,0,0,1,0,0,0
812e4aeab96bdc421791649b5a18ee02,0,0,0,0,24,0,0,0,0,0
8139825121fb3d2878344213dc204324,0,0,0,2433,433343,4434322223322,0,0,0,0
813af507d5b794147b2a65bb7495d023,0,0,0,1,1,0,0,0,0,0
815715720a60e6f24a27fce7f2a0a5ba,0,0,0,0,0,0,2,0,3,0
81cf6ed160d05bf34082bc2b265ddc02,0,0,0,5,1,1,1,0,0,0
83041b23b6ad1c70326076d1210fa761,0,0,0,11,210511,2,21,10,52555,0
835d8cac5b996e80dad21f431730f482,0,0,0,10786,101010101,523222355322,211010107105555,205105353,1010555555553,0
83b2f83faba76ed481f026be3197caaa,0,0,0,5,5,0,5,88,0,0
84036bebf40d73012edfc4f9daf5744e,0,0,0,0,0,0,0,222,0,0
843a1553d6c7145505faf0eea42dde1d,0,0,0,0,0,0,0,0,52,0
84641995666e6e89f0999c9b30e0126e,0,0,0,2,0,1,2,0,0,0
84e623c16270221211fb37ffa49d5fda,0,0,0,111,1111,1,11,1111,1,0
8555642c235ef89ed91cc4c1328f686d,0,0,0,0,0,0,55,0,5,0
85895c8820fea2669cfe6bb13f2b3444,0,0,0,0,0,5555551051051010101010,0,0,0,0
8620a3b453dcb3ef9bf5dace430dd9ff,0,0,0,0,0,0,0,1,0,0
8663bfd18276d10d854ce2c2f7462f07,0,0,0,0,5,0,0,5,0,0
871e19e6394497355a61456fae44e71e,0,0,0,211,1111111,2,1,11111,0,0
87cd775edc9cfc4f401e6ff39f239833,0,0,0,0,0,0,0,5,0,0
87f0f2a0c4ed2d05ce5279799a6fd79d,0,0,0,0,2,0,6511,0,655,0
87f575e03fb0adef0f7bce5ca81568bc,0,0,0,20,0,0,0,0,0,0
87f59df582cae17f84d517252e18f4d0,0,0,0,0,0,0,5,5,0,0
883384afc9c916f697eb1d6d2487982d,0,0,0,0,0,0,0,0,6,0
885bc2d0556727f8b6ee192af12dbbf7,0,0,0,0,0,0,22,0,10,0
890628cc09f46ecbc15e2c1a6f0d171c,0,0,0,555,55,55,55555555321,5555555555,53,0
89097b4dd324551028fd93fa296320c0,0,0,0,0,0,0,55,0,5,0
8a1b06b0f08751225d248be27b671fe8,0,0,0,0,313,221,3,523,52,0
8a4cfb7794e8ccf384a7a1b0c9a964eb,0,0,0,0,10102,0,0,0,1010,0
8a91df1e337940cbe19866dcca2f48ca,0,0,0,10,0,0,106,105,10622,0
8ab2a9ff09c00cc01fc8990280dca730,0,0,0,0,0,0,5105,0,55,0
8c0d8fa70d64396434641a854c85aa62,0,0,0,1,11,0,213,221,122,0
8ce4fe811face4a69aaed5826e59cba8,0,0,0,0,7,0,612,101,10,0
8cfdf59322143cd5f64912932303207a,0,0,0,0,0,0,0,0,1,0
8d0762dd1e3f336c32fb29c9e07bf540,0,0,0,0,0,0,5,0,0,0
8d8472d39b270801553f2d5e7c06fe22,0,0,0,0,1055075101075355753557512252095165051755025157510755075,8107555157557525555501,1065105510510,5555010110,10105055502552,0
8e725d0d2061163d8b1e8b1e4ee50af1,0,0,0,0,0,0,0,1,0,0
8ed116a28f5d668d8d7952928370da03,0,0,0,0,0,0,0,0,11311,0
8f91d0c8064a733faac1f9b458db2ff8,0,0,0,0,0,0,0,35,105,0
8faa068f1432a947e929501632584ff7,0,0,0,0,0,0,120,0,5,0
8fffb9b2882a1d40e72a908345b2d48e,0,0,0,111,1111,11,11122,1,0,0
9017aea7b442570443e5a1ab8d16df5e,0,0,0,1,1,1,11,1,0,0
90a256613a34fff9fa4a673439ae61bb,0,0,0,0,0,0,21,0,0,0
9135d32e460f1607319ecd41d7e76ad6,0,0,0,0,0,0,2,0,0,0
915292e7b17f3394ec823f1584bd6e91,0,0,0,1,0,0,0,0,0,0
91712a30497a9d45e1be91a495780535,0,0,0,6,158,1510,0,0,10,0
91dce352dc436f01e4de9165a95393ce,0,0,0,0,0,0,0,0,2,0
923659db0ab915e85c7c0c6aa499a0b9,0,0,0,2,51,5,0,0,0,0
9257b8b54ff3fb0c807ce71d5e0fb3b6,0,0,0,0,1,0,1,0,0,0
927534e9609b7c4f8d70d56640216cf6,0,0,0,1,44,5431,5232,5232,522,0
92aa8f1efdf84efe91cf109cb0ca4d3c,0,0,0,0,0,0,13,21,0,0
9324793d25ea7ec770a033120d4d2254,0,0,0,0,0,0,0,22,0,0
9388e2c8ed6300c3c7138defbf5976e6,0,0,0,5,0,0,0,0,0,0
93c54997547ad2ee368728bc72ab5c98,0,0,0,1,0,1111,1,11,0,0
93d1fcde949a06c61c5105ab344c9804,0,0,0,0,0,0,0,5,8,0
94220dd56ffe14ec1bf5f13045a7587d,0,0,0,2,1,1,0,0,0,0
949e14e85d36002ffb954d42d3366936,0,0,0,0,1551151251151110211152121155552021125952035105255555910215522110255101525510510121536521011010110555351215595135352202255191055722023105101222115135522101131215,25522025210523201059132221255131101055522513515152132122133153551115211211111,101215115522155110210510310221055191025552522323101355458210255222138222512112252312233121112101111810310210105581031051010225510515,1552201109202101010222029828310201291102208910102021556231921012510210232011111053155112512511115531021255101082,18105205125120532520512010520102101022520101010511055510101029110510131055221032,0
954b260034de32a9b8e1a1f164a65e0a,0,0,0,0,0,0,1,0,0,0
95671f9600064798e6af7dfcef8f65a2,0,0,0,0,10,0,0,0,0,0
95ac85c80ab64e565eaeb12a71855f06,0,0,0,5105510523355251,22511051312125102112101112,115105222552532521251022,552222101025101012512422225158102212101025510252105232,10101035222525105221021010552101052222252251051052210210353521552113321010210255252102,10521021052102251021010225155510151010222,0
95c4c5fa10ba01f265ff94dc73ccd329,0,0,0,0,0,5,0,0,5,0
967e7da1a840da8729bb0d68cce183d7,0,0,0,0,0,0,111,0,0,0
9681bedc89c1a1cd446b7c20117af75b,0,0,0,0,5,2,5,5,5,0
96d972b2edfb5cf8c733f0fe2fa775a8,0,0,0,22,2,0,221,22212,0,0
96dc628ff21d7e6a547fb8f028333b15,0,0,0,1,0,0,11,11,1,0
977e4ee9367aa91169cbd8def5d603d5,0,0,0,31,5111,532,52,2,1,0
98d6bd332428680747175eefdb50a834,0,0,0,0,212,1,1,2,3,0
98e63b59327c457fea8e913650063f00,0,0,0,5,1,111,11,11,111,0
99a18d52271a77e3399223a5a83d0a35,0,0,0,55,553,51,25,1,2,0
99baf6a804c290e28611fa6a13e0c58d,0,0,0,0,0,0,1,0,0,0
9add9ec21eb9eefff97069a904cd9bd4,0,0,0,0,0,0,0,0,6,0
9b1f1319d74c6d9a38f0538b030d117b,0,0,0,0,0,0,10,5,0,0
9b711e39affb4e5a7a364787253d4c09,0,0,0,9,0,20,620,2020,0,0
9bb279511f001fb301fd7497ab94df06,0,0,0,0,0,5,0,0,1,0
9bc9ad5fb07dc3f3fe2ec04cb0a8b60e,0,0,0,55,10510105532,52,5255511,33322,105525,0
9c1b9f6d009bf32f4a978b98215763b6,0,0,0,0,55,0,0,0,0,0
9c802b6b329dc1e3ba6e6c655a21e65d,0,0,0,0,0,0,0,2,0,0
9d500033d4c2155507d7e6ab3603a913,0,0,0,105,153,7,0,7,1017,0
9d5311c379eff7df6239a6e74227138d,0,0,0,0,10,0,20105,10,2055,0
9e1731d7cdce3947476dd8106907535e,0,0,0,0,0,1,511,5,0,0
9e19da5eef4cce597645ed6914fe72f3,0,0,0,10,0,0,0,0,0,0
9e3c8e8815ca1bcdc77f122d1d68741b,0,0,0,2,0,0,0,10,0,0
9e60ea2c8103a42e6c65e2cc13482589,0,0,0,0,0,0,0,0,1,0
9eab2b32547a9e2edd911cef2df84deb,0,0,0,0,0,0,1,0,0,0
9f4c971e7ebfca008caa8c6559f75230,0,0,0,0,105,0,0,0,0,0
9f749fefe8713d42acef8b6787cca276,0,0,0,0,0,0,2,0,0,0
9f95d9c107a917925ad9cee2d99725ac,0,0,0,0,0,5,0,0,0,0
a05c10cc85fce3f16f5dd9fc123d0658,0,0,0,0,1,1,0,11,1,0
a1ce57e71f14d64d7f102472e78d8573,0,0,0,2,0,11111,1111112,211,1211111211211111111,0
a1e2b9c2faf456eece4bb507dd044fcd,0,0,0,0,10,0,0,5,9,0
a26e41a86ce1a5530f93dc0191d545f5,0,0,0,1,0,0,11,0,1111,0
a3434e3a611ba69b233514072ad2eb79,0,0,0,0,0,1,5512,552221121,121222,0
a360783134f70cae853024b5ed3f1ecb,0,0,0,0,1033,6,101033,22,0,0
a3b438055ab352c8f022d1d9347775ae,0,0,0,0,5,0,3,0,0,0
a416a48d15a1c7d7e57ad0da83e934ce,0,0,0,0,0,0,6,5,0,0
a4ace850f2dd3b34c4f16ae6174a5603,0,0,0,3083,3010101552,35106,35202015,3525155,5010,0
a57a742403515e5e416acc850e5f25df,0,0,0,0,0,20,58,115110,0,0
a5abc1bef66a5cef2dbd300f60845c9b,0,0,0,0,0,0,21,0,0,0
a5c7ccddc1ef3f3d955aaaaf8aa4e5c1,0,0,0,0,0,0,0,1,0,0
a5ddd6532ee69e06417a86cbe30eed81,0,0,0,0,1,0,0,0,0,0
a6346fee505ba4fa34c0f6296783bd3a,0,0,0,8,0,55,10,5,105,0
a6671618eccc37bedb264fcd246bb9fd,0,0,0,0,0,12,25,56,0,0
a708a800221fe9549be9ccbc5ee76337,0,0,0,0,0,0,0,1,0,0
a767eaaf936b76bd6f571ad03f72fb27,0,0,0,11,0,0,0,0,0,0
a79068d67f1dc86538183777a3588658,0,0,0,15151010,15152010,1515151010,151515151510,15151515151515,15,15
a79f2b6014730bd1031298841c8fef88,0,0,0,0,0,10,10,0,1010,0
a88cf429a820eb62f5859ad4369dd728,0,0,0,0,210151010,2056,0,0,0,0
ab11afafb1f13570f6265062759fa88c,0,0,0,0,0,0,0,5,0,0
ab3d4a44d25a6e05bd425f6ff9d69d72,0,0,0,11,0,1,11,111,111,0
ab5d9b194e2e2569ca9db37e75b51597,0,0,0,111,1,2,1,1,2,0
ab608dcb7ae6ba13441cc05cd94dc572,0,0,0,5852,65331,855,61055685657,1105512525,0,0
abc4c2804160a5bd6902571f4d5011f0,0,0,0,0,2,0,3,1,0,0
ac65d138775c58dabd6f0c898b3eca45,0,0,0,0,0,0,0,11,0,0
ac829cfd58ec2a571317745812a6014d,0,0,0,5,0,0,105,55,1055,0
ad1fbd266133d085a60fe6ae199a04d5,0,0,0,0,0,0,0,2,0,0
ad2d976ab96f286f9eda7c0bd1a76493,0,0,0,0,21,21,1,52,1,0
ad370ac7ada064864f1a1bc1b94b4a12,0,0,0,1112211211222434323222433342,222223224212125245553222225555552552221245422222,1234443332,35333,33332,235555333233223223,0
ad8f924faf85ae394cf5c8b22104ed86,0,0,0,0,1,0,0,0,0,0
ada450ad6b7d1d5d884ae44552c4ee42,0,0,0,0,0,2,0,0,0,0
ae6f649f7d0837c3fa25a1343de23f9f,0,0,0,0,0,0,1,0,0,0
aeb11c7cddc657783d2ce4fc7dc2baeb,0,0,0,0,0,0,12,0,0,0
af20d93bfceb8a2cbf10b79afd828c26,0,0,0,0,2,0,12,2,2,0
af66a61a98c385584e3fccfd8dcc5412,0,0,0,10247556352253,1010220103105255105526581,10203515855,55152,53105105205520510105,1053320201032323555262,0
afdd62f31cd38469219a34ec5d69c0c1,0,0,0,0,0,5,0,0,0,0
aff96389478c3c551ff5eff4fd98abcb,0,0,0,111,1221,11,0,51,55111111,0
b027d65390a0c725b9ce41e409f9797e,0,0,0,0,0,0,0,0,10,0
b053bbb012c17bbc54ea279c6d9fa034,0,0,0,3,51010,1015,15,151510,1510,0
b0859195b9650a7f7b1000de431bc76e,0,0,0,101055,1010105,101010,101010105,10101105,105,0
b130cd91df3e55bb333d7d023c248e9c,0,0,0,21,51,0,0,0,0,0
b1f0f0dc4ec89c96fb3aa81fd2abcda8,0,0,0,0,0,5,0,0,5,0
b2b49ba22889d120f7dd53a35ad50ae7,0,0,0,510,25315,0,11,1125,10211,0
b2ce302efbfd039ec196f08fd34612c3,0,0,0,0,1,0,0,0,0,0
b2d4046778a75a5cc6689adcd9becb84,0,0,0,0,0,5,3,3,533,0
b30b53ebc3474896e19e08b36a4f6751,0,0,0,0,5,0,0,0,2020,0
b330c23a1cc0734c69f1efbb299f17cc,0,0,0,0,11,0,1,115,11,0
b386c824e6604c23f2ac16b2909f289c,0,0,0,5,51,511,15551,555,5,0
b3bd0820dbe08e095137b100bfc9725b,0,0,0,0,0,0,0,1,0,0
b417d6fd8d35c5eb15b6d1ac0b06d454,0,0,0,1,0,1,1,1,1,0
b45981c573bce0223a1d2f0b97d66db4,0,0,0,5,0,0,55533,555551,5552,0
b4beb3d33fcb942ab8c581a0a5d97ae5,0,0,0,0,0,5,0,0,0,0
b58255356d9f7cb2fa991cf59c99028a,0,0,0,0,1,22,0,0,0,0
b5bb5da2527ef639a03cd945fcef3c54,0,0,0,0,0,0,2,0,0,0
b68370b72944502e1dc55c1a509a05b2,0,0,0,5,0,52,3,0,2,0
b687df66a7c6bddc1023db596c4f3c2a,0,0,0,33222221,1,1112,22221211,3221122111121,22221122211,0
b6d242ed579dd0b5996d0dda63fb53e2,0,0,0,2,3,122,1111,0,1111111,0
b7248e85b8f1acf643ee05f42d15dd9f,0,0,0,0,0,0,10,0,0,0
b8960b1f04ee62a00f6f838428ff3f49,0,0,0,0,52,232,35,221,3111,0
b898c1b222e56ec9e731b211a8878f48,0,0,0,2,11,11,1,21,0,0
b900dab55566225db39aa8bef291578b,0,0,0,0,0,1,21,0,0,0
b973768e8e526a2d71e94fdd1f3d6344,0,0,0,11,0,1,0,0,0,0
b9758f708b91bb7efe5d15d7e010652a,0,0,0,0,0,0,11,21,2,0
b9a3c0c50d4d15474e8ca0ea71ccc4cb,0,0,0,0,0,10,10105,2,2,0
ba41282293130bd2b1d7f9a889e6eadb,0,0,0,0,0,0,0,11,0,0
ba80542b8846e51220926f9cc65545db,0,0,0,21,2111,1,1,11,22,0
bb11f3fbacb6e366cf1834be06b99179,0,0,0,2,0,0,0,0,0,0
bbbdb2d558103ef660dbbdc1df67d717,0,0,0,0,0,10,0,0,0,0
bbc5bbab3ff7155ba85777175b039cd3,0,0,0,0,65,4543,86510,665,665,0
bbdeb7cfbc921d08421ac0eea4e32741,0,0,0,0,0,0,0,0,3,0
bd0cc5e96b24df6625fc68cbaf71b555,0,0,0,1535532015122105,55510352035113511025531201523215131013155511152,12010355325103102253511,1251555533332102,202103125511351251151095103352510520712101103510557155,56101055510151520156520105101010510101051020525551055532510105555151010,0
bd4d59633ffb8bd6fc82f3b4ada98fe9,0,0,0,5,5352,0,610,105555,5,0
bda07bd430770d8b4936c144e1523473,0,0,0,0,0,0,2,0,11,0
bdbe20afd6f96047256b974cc6f8417c,0,0,0,0,0,0,0,0,1,0
bdf75e0f8d6e8c10e9e8495654df21ec,0,0,0,5,555,0,555,5555,55,0
be7c7151ec52f28040f90ae376ee40aa,0,0,0,5,51,55,455,555,55,0
bf788cdc02f1915f178c186432c12be0,0,0,0,0,5,0,0,0,0,0
bf8a508a532251ad33273c1f2297e019,0,0,0,0,0,5,0,0,0,0
bfc81eddb3c8f5f4fb278089a24d3400,0,0,0,0,0,11,211,111,111111111,0
bfcd9dbf9cb952a184d7e5a4a8059df1,0,0,0,2,0,1,1,1,1,0
c01e10f2edcde3c23fc82bd74e85a402,0,0,0,232,1,122,1111,11,11111,0
c09d34bfd87a3c6add2e3c2f19d0854d,0,0,0,12,31,0,23,0,11,0
c0b9b69c2eec99a771c4fd592e2ac17c,0,0,0,5,2,1055,1515515,10,0,0
c0f3f7ec9ce6803dc47a5c34f02f78b4,0,0,0,0,0,0,0,11,1,0
c1ff15d5b8536c47a1f968ae4bd022c3,0,0,0,12,0,121,121,5,0,0
c2e8b398c13ac363a120ece735286236,0,0,0,0,0,0,2,0,5,0
c310c8a2a64c63c047e5c05c546aa57d,0,0,0,3,551,0,0,0,0,0
c35f8216e57ab23bec8abf126d795620,0,0,0,0,0,0,0,11,0,0
c3a650f55ebf0c79bd3a866ac8e250b9,0,0,0,0,5,5,310101010,20,20,0
c4b3d2beb32b7b06d5c0c639cca5dd46,0,0,0,0,53,555,5452,355,222212,0
c4c9e74f036ee5a46633de9eccd26b78,0,0,0,0,111,121,1111,1111111,0,0
c60b265895c30bb00c5884af76107a1c,0,0,0,15151055,5,552,20,7101510,20555,0
c67b3ee20a0147c8ff3e433347ca07f4,0,0,0,53,0,0,55111,1015121211111,75221112,0
c6c7d7f15ffb614fe0eab241d61dd684,0,0,0,2,0,2,0,0,0,0
c6e135a3da654d7a54843e5212a471ed,0,0,0,0,0,0,0,55,255,0
c71143375d930fc5b584cec62192d1ff,0,0,0,0,0,0,0,0,910,0
c78a4d471b35986569d8b1d3dc12d61f,0,0,0,0,0,5,5,1055,10,0
c808361ed68d9b6a4d4c119d76b7e14e,0,0,0,0,0,0,0,2,0,0
c85bcaee7ba741fc344b9574306f0662,0,0,0,0,0,0,4,0,55,0
c89e8f82a270cd071bd89b74b66fa216,0,0,0,0,5,55,55555,5,0,0
c8a2e29e96f44613f70d8357c939c15d,0,0,0,0,5,0,0,0,0,0
c8ce63b0fe9d15584712b2cb2630b0c2,0,0,0,52,0,3,23,5525,555,0
c9128a4fdeeb96cabd25402cbc411eb1,0,0,0,1051,2105,0,10101021,10552,1055,0
c99943fec381859fea1dd8885e57e440,0,0,0,0,1,0,0,0,0,0
ca36fc61e31226884796fb29d1ac795f,0,0,0,0,0,0,22,111,2,0
cac94bcebbe65e3a7d6bebdd6d9527e3,0,0,0,0,0,0,0,5,0,0
cba1948cc25a31637e66da0876547528,0,0,0,0,101010,1010,0,10,0,0
cc88c49f580c13600e99dfd9920d05e9,0,0,0,2,21,0,2,2,251,0
cc8d273c826b1c1a630bc259f84a9f5c,0,0,0,0,11,0,5,0,5,0
ce01acc546de76f431d42c29678c7014,0,0,0,0,5,5,55,555,55,0
ce2950165b881f40f96ac4159412ce8f,0,0,0,0,0,552,0,0,0,0
ce2a3c0ad196e73f3cd2ba9f82a2b504,0,0,0,0,0,0,1,0,0,0
ce8d936fed762bfa12912fb18915b802,0,0,0,222510,0,0,0,0,0,0
ce962b4f12082b7f910778ad457add61,0,0,0,0,5,0,105,52,2111,0
cf0566af26ea548a810c0b801bbee22d,0,0,0,0,1,1,1,1,1,0
d050863b5f44ea06dbabfdb8dbbd90d3,0,0,0,0,0,1,0,1,0,0
d1cb5f57375c3bd80239fbca00d82f2b,0,0,0,55,51,5,25,555,55,0
d1d1785fd3a15a110c8749bb62452a43,0,0,0,3,0,20107,10,0,0,0
d1de331efccb97becd19f12d17774a7a,0,0,333,53,27101,1552,1055552,55532,52252,0
d1e5e08ede262f80b75f13ef393f65e7,0,0,0,0,0,1,0,0,0,0
d284e1191d20b572d37e0d3eaff43e3b,0,0,0,15510,15109,101010,51010,1510151010,0,0
d29514c1942f86c2d62da4f6b758a598,0,0,0,0,0,0,0,0,5,0
d302d551390873082a868a0a15b76ea8,0,0,0,55,55,5,55,55555,101055,0
d3e013aa511a9cfa73d20b8c393a5fd1,0,0,0,0,0,0,0,0,15,0
d4216c721db2d641e58b6a3b3558a1e7,0,0,0,11,1151111,111121111,11121,235,21111513233,0
d443266a3c8c00ccf06549a16da45581,0,0,0,0,0,0,10,1010,0,0
d4ac2a69589b8102fba8695a72136e25,0,0,0,0,0,2,0,0,0,0
d4dd40a9fec3ec139a7b9fb2dc98c178,0,0,0,0,0,0,44,0,0,0
d54af3961d00eb3e721ce7cc7574e4b4,0,0,0,503030,10,10,10352015,201010,1210,0
d5b3f685fee264650b3de22f2bef0023,0,0,0,1,0,0,0,0,0,0
d6073d97172c1e840e4bf68c878b7909,0,0,0,205105512,30251522110551,3030105113,22202011011015,215015102,152157525,0
d636cef6d485bdf4827d87bdc7d8287e,0,0,0,0,0,0,0,55,5225,0
d6ac58a33580a04f7c8f98e23c0952a8,0,0,0,5,0,2,0,0,0,0
d95fa65324a7972dcb319e98a2cb05c1,0,0,0,0,0,0,2,15,5,0
d9b961170143b639ed40c1ec783fd8a5,0,0,0,0,755010,0,0,0,0,0
d9feb3a5fe99296b3fc9c717481e5449,0,0,0,0,0,0,52,510,0,0
daa74e4f9afbb374acc64969fe778808,0,0,0,75,10,0,5075,0,0,0
db289f9c0933b9a98b29385417989189,0,0,0,10102,0,0,0,0,0,0
dbbb4011c6cc809850aa01f8ff5fe922,0,0,0,0,5,0,1,0,311,0
dbee812ebc15f6c8a1357521f5fdda46,0,0,0,0,0,0,1010,0,0,0
dcab884afd6c1a13df78119714e9b76e,0,0,0,0,8530,0,20,2550,275250,0
dd3e7c30205eb7d1cbdd8e5bf4fe8e58,0,0,0,0,0,0,1,1,0,0
dd5253ea4772b427cc0e87ff6535b058,0,0,0,10,105105,10,0,55,0,0
dde8a26d505e144f6adea88761aad2f7,0,0,0,0,0,0,5,0,0,0
de52702a328d6e2af94e787741be8d7d,0,0,0,11,11,0,11,111,1111,0
deaa8e9304350368e7a1b31ca91e0966,0,0,0,2,5,0,0,5,5,0
df54f3cec9f5152d8e114e24368096fd,0,0,0,0,0,522211,5951,51,0,0
e016525e9ecc24678ac1c41b8dbbd67a,0,0,0,0,0,0,1,22211111111,0,0
e04722d49629bbee262f96938f8e2ab8,0,0,0,0,0,0,1,1,0,0
e0760f53a2674153062261e224db3f3f,0,0,0,0,0,0,55,0,0,0
e07c46807f5eeeb1fe0483b61b2470a1,0,0,0,222,332,11,532,531,52,0
e0acecc8cf10f8ad9cd58cf9522f3ade,0,0,0,0,0,0,755,2,0,0
e0f4d836dfa18fa4f0019135fee3afe6,0,0,0,0,0,0,1,0,0,0
e17407c2f6581dc7f32e9e3c30e6e64b,0,0,0,0,1,0,0,0,0,0
e190bddedee7e06e29f6720ad41c53f6,0,0,0,0,0,0,1010105,1055,1010,0
e1dda300da26ab86ce65d3d73d22ecd0,0,0,0,0,0,0,0,5,0,0
e23215b28fa80f17c43eabd46f0d9520,0,0,0,55555555,1010101053,10,5522,0,0,0
e31d77ffe221423c4b13b19adf7c044b,0,0,0,0,0,0,2,0,0,0
e385ffd1f08df54046f4ba10fd473f3d,0,0,0,0,0,1,0,0,0,0
e3c718b180566252b05be234c406b8c9,0,0,0,1,0,0,0,0,0,0
e3d71a45dab9774e00a7826fbc2fe7d3,0,0,0,0,0,1215,20101,20,0,0
e424e102c32e6848719f2c532a0d47bb,0,0,0,2,0,0,11,11,11,0
e4ab5d787687a66e1ca4b77aa74f78e9,0,0,0,0,0,0,8,0,88,0
e600b4fc2b156fd93fdaeead7b2c2fba,0,0,0,0,5,0,0,0,0,0
e603d0a2162141565d61abf66a9d00a3,0,0,0,112,0,0,0,0,0,0
e641c97201b0cf58e279c6d3bd19edd7,0,0,0,0,0,2111,2111112,211,2222111111,0
e6e75df2b841ac5382d086870a9b30d7,0,0,0,5,0,0,0,3,2,0
e70e570f19d93ffbd1385630a2351cc4,0,0,0,0,11,1,211,1,1,0
e73b63832cde75e8933fb3824bcca198,0,0,0,5,2,0,5255533,533,55555,0
e74c798d1a5986b9d84fb5e256a88d01,0,0,0,0,5,0,0,0,0,0
e7bfef3276f6c0027bb79e98ae7fcdce,0,0,0,1,0,0,0,0,0,0
e84b02cf91dcfcf8b78732e50bbdb677,0,0,0,0,0,0,0,10,0,0
e85fd21e8b6c3633b8bfe02df52072f2,0,0,0,2050,5,5,201010,0,0,0
e8e61689501241942130daf44a15824a,0,0,0,0,2,0,232221,55332,1,0
e96af5b3181aef489f9974c009a321a3,0,0,0,0,1,0,0,10,22,0
e96e9b4d8572b0622e89fef4b3270961,0,0,0,0,10,10,0,0,2,0
e9c6e3f904c96634fd6d65955ad51c0a,0,0,0,21,0,12,225,53211,5121221,0
e9da17d80fe1938c7dee8c900352d1e5,0,0,0,1,1,1,111,111,11,0
eab15fbe09440bdfee1c5d6f46125e77,0,0,0,0,1,0,53132,5,2,0
ead1690a52c3ce6f120c5135db86cb9e,0,0,0,0,0,0,0,0,22,0
ebe4b033e4166d39efdd510b4015fded,0,0,0,0,0,0,31,20205,0,0
ec1287a445f039ca711bfdba14034893,0,0,0,25,552,22,22211,222111,211,0
edacd917b738bacb8144233c880968c1,0,0,0,0,0,0,55,51,0,0
ee32cf0c7ba64fbe3a5570abdfa1a406,0,0,0,10555552135510535151311,10105532111,1555515255511555121551,1010551032213211111,55523212212,52,0
ee3713acf4da68cda726f61d3f1026f7,0,0,0,3,5,555,0,5,15,0
ef57d9742b9cf08c8685ae514178e8a4,0,0,0,0,0,5,0,0,3,0
f04430b1cc0970e71b82322a5bf1f70f,0,0,0,0,0,0,1,1,0,0
f0bfe44633863028b5519512c5177184,0,0,0,0,0,5,55,552,5,0
f240836f1fa3b2e43fb7b71116588131,0,0,0,0,0,0,0,0,1,0
f2f13b463129ad871d9cb5395cc4b1ae,0,0,0,0,0,0,0,1,6,0
f359060a93c6d3e5f517d61ab2030de4,0,0,0,2,2,5,0,0,3,0
f380b9c1ef1726a4f469d961155886a1,0,0,0,0,5,0,0,0,0,0
f42683f7dfa06b3b65838c9704da8113,0,0,0,0,0,0,5,0,0,0
f453fab8d37575151abbfd08d08853b6,0,0,0,0,5,3,553,51,0,0
f4548a50a823ff2282207e39dcc346bd,0,0,0,0,0,0,0,0,5,0
f4b57b7c5071620109141b6712acc28e,0,0,0,0,0,0,0,8,0,0
f4bfb18a62563f9746ca9298b9a781f2,0,0,0,0,0,0,5511,5,0,0
f50bc155abca0db49d377ff98013b313,0,0,0,5,8,84,0,5,5355,0
f6a55d5e804d7688316cb28a870dd0b4,0,0,0,0,0,0,10,1010,0,0
f6e3e4e70d26cb296461e33de68fe3a6,0,0,0,0,155,0,0,0,0,0
f77ba1e59dd4056f921b3a6ce520ba26,0,0,0,0,0,111,111121,1,0,0
f7e5d90e8464194308301a8f63a4678f,0,0,0,2110525121515,2555515551,255255222225552,52251,101010,5102525215552031052110,0
f7ef78f4840a88f33570306d09fb4e8c,0,0,0,2,0,0,0,21,1,0
f7fa92c8fd86d44e3645806076bb7d21,0,0,0,1,0,0,59,95,0,0
f899283864105a84dddb4da423d21a14,0,0,0,0,0,0,1,0,0,0
f89d6453483e44dbc00a7a09543a82e6,0,0,0,53,10,1055,5,2,101010,0
f8a8545878a557e135963c8abcaa4f08,0,0,0,555,555,5,221,5,0,0
f8b07823608b3c2bb804755b28e67b8d,0,0,0,0,2,2,0,0,2,0
f8f6f162438d2d1a4d0987cabe2b545b,0,0,0,0,1,0,0,0,0,0
f91073db9132fee6b2b78a71c323a01f,0,0,0,0,0,0,5,53,0,0
f9d3e41bc42777e69dc59dd8737f4131,0,0,0,0,1,1,1,1,0,0
fa04c725eaa47b6a282c1bc39f421784,0,0,0,0,0,0,0,3,53,0
fa711df8e919f3c49169912edc209ef5,0,0,0,0,0,5,0,0,0,0
fa8e90de40d413de5dc2c05bdf5eba98,0,0,0,0,0,0,6,510,1,0
fa992c6b5cf485bc1fd52316781197d7,0,0,0,0,5,0,0,0,5,0
fb2b27db26d91ff9ac948a77af5ec8ed,0,0,0,0,5,0,5,0,0,0
fc03b76767d7b230a4b5f69846dd1305,0,0,0,0,0,1,0,0,1,0
fc1a1fe57837b41d1d9ad2eac3f55cf9,0,0,0,1,0,0,0,0,5,0
fccd08025608a774a70885c965aa0c10,0,0,0,0,1,1,0,0,0,0
ffaa8955dcd8a0af7d148c10fd447fcc,0,0,0,0,0,0,22,0,0,0
ffc751bb5812fb7f262917605876f78a,0,0,0,0,0,0,111,0,0,0
