ACCOUNT_NUM.hash,package,ratings
729e0a0a75015a8908d0989386f4454e,Web Family Xtra,0
2f1d8e2ad12e57fce4419845e23ddcbd,Web Starter,0.175347222
0d4098a262a8bed6ac4253f42dfc5769,Web LITE,0.072916667
fac45c3800fe3b9a28cc124f692a9f4a,Student Package 1,0
f53c729fa6b9ce93c6b4bb190efe41b3,Student Package 2,0
c689edeb7bb9db36383f01bada12ecce,Web LITE,0
3bde4ff74b0a8852847af576b81d4e15,Web Family Plus,0.145833333
bd9ab5150e50824620e1b6d2c2ae972c,Web Family Plus,0.151041667
b45981c573bce0223a1d2f0b97d66db4,Student Package 1,0.105902778
e7c47bee636e0a186d00e24dc5e41857,Web Starter,0.097222222
8ce4fe811face4a69aaed5826e59cba8,Web Starter,0.236111111
5dca0a71aafae66d0aa373f80d97edeb,Any Joy,0
62a613f1489781af6178b5e56512a672,Web LITE,0.197916667
9e1731d7cdce3947476dd8106907535e,Web Family Plus,0.614583333
1bd43575ddbaa82140d43b155784808a,Web LITE,0.189236111
2ea6c5e59c02744c036fe8ff6cccfb7c,Web Family Active,0.875
2f5f7b35fdde12af6267f46b2daec2e6,Web Starter,0.651041667
60fc80e0cdc89975d474afc0fa42f6f4,Broadband Experience Package,0
e05362129a94b4d31412c7d22a11e057,Student Package 1,0.199652778
8ab2a9ff09c00cc01fc8990280dca730,Web LITE,0
c85bcaee7ba741fc344b9574306f0662,Student Package 2,0.322916667
0e3e3cabb8b653645ad4268f318a80b8,Web Family Plus,0
e72cc247a26a713976e1cf4fd20421fa,Student Package 1,0.006944444
ed6066e74dafeb5fcfde89ae6ad17ed5,Web Family Plus,0.916666667
61ad08bec55b984dd1acef4f0986150b,Web LITE,0.253472222
9135d32e460f1607319ecd41d7e76ad6,Web PAL,0.190972222
39af5478e4375ef1f2ec9fcea8c78840,Student Package 1,0
6cb73a4f1974baf343039aac0c589734,Web PAL,0.838541667
226641ab4771b05de162a82bc0d75bf8,Abhimaana,0.138888889
569e72d3c325ae35b273dc559169cac2,Broadband Experience Package,0
4a72c857ed2e06a70d6fccc57f27993d,Web LITE,0
81cf6ed160d05bf34082bc2b265ddc02,Web PAL,0.65625
2c16dc261d26ff7d4c7d1259b9e5d7e8,Web LITE,0
ee2a1d078dae54446c8b83e33455aa5e,Web Starter,0.119791667
72468a66915ec413e33079dd8cc383e2,Web LITE,0.138888889
01f29baefa8fabbd7351cc8260f56323,Any Flix,0
f4e698e818f5aa0ea68e4d2736b9a816,Entree,0
787d13b4fa1a0abbaa332d1fc26f3cba,Any Flix,1
28beb61a8e870d8635737d2e10b9d613,Web LITE,0
d302d551390873082a868a0a15b76ea8,Web PAL,0.921875
9017aea7b442570443e5a1ab8d16df5e,Web Family Plus,0.342013889
9e3c8e8815ca1bcdc77f122d1d68741b,Web PAL,0
f380b9c1ef1726a4f469d961155886a1,Web Family Plus,0.510416667
365e4d4f6d27f2618dcc8b09eab41d92,Web Family Plus,0.234375
0e0268e1e384b079cb5bd87b0199e607,Web Starter,0.677083333
62ec977241520b1a0d5b0b35fd8f7973,Web LITE,0
77d169b4e0a41e72cb4c6b99d7e78a29,Web LITE,0.105902778
f6e3e4e70d26cb296461e33de68fe3a6,Web LITE,0.067708333
086bd45995b95b46a7a7b9dcfea9d296,Web Family Plus,0
6e960ca70505ead10e577c298a80cf0b,Web LITE,0
0c61b4444535d58f3194444baea16bc0,Web Family Plus,0.185763889
d3cf8cdf13a941170093e613bed925a3,Web Starter,0.229166667
d6073d97172c1e840e4bf68c878b7909,Web Family Xtra,0
1bdb808b0067543eac37a8650abfeb46,Web Pro,0.479166667
80628ffc64c5c9a43b84a4f66a9aabff,Web Starter,0.006944444
b5ca2763e687b2b5cf70f3282822c4d8,Web LITE,0.005208333
954b260034de32a9b8e1a1f164a65e0a,Web LITE,0.692708333
4107bf73ad824d7c5bc2a38552cf7f78,Web LITE,0
a018da7b58628d06c6f01d499f0bcbb9,Any Tide,0.354166667
26fa4a17cd478fcf33c1abb76c473b4b,Web Family Xtra,0.979166667
56627b488c93d1a8cb5e53950d9958b7,Web Family Plus,0.916666667
ee3713acf4da68cda726f61d3f1026f7,Any Beat,0.451388889
d284e1191d20b572d37e0d3eaff43e3b,Any Tide,0
890628cc09f46ecbc15e2c1a6f0d171c,Web Family Plus,0.916666667
7d6779b49216f67979b3fadaff334d0c,Web Family Plus,0.791666667
7574f2af2577f06011489d104630350e,Any Joy,0.399305556
83041b23b6ad1c70326076d1210fa761,z Sales End_Home,0.184027778
7583ed8b58f2a48e5ffc63839fb005e5,Broadband Experience Package,0
3a240dcd129198ea601e037670f5222e,Web LITE,0
3b2758bf5cacf0fb46e7beae38b827f5,Web Family Plus,0
559698752629d71ade5b54e984e58978,Web Family Plus,0.173611111
6b22b5149c936bbe09e79479a08bcfa7,Web LITE,0
276ed6852f3e00ab8a3486fe88ce73ca,SLT Staff Web Family Plus,0.776041667
b4c9df482a91dfb58a9c3c38720c2679,Web Family Plus,0.833333333
5cc7bb934cc6aa2e25c9973af21825c7,Web Starter,0.598958333
21cd57093a47e621c150f57d2a34d18f,Web LITE,0.03125
f89d6453483e44dbc00a7a09543a82e6,Web Starter,0.302083333
815715720a60e6f24a27fce7f2a0a5ba,Web Family Plus,0.9375
447500d30e3425e510983e17798f794f,Web Starter,0
6184e258fc549e12c235a2bc10ae297e,Web Family Plus,0.0625
6e32d0a348d1ad246daa4104318d95b4,Any Beat,0.041666667
95e5076b7b144b65a98b2b0587330986,Web LITE,0.036458333
bfb7d1428bbb21cf1c1269e01add9b69,Web Starter,0.5
3c5f944ac7ca4dae15214e9a2a1fc4fe,Web LITE,0.473958333
0229633f66008af9de26cf997639b5df,Web PAL,0.796875
802dfb66008171c83b8c8ef328c61d11,Entree,0
e190bddedee7e06e29f6720ad41c53f6,Web Family Plus,0.875
d3e013aa511a9cfa73d20b8c393a5fd1,Web Family Plus,0.916666667
687b491bf6c2e01f7ce625cdbe82db29,Web PAL,0.197916667
9b8346602e41e448af8355cf74ddc43f,Web LITE,0.010416667
210dcb248ee4c4826bb2aa0a6b1a9c91,Web Starter,0.286458333
455670994ab29b5f74a089a71e46ca75,Web LITE,0.328125
d3c504e5627dd24df522ac1089f86671,Web PAL,0.079861111
b67e9ae8b128d76082bca87e1377c49a,Web LITE,0
1ac9cef55b7a012cf97dc32bf9d589d6,Web LITE,0.578125
c3a650f55ebf0c79bd3a866ac8e250b9,Web LITE,0.303819444
73be49dc0b94ec282b0c13e9bb71c83f,Web PAL,0.395833333
d239107b00b48f09a418d447765592e4,Web LITE,0.743055556
b4beb3d33fcb942ab8c581a0a5d97ae5,Broadband Experience Package,0
b3d5c12bcaa45ac6a96133d03f33785b,Broadband Experience Package,0
f8a36cffe447f3845a06a385a1d3e963,Entree,0
7db2a1da08542d03b0f6c5a83ca1d202,Web LITE,0.177083333
21e2a94960106171ac59b4a319087d42,Web Starter,0.548611111
4b1f7bfd0aa9b296e1b62885043a0167,Web Family Plus,0.078125
742129811b7450317b449b71bfaee558,Web Family Plus,0.118055556
bac04efa07cd80de912fc42bcc3d17e8,Web Starter,0.432291667
b65fefee971a5179158d4ab784714866,Web Starter,0.807291667
abf81e41ccbd84f2f2d76b249ee65ba3,Web Starter,0.291666667
66a495b16b6727035cc7ea73dc20dfeb,Web LITE,0.173611111
16ba7704ef69803d3d41ebde44ad1c06,Web LITE,0.107638889
0d59eb86d8e340c1a071e6901e85a49d,Student Package 2,0.206597222
a28570d88b6072fbacb0d00988b18ac8,Web Family Plus,0.463541667
352d3632a9aae5fd17e1efc85fdbae74,Entree,0
bd35f3fa69e24bfd9b6ddac5a728df04,Web Champ,0.744791667
ab8c3170ca6610a4880fb33d4eabd8c4,Web PAL,0.260416667
3ac8ee29046417f579c1a8030f0e57f5,Web Starter,0.048611111
50fd812f3a1633eb98074d45ff427d1b,Web Pro,0
03489485bb11b7474395412e1ecd952e,Web Family Plus,0.453125
a82f1ccde9bd1c8a494ba21042be5bf7,Web LITE,0.541666667
6666ee9abea94fe9b425170976310579,z Sales End_Xcite,0.958333333
5e17e5e9e9ed40a9414df088089dc7a9,Student Package 1,0
033bfca5a6ec3efe628326fde56c6e14,Web Starter,0.442708333
9388e2c8ed6300c3c7138defbf5976e6,Broadband Experience Package,0
c0f3f7ec9ce6803dc47a5c34f02f78b4,Web LITE,0.494791667
0ae4252edfe28954eeb5c78058cc4e45,Web PAL,0.770833333
cba1948cc25a31637e66da0876547528,Web Booster,1
e0e16275eab60ed6f36ffc21f09a5844,Web LITE,0
621bc7797ac66ab752b21d821212b013,Web Family Plus,0
4e30072320e0cc5102516ac0f83dac32,Web Family Plus,0.220486111
76d9ebdabc9289f652367e82f2371dc8,Any Beat,0.505208333
1186aaba03e18b3dda89c75d611e8116,Web LITE,0
3bc61b93cea92e9c79c8eb1a07f8c5c5,Web LITE,0
41eb0e2cddc221c0d36d27d1a1b9426c,Web LITE,0.116319444
b698662a793529c2855f4b571b89165b,Web PAL,0.177083333
ef32c49fffe55b47ea6285e266a75694,Web LITE,0.309027778
727e922dedd96f27825622f0591ac619,Web LITE,0.100694444
c3f7e8501c14c77f67f830dff50f6365,Broadband Experience Package,0
e9c6e3f904c96634fd6d65955ad51c0a,Student Package 2,0.427083333
dbee92f5b3f3d6bd915438379b06dd1a,Web LITE,0
949e14e85d36002ffb954d42d3366936,Web Master,0.854166667
c78a4d471b35986569d8b1d3dc12d61f,Web PAL,0.515625
af69a78341703191f3de5bf6cb299465,Broadband Experience Package,0
56b6ed37e0621100f8768b156fa7b14a,Web Family Plus,0
370388c74ac6c26daab046792aec7769,Web PAL,0.520833333
463edb7ee3679ae39fb71adb963d12a6,Web LITE,0.53125
662143b6776fd4b30e7d4b1a78a39768,Web LITE,0.378472222
488e1fcdb687d4745c863bf8df7b458f,Web PAL,0.833333333
a16e265b659ee82dbded359eb1630985,Web LITE,0.109375
ea49013d4875ecf1c1669bc7d709c8e4,Web LITE,0
ce1479b8057f64eb01d40dbbde2c4a8a,Web LITE,0
7069e342b0c8d654186b23a082eff0a0,Web Starter,0.677083333
d765222ea40ea5c392a74c56c7496fbe,Web PAL,0
38b2614973f3729c7c0afcf96f3e6657,Web Family Xtra,0
5d9dca5108d2a8cffb365bf0c9b8d458,Web Family Plus,0.916666667
cbd0ec20425b77fb80a753af4a8d895e,Web LITE,0.076388889
49e35911791c4d8b5de0ce3e031d182d,Student Package 1,0.126736111
5d94a1b8d297860a43e1ddc0293278cf,Any Flix,0.296875
4b9af272beef497a56eb5f960281c3c3,Web Family Plus,0.875
7065a12be55f2d80504af87e2d88211b,Any Joy,0.802083333
a24a64840eefe80e019dbcba52e43c71,Web LITE,0
b9f2d5bd898fdee0e7deae11a6d9f586,Student Package 1,0.401041667
086c36a66f685f1111cc6ff7421f04f8,Web Starter,0.484375
5b99845af0774eedd0b0042255fc0cce,Web LITE,0.210069444
b7248e85b8f1acf643ee05f42d15dd9f,Web PAL,0.84375
ac995bfd837f4a666a36a4684493ec2c,Web LITE,0.395833333
906c300626a8c54959f953b386220d55,Web Family Plus,0
07f51c2fd256cda27d107f7c0a19019c,Any Flix,0.979166667
77783b6b026d45d290558265df7de337,Web Family Plus,0
e7bfef3276f6c0027bb79e98ae7fcdce,Web LITE,0.381944444
977e4ee9367aa91169cbd8def5d603d5,Web Family Plus,0.59375
5f7765db55f94205964f6ba83cc7ea28,Web Starter,0.402777778
f86f6ed976592b4a7f27d11d27fa4091,Broadband Experience Package,0
3a5d18f9869154219008b298d466fe88,Web Starter,0.618055556
e016525e9ecc24678ac1c41b8dbbd67a,Web LITE,0.090277778
9c3d4573bc4ec3b13fece03acb36986b,Web LITE,0.411458333
7c4d48b50e8a010086b0f9dae74dd9ed,Entree,0.057291667
9d321a8fb656c622471696a2bc758f5c,Web LITE,0
9e19da5eef4cce597645ed6914fe72f3,Web PAL,0.232638889
69cfc0b43f9c40410b85d1c844eb90a8,Web Starter,0.765625
c148b260600621385036a5c7c3a9b13f,Web Family Plus,0.375
d775fe395d1842e6dfbed53720732d11,Web LITE,0.463541667
9dbc0644cab80d4ffd2ed766e6129660,Web PAL,0.609375
aa912c4d4956432273d96d86698fe893,Web LITE,0.114583333
6a02dc3d96bb23927f2e431cdf91b25a,Web Starter,0.345486111
9d2f5d0f09198069413924db9a10d1c3,Web Family Plus,0.399305556
0a51c034ddd90f3dd18f2180d0027646,Web Family Xtra,0.916666667
4c68d8194d71484592853da65e3c28a2,Student Package 1,0
94220dd56ffe14ec1bf5f13045a7587d,Web Family Plus,0.364583333
eefbb94b21717895e030be214a81e443,Student Package 1,0
3c502de03c83a5ab2b0611acea658f02,Web PAL,0
16195d6ea26221cbf854e51521778d07,Any Joy,0.085069444
296a3019fe9e13a6b2414a7f1f24651e,Web PAL,0.010416667
f9d3e41bc42777e69dc59dd8737f4131,Web Starter,0.260416667
276dd23beb90c75a95dada62490cd142,Web Family Xtra,0.197916667
4dc580d935b3ea0e73a38c74abf31740,Any Joy,0.151041667
e17407c2f6581dc7f32e9e3c30e6e64b,Web Family Plus,0.151041667
527bee55410e283d6f39f8f333688afd,Web LITE,0.199652778
70e0cf7c9948a51b68357ce9cb9e5058,Web Family Plus,0.074652778
51656811642244c0088c3a48c415acb4,Web PAL,0.052083333
57789b66b39aed309cd52345e4332cb5,Web LITE,0.251736111
52e7c04d12cb33c77031760584a9586e,Web Master,0
585c061210db2ec30816acae534b0431,Web LITE,0
44115c9e000a5947c1f515a8e959f761,Web LITE,0.060763889
c3b10e6cfe7e5bd2bd9659dce5b01333,Web Family Plus,0
02bda578c6252a455845788de8766d69,Web PAL,0.697916667
8f4b32b951ae23068e0b536ac887a5cf,Web Starter,0
690534cfb7ce9e883e7a2156822a79b4,Web LITE,0.178819444
a680a155a6a24890b6c3ae8c94870ad3,Web PAL,0.359375
0428ed3b8393d8dfb8ff616d8cad7e15,Web PAL,0.211805556
268149853c4ab63714b8b72c196d398b,Web LITE,0.604166667
62bd8ebb6ff7c3676ef87c700ed15758,Web LITE,0.447916667
9c2f2da142c4ad4b8f24e3e3e2b93be6,SLT Staff Web Family Plus,0.770833333
b281748996ed0ffd220f33b2ffffe3a8,Any Beat,0.25
3dfef04ef41e3a36d3474f8c27123fa7,Broadband Experience Package,0
6da79766c57e021ac88dde68805bb2b3,z Sales End_SLT Staff Home,0.260416667
cefbe42bbe04263069a50f0cedf46279,Web LITE,0.401041667
2eca1f684f6a5d6037f9f76c3e291324,Web LITE,0
24bfbfaec2e2087b143006a0d8821a07,Abhimaana,0.072916667
774dc3b83ad4206d606eb9d6e0cd61c0,Web LITE,0.588541667
719f2691cdcfa7bf910e12d8ed681430,Web LITE,0
955d85e4155cbea0a3539f2f69ee1e38,z Sales End_Home,0.84375
7aa88a8f213887428df1ff0b913a6858,Any Flix,0.064236111
8dc9cff7d04b2aa584987ce723aa8dad,Student Package 1,0.074652778
5285d0b42789bc9ca23c2b10b1861071,Web LITE,0
5e3aafebf2d2870663cf0b4db380bc93,Web LITE,0.1875
da01cc6de13234534379e0424b72745b,Web Starter,0.157986111
f090fb442ca3949264f46a455fee7fdc,Student Package 2,0.241319444
63668d395005d8ab57e9578c744800c4,Web LITE,0.194444444
c0a88f2479212769ade8a150e610833c,Web Family Plus,0.59375
066323e15583647d5102a831aa53aba7,z Sales End_Office,0
dba737b29330ff976f996c0ed532c3f0,Web LITE,0.199652778
1570296aa594bcb2f18af36c941f7136,Web Starter,0.581597222
4359778723049a27b7de3710103410fe,Student Package 1,0.34375
bfe4aff48b39bf352f7b5b88b0223052,Web LITE,0.567708333
34d5b9f153dd0cf51493dc75a67bf7e7,Web Master,0.911458333
fbfdb60177fd5265eb5f0dc6a5f786a6,Web LITE,0
f914d14f1f69c4d0e5edae1e10b74a0c,Web LITE,0.145833333
1d37487e1a255b2fc890ba502613af24,Web Starter,0.645833333
f530fa175c025159cdd33507a7f3d426,Web Family Plus,0
4b49c1b47d4058564fd608c0b218290c,Entree,0.154513889
54c9ca66692737b061241af954393153,Broadband Experience Package,0
65cce651b98a11d800b8a7222b59d48f,Student Package 1,0.149305556
3cefbbcdb285819f2918aacd618b36ff,Web LITE,0
bb5ef0231629690dab36f1552b70770b,Web Starter,0.072916667
e0760f53a2674153062261e224db3f3f,Web Family Plus,0.921875
0343a21cd63098883687b660b665d3ee,Web LITE,0
58731d05cb1202eee96142ae3c43185d,Any Joy,0.239583333
8253331c282b15c0ec336141a71bb428,Student Package 1,0
387e51b4318301d87293fee085b09d42,Web LITE,0.291666667
40417b6bf0445bda685b7e4f26bd849c,Web PAL,0.802083333
c7ac875d9d22beb42ecc6f641e749567,Any Joy,0.364583333
1d3867506cf21bde45bfa05a30476ce6,Broadband Experience Package,0
561765580fd11861e535c2d10e6f4126,Any Joy,0.005208333
3a4c511838c35fd79cef93fc0a9d1236,Web LITE,0
44224bc1e2e7101c90bbad70dbcc5a6c,Any Flix,0
1720696a0cc0328d0bef44d8bc538f8f,Web Starter,0.53125
f0fd9b5c9e3bfe5e4175264d0506d341,Entree,0.520833333
9b711e39affb4e5a7a364787253d4c09,Web Family Plus,0.875
ee7a281deefadb6ed5ab9eb6a497fdf8,Abhimaana,0
923659db0ab915e85c7c0c6aa499a0b9,Web Starter,0.776041667
62792947cf07417aac4ffb4b80fb66e2,Student Package 1,0.402777778
1e9ce94bff39a12fb81791da5e46c5d5,Web LITE,0
c4cdbf78ef3d51bc7877a0ad444bd245,Web LITE,0
fc634f2827c53ca663b3dd974acc6a0c,Web LITE,0.069444444
f4fbb505ab38dec40e123a0f1badd228,Web LITE,0.744791667
90a256613a34fff9fa4a673439ae61bb,SLT Staff Web Family Plus,0.701388889
65ce9d0763b58b9750bf8a8a464cb47a,Web LITE,0.53125
932f6817736c16f922247ffbc4ee5a6d,Broadband Experience Package,0
dd596ae893293795f843346230b7c3a5,Web LITE,0.121527778
f2181e4715959582916d6ac54735c1eb,Student Package 1,0
04a8a3dedaecb4eef8998f146952cdbb,Web Family Plus,0.095486111
df54f3cec9f5152d8e114e24368096fd,Web PAL,0.536458333
5fd4008dfb0c4c1ec262366c3ca826be,Web LITE,0.328125
c68667b1f27b1d6844cb1c670e2d0755,Web LITE,0
8a5195e86fa4439113e96300694dbd95,Web Starter,0
1702697759a3ecc980b0b6e0624b4374,Web LITE,0.53125
ede45f415a9c8c7c0ff7580af241c2e3,z Sales End_Home,0
b687df66a7c6bddc1023db596c4f3c2a,Student Package 2,0.375
59600c518e06137a7cfce173bb795123,Web PAL,0.560763889
f2291ef84e409b5237fe4f2fa55613ae,Web Family Plus,0.060763889
dd4370f9b5dc919f9869f092b0fab76c,Web PAL,0.119791667
c454c58952c9380f8729d124925f9d0d,Web Champ,1
ba25e1286ffc8426562e04c54730e70f,Web Family Plus,0.487847222
c38262bab4b90baad59b941003dab510,Web LITE,0
cc7d16b0e029443d0fadd6c2b903b546,Student Package 1,0.324652778
c4b3d2beb32b7b06d5c0c639cca5dd46,Student Package 1,0.630208333
af4715a7563a0b1fdebcd5c5ecbb88a0,Student Package 1,0
7c5adff3a58730b7e6144c73aa4316bf,Student Package 1,0.170138889
1dfdca56f88f2edd7db6bb009a32aa15,Web Family Xtra,1
119204faf1524da9eb0a705a7f026ca5,Student Package 1,0
b5ec87b9e21962ef5cb9788b1843aa84,Web Starter,0.666666667
fbc3bb19ac95cf245f78b7ac686e4ddd,Web LITE,0.072916667
9681bedc89c1a1cd446b7c20117af75b,Web Starter,0.661458333
40b83b2408241641beda57ccda54ea1f,Web Family Xtra,0.755208333
e91653e30dcb2758b561f48fa410a1a9,Web Family Xtra,0.355902778
809e2607f6d98250b331f94070007001,Web LITE,0
f4b57b7c5071620109141b6712acc28e,Web Starter,0.114583333
fb2b5b3b84aebc38552057b4488ba0ad,Web Starter,0.578125
8b638f7a0abe531d4255cabf28c4d826,Student Package 1,0.137152778
3588bcf2b85e15cab9371b4dc1af23be,Web LITE,0.267361111
1d50cd25bc99a31202e6f4c79d0e2f01,Web LITE,0.215277778
ce2950165b881f40f96ac4159412ce8f,Web Starter,0.411458333
2a9df80810bc200c1ad3613d8eefd53f,Web LITE,0.251736111
cc94c57867407f733d7160afb15f7ef5,Web Starter,0.473958333
25e6e2871bd9e32697f383a060b5dc52,Web LITE,0.078125
d9327013392b715deae9b76c15957238,Web Family Plus,0.8125
ad1fbd266133d085a60fe6ae199a04d5,Any Beat,0.21875
56923d44c388c23bb5574e13dabc4d19,Web LITE,0.625
42c1b2886070be82b961acee7c05544f,Web Family Plus,0.015625
d22c9bc9f2c02d6f8f0b9dd356e81229,Web LITE,0.315972222
0c3b78f94d54d814d6324f8673678aa7,Web LITE,0.539930556
f15b69d428aac53e3fd413399fc2da27,PACKAGE 1,0.164930556
bbdeb7cfbc921d08421ac0eea4e32741,Web Family Plus,0.430555556
0f9d00f4d16206b6fbd1a36efd62a22e,Web LITE,0
0866e1a199b053b6762e99c9f7cacd6b,Web LITE,0
0bb7578df4cca43189acebbe179ca42c,Entree,0
b2ce302efbfd039ec196f08fd34612c3,Web Family Plus,0.979166667
12d21c77b05d5952636c8bd916380c4f,Web Family Plus,0.335069444
2a060fe8c46e824806ae9550c89c4375,Web LITE,0.59375
f8f6265d765d85df2f7be3a1e8337495,4G Basic,0.175347222
712dcb28554b9021286790a65c99b441,Web Family Plus,0.041666667
04bbb025e0f05babe509b5b4e1eb8f68,Web Starter,0.494791667
099f3123ba012ba1d09237b0f6874e02,Web Pro,0.895833333
5442aafe8af2df74c7091ad5db81bc76,Web Family Plus,0.78125
31e60d049f1c2792fffc5c0fdb63193e,Web LITE,0.458333333
6ffa4123f4dd549790e4f30cad18025f,Web Starter,0.503472222
0d13cae5090bed00d6cc45b8ff9bf12e,Web Family Plus,0.901041667
441f52150c8ed81640f369778875e483,Entree,0
53cf04240e64e13e0239026b1f57367f,Web LITE,0
3fb47f0196e384c13045d8937d7b8155,Web LITE,0
4526ea057a7e9eda60fdf31c1b54f84a,Web Starter,0
3c2f12cb056e84fc1149af42c4d0d151,Any Joy,0.322916667
32ca2c171abcf646f3217751740f653c,Web Starter,0.682291667
2bf168220ef94f109948df09b551b139,Web LITE,0
13492052229a47904c3c8713a0280201,Web LITE,0.397569444
d29514c1942f86c2d62da4f6b758a598,Web LITE,0.3125
46be3f7b8b5dc028e47236c4ed6c588c,Student Package 1,0
67a2a166edc24b4f6777db254dd50503,Web PAL,0.421875
17e06260816696045f8c5b232c629022,Web Starter,0.395833333
42b90109a2d00e2229e421ca1e4a8f8f,Web LITE,0.442708333
39647e3f9f927df1b3733ee65d482ae6,Web LITE,0.168402778
be5f0a96a883fb6fad0591a4d24154d5,Entree,0
88c14020a9be89e2432646d17ba7110d,Web Family Plus,0.435763889
4c045e2bf5e9484dfad65c963caee8aa,Web Starter,0.25
0f4a5e369a4420219964435ae58f5489,Web Starter,0.640625
af62d52e9ba41faa64c7fb655917c731,Student Package 1,0
5822303f1d9c5a0b792328e74ad09613,Broadband Experience Package,0
bf78e2095cf651079371509433d09412,Web LITE,0
abf6aa85a5540031e63d38ada04ce8ac,Web Family Plus,0.640625
d90c8d8e2e734dc136679d03a3e10694,Web LITE,0.25
0e33abf80db5a53508635d5c87a66f6a,Web LITE,0.267361111
f9d084696a16cd0ec64b5e0663638546,Web Family Plus,0
9fce826648474e440ea54ed0de150e5d,Web LITE,0
daa74e4f9afbb374acc64969fe778808,Web Pro,0
a4025297136f28dce5916f32d1354d24,Web PAL,0.166666667
95671f9600064798e6af7dfcef8f65a2,Web Family Plus,0.604166667
e663fbf3213003f51afef0eb6a2c665c,Web LITE,0.310763889
f04430b1cc0970e71b82322a5bf1f70f,Web Starter,0.211805556
0eb900938bb700f62335d6a30deb1416,Web Starter,0.064236111
fc1a1fe57837b41d1d9ad2eac3f55cf9,Web Starter,0.661458333
2c98d4759ee2eca3f2d966be8739c1fa,Web PAL,0
b74ee32acd4fba52aabbdbe95d2e028b,Web LITE,0.583333333
15d49615ea4b0ad7572e8d10667d23cc,Web Family Plus,0.197916667
7d5c2e0e04f42483da19c2d9e9c7746e,Web LITE,0.010416667
ad3e1509a6b796cf239c672206bb0e3e,Web Family Plus,0
0be59dc046f0cbed83ddb8af3ce2816a,Web Family Plus,0
36860211e8c3eb8efbf5729feebabdb8,Web Starter,0.140625
a79068d67f1dc86538183777a3588658,Web Family Plus,0.348958333
c4239ca598d9f05d57fcb76ed40887e2,Web LITE,0.064236111
f0bfe44633863028b5519512c5177184,Any Joy,0.157986111
23353359b6d09e32771c926f0b706c22,Broadband Experience Package,0.197916667
cde92ed901d3b267e8c5efec52e13e13,Web LITE,0.123263889
15073df2d038e3b09b94098a44d65f30,Web LITE,0
82e719a1d750d1d127cf505e61be451d,Web LITE,0.21875
b898c1b222e56ec9e731b211a8878f48,Any Beat,0.197916667
9132197b82376dbfcbda2faf35b080b1,Web LITE,0.262152778
6d085bf684ebd2d0318c7ab499936410,Student Package 1,0.185763889
ad2d976ab96f286f9eda7c0bd1a76493,Any Beat,0.052083333
ad370ac7ada064864f1a1bc1b94b4a12,Web LITE,0.041666667
c4ac63230a5bfe4db6f7d4b4ea57d94a,Student Package 1,0.111111111
311322c036fffd1b5b42bc4694fbe0d9,Entree,0.262152778
3b2eafe15e5b5998f478ca4f8fcc08bf,Web Starter,0
2605355ca7519820c2de710cfdee166a,Web LITE,0.222222222
90b2dd5e18b65d4011ac0e7549c645cf,Web LITE,0.364583333
23f73bc2d57f3e82a410524e75ba207b,Student Package 1,0.064236111
9d16ff7c02b9df761561c1e63f228877,Entree,0.076388889
7fd4399085bbad273a1d99eba65745c5,Web LITE,0.197916667
3db651a2a334c57fdd44f73602d5a9f6,Any Flix,0.175347222
c5eb48149925e132a92d3daa77731b33,Web LITE,0.609375
0fc402a5a32a7f6adb52268707e1597d,Web Starter,0.390625
04ca121de287af15c2276e2d31f21894,Web LITE,0.140625
99d185890f3919d557b4483db97eb1a2,Web LITE,0.447916667
f4548a50a823ff2282207e39dcc346bd,Web Starter,0.59375
2e3aeb5561f7a9f02cc4d22b74c98a53,Web PAL,0.348958333
ff6a9ebde4f19c42c852aa679c877b41,SLT Staff Web Family Plus,0.770833333
4777d3f7a35ff5bf2fe138dbf0c81304,Web LITE,0.262152778
d0f6a8ac95453f3805c1f102e252e3ea,Web LITE,0.296875
446b44a4a65b65b4cf09e783683b4df2,Student Package 1,0
92ad3098472fe39d7f275b51b8b143eb,Web Family Plus,0.177083333
5bacfb2cce2c7b3de15a2a6abed7ab81,Web Family Plus,0.666666667
bb8488ef97f9f3ee8cde126452f35f00,Web LITE,0.078125
dc2848cfcf632679a3928ed71017c494,Broadband Experience Package,0
dda37eaaec4b2895d9681f934ef36e20,Web LITE,0.272569444
c7b9fb35ba19b7d5931a58bf1ffa4fa2,Web Starter,0
ec1287a445f039ca711bfdba14034893,Web Starter,0.677083333
d9fe6496b337dbdaca2e70b71dd55898,Web LITE,0
6ac03e7e4d74143eb92f232fc23ca1f4,Web Family Plus,0.109375
05968c6264decf938afda7899ba03f8b,Broadband Experience Package,0
edacd917b738bacb8144233c880968c1,Web PAL,0.451388889
58ee75507f0418310f64523bff0efab3,Web Family Plus,0.572916667
b027d65390a0c725b9ce41e409f9797e,Web Family Active,0
f240836f1fa3b2e43fb7b71116588131,Student Package 1,0.479166667
e05e8d02588ba08e8b2de7fd248b3e14,Any Joy,0
0fc3549886e9eeccf0d9eb80c89e4c3e,Student Package 1,0.059027778
7f0f422a19374803ca39269a3fe96b9f,Web Family Xtra,0.6875
bb5e10dc1b2987cfdec96ec3703bea2b,Web Starter,0.324652778
713aa417c219621eb60e65c2f05d3d22,Entree,0
af1d8f7de3344757b57be91b6132ab22,Web Starter,0.182291667
47d3bf8a16a965d3dd70df42c0b578fe,Web Family Plus,1
72b7365340c44fa53ad83a0266b31e17,Web LITE,0
a4db90edb6fccad1f356b0c287d94259,Broadband Experience Package,0
4e011f92d67195f03b959d879929d125,Web Family Plus,0.520833333
e385ffd1f08df54046f4ba10fd473f3d,Web Starter,0.473958333
02059e815d999bda708149ae263946d3,Web Starter,0.520833333
afdd62f31cd38469219a34ec5d69c0c1,Student Package 1,0.442708333
d4ac2a69589b8102fba8695a72136e25,Web PAL,0.447916667
808b95c7008ba4241493ae938e63012e,Student Package 2,0.465277778
a79f2b6014730bd1031298841c8fef88,Web Starter,0.078125
5a6b9dc443378e9eae3b63b1f6347a59,Broadband Experience Package,0
79e8b73d71bf5f250c4bada72e0adee0,Web Starter,0.324652778
409fa135f96342c27db0b0284b733112,Web LITE,0.020833333
ab3d4a44d25a6e05bd425f6ff9d69d72,Web LITE,0.083333333
2740366fe8e8525e4734076ed2c55b74,Web Family Plus,0.770833333
315feb52cb4ccdc70e35bc8a21056716,Web Starter,0
1eac1995044abc023352b7feb8b3f7ad,Student Package 1,0
45c6303ce35d61897c423b4d61d952ac,Web LITE,0.121527778
0d52faf05083bd5a699211d77af1750f,Broadband Experience Package,0
d3099d3fb50e694aa47899f9e59b0cd1,Web LITE,0
ed5f680e7c5ad34c67c75d85074f4d3f,Web Starter,0.671875
701386e60c78ce13a256b7ee56ecea73,Student Package 1,0.355902778
7869289304ece530465a8520d96aebde,Web PAL,0.505208333
8371024ec4260d1d6171fac5522b5dbc,Web Starter,0.102430556
a5a2c3a0e87115239a592492f54343e6,Web LITE,0.319444444
cc88c49f580c13600e99dfd9920d05e9,Web Pro,0.161458333
06623c7ba64331f615ff83c5664b71bb,Entree,0
c62e5676e12c35c55c8a400cb47c7341,Web LITE,0.411458333
0af54aadb6f99ea7dba03d4bba175478,Web LITE,0
9886d2e4e61e33d0a4388667c7bfc68c,z Sales End_Home,0
dd5253ea4772b427cc0e87ff6535b058,Any Beat,0.3125
45617990723c8a9977ebbf5ca914124d,Web LITE,0
b7e5670d9db6445e987f0cb34a891696,Web LITE,0
1cd43c733ac5e5aad81399a6b0d730de,Web Pro,0.458333333
e7708ecc98d9199fcfb5154a93ec5413,Web Starter,0.355902778
d1d1785fd3a15a110c8749bb62452a43,Web Family Xtra,0.171875
8c0d8fa70d64396434641a854c85aa62,Web LITE,0.03125
226bcbf5205f654ced1b49cb2b5a6aa2,Web LITE,0.166666667
277fddf52dbbf55506a09f6b71c1eeda,Web LITE,0.027777778
a4a40f8346e74156248cda92c76ddfce,SLT Staff Web Family Plus,0.107638889
f96d49e067603a0025f815ddfab02121,z Sales End_Home,0.267361111
50cf8d74511fd6337cbef6cd5f8fb12d,Web Family Xtra,0
36363c96505393b4c5525350effde07b,Web Starter,0.159722222
6b4bfa1e32f513071c6b138a86c3bac9,Web Starter,0
5b21a377b6504b1c404781008aecf60a,Student Package 2,0.442708333
f8ea90fa8ae3585d17fb3da4f69fff52,Student Package 1,0
dcfe5ef779e93f5cf5afde254c1b5c1f,Student Package 2,0
234d44e8bbf0d9a74f95de6c37db5b43,Web Booster,0.9375
e3c718b180566252b05be234c406b8c9,Web PAL,0.366319444
32471f4c24b1c46ee06b8f877a763567,Web Master,0
1dcbc3811fb83146008b053e1e2c537a,Web LITE,0.40625
a4eebc122a8f3dc2b2cd9bf6420cf008,Web LITE,0
fb2b27db26d91ff9ac948a77af5ec8ed,Any Joy,0.220486111
b5525b80f4a166dbbbbdee899456b65c,Student Package 1,0.159722222
4976d24f506c5c2418bee55d339714f4,Web PAL,0.734375
0b73e10fbf074171ed31525372ace3c6,Web LITE,0.215277778
3c7eace1f13dcc079b522d213e440cc8,Web PAL,0.541666667
5429accb0a1ad9be92de8eb882a07d49,Student Package 1,0.217013889
abc32a38bc7beb0bdedd96e856404c58,Web LITE,0.53125
9bc9ad5fb07dc3f3fe2ec04cb0a8b60e,Web Family Xtra,0.166666667
29287bd1779cebdd9e2181b10fd5a1b1,Web Family Plus,0.230902778
f8f6f162438d2d1a4d0987cabe2b545b,Web LITE,0.026041667
0141359554f0e9266388d09f4024361e,Entree,0.317708333
c1f7231654c3734a0aa8697eb0b54642,Web LITE,0.307291667
2259de9b81a352a02bcddf28bdedde6f,Broadband Experience Package,0
324b619c08188c4cdfd0b18390013049,Web LITE,0.350694444
2b60f8ffb99f7932ee00cdd291fb1dd5,Web Family Plus,0.791666667
7b9150839a482d011c28d565ad4f00c5,Web Starter,0.479166667
444ee3c3af704aef3b5a827671731f44,Web Starter,0.109375
5cedf96edfc7db66c38050881ba3edf0,Any Flix,0.260416667
e4ab5d787687a66e1ca4b77aa74f78e9,Web Family Active,0.171875
aaa28b4867f63ee26dcf724952b11a93,Web PAL,0
a6d9db8c97e16e128aedab8ca25aa1bf,Web LITE,0
d37a87dcc3c68090c6a0a82fcbb33b14,Broadband Experience Package,0
f4bfb18a62563f9746ca9298b9a781f2,Any Joy,0.272569444
e56a29aae85d21858dcc1ec635c09120,Any Blaze,0
1dbf9f5093d230ffb1fc22b00ea0bc93,Any Flix,0
eab15fbe09440bdfee1c5d6f46125e77,Any Beat,0.5
522fdf261622fbee1b86a8fe69624d4a,Student Package 1,0.079861111
c473b14ac38e75fa9784ceeb17017bc0,Student Package 1,0.197916667
ea37c0ca1ea618167d39667360807b01,Student Package 1,0
e06596d86276a6c08f2deb39a7b68f5d,Web LITE,0.026041667
6fd213ee040486b10f7b115ff8e751a3,Web LITE,0
b6443c13db7cc622d824706748ac8f67,Any Beat,0.661458333
252f284712996c2529fdec88a791a887,Web LITE,0.041666667
f03683bf4c134bb86fc6a917600162f4,Web LITE,0.536458333
e31d77ffe221423c4b13b19adf7c044b,Any Joy,0.213541667
1f54c5c072ea32a2d28e55f9a9021394,Web LITE,0.09375
5afd0594ef759a5f7510da09b07724c1,Web Starter,0.342013889
44162acd7e6e76b41685c9c5ae3e5498,Web LITE,0.637152778
786a34a3a07198ece94fdb85ded5d0b7,Web Family Plus,0
8cfdf59322143cd5f64912932303207a,Web PAL,0.0625
70f4d323cbbbebb251ab7ac43394f22d,Web PAL,0.298611111
87f59df582cae17f84d517252e18f4d0,Web PAL,0.84375
0b82a6c0cb83d39c4ada89492df3025d,Web Family Plus,0.020833333
76f72ffb0f2a8628b61f6bf59d4dd49c,Student Package 1,0
317d85dea9d40aa4ab874731fd56b82f,SLT Staff Web Family Plus,0.494791667
2a63c5795001181800ea133a0068e2d6,Web Starter,0.069444444
cc7c5913f33a082daea2a521c467c317,Broadband Experience Package,0
9b6c35ed4126ec655e2652acd08776aa,Web Family Plus,0.513888889
366d9e5ea181f243c5d8f26d4b65ca8a,Web LITE,0.060763889
dad4f90ac17c3b1d716cc120f457d8c2,Web LITE,0.395833333
a86e9687d8e15e0f51b3aca45ac085f5,Entree,0.010416667
87f0f2a0c4ed2d05ce5279799a6fd79d,Web Family Plus,0.9375
46456a9e39e949a86bb8c03dce59b9ca,Web LITE,0.137152778
e96af5b3181aef489f9974c009a321a3,Web Starter,0.256944444
4efc4cca6d2430af189003b839d52d35,Web Family Plus,0.548611111
967e7da1a840da8729bb0d68cce183d7,Any Joy,0.204861111
fcb6268a1caaac23476d9e1bbae165d7,Web Family Active,0.444444444
26deb7c74bb8325a442bc58d0c784b1d,Web Starter,0.1875
8c4839f0582712485d033bf382fb0618,Student Package 1,0
41a4427b194c0f2705fd69ab3874b7b5,Web Starter,0.557291667
9fd72528a962f507dcab39590b02966b,Web Family Plus,0.102430556
42a26560ecf05a2c5fa41fb6fe8058eb,Web LITE,0
fcc71e56ccdc4ea4b6c1e196d092f642,Broadband Experience Package,0
c9cf724995ae7e41a38b5a782f88151f,Entree,0.296875
710afdfeb5fc2455f2b962bb52e9dd29,Web LITE,0.210069444
87f575e03fb0adef0f7bce5ca81568bc,Web Family Plus,0
0c0eb84d8f25e215afacda6c60391d99,Web LITE,0
d73e321d98ad7a61db5e7b124562e352,Web Starter,0.355902778
dbbf1a6a206ddd7f3f590b758a98bb18,Web LITE,0.128472222
c9d7523d9afb59b8de14b1840c48f81a,Entree,0
9464150dc454b6baad86077728be91f6,Web Starter,0.078125
83b2f83faba76ed481f026be3197caaa,Web Family Plus,0
5dbaac973660b845067d512011d4493e,Web Starter,0.144097222
a6346fee505ba4fa34c0f6296783bd3a,Web PAL,0.895833333
826604f55792074aee2537040d82ff5e,Web Starter,0.232638889
78489879f81782b3fd83b62d1a2f54a9,Web PAL,0.041666667
543a7fdb84336eae45592dfaeb0b26c0,Web LITE,0.085069444
ecd7dc7be1e371977a8a1e22ae8db15f,Student Package 1,0
776737aeb9d97031232f8cf929704c41,Web Family Plus,0.895833333
b5d8f1814c6e9dea26e0c25482431643,Web Family Plus,0
76f51c366069c47cb15d13324f59e5a4,Web LITE,0.095486111
4f9e71835299cc711ed7f61eeb94314f,Web LITE,0.170138889
9593104a5b6451e4fbc4809cb45365ba,Broadband Experience Package,0
4ac417da23399a3af0191561dd766e7b,Web LITE,0.048611111
e854b6c03afad74dc533a5b685b4bb7f,Broadband Experience Package,0
ab5d9b194e2e2569ca9db37e75b51597,Web LITE,0.28125
1a9645324dc8cb14f36f243c189772b4,Web LITE,0.234375
812e4aeab96bdc421791649b5a18ee02,Web LITE,0.175347222
9d2bd4d8376164b339eebf0c623b6329,Web Family Plus,0.670138889
51bd172769e6144ae4ade7ffe95cc8d9,Any Joy,0.322916667
3d5d7bdef5e9d898cee6ed80e410801c,Web LITE,0.479166667
9324793d25ea7ec770a033120d4d2254,Web LITE,0.282986111
09aa79820e2d3ecf0d89b5a7cc5874f0,Web PAL,0.6875
8a91df1e337940cbe19866dcca2f48ca,Web Family Plus,0.680555556
052f85b26b2ff4a46327fb069b8b97f1,Web Starter,0.307291667
d95fa65324a7972dcb319e98a2cb05c1,Web LITE,0.135416667
0c43b8f3cee411b60f0d861c313e3245,Web Family Plus,0.680555556
c57bfdfb7bad5f92c032ad63cd860eae,Web Starter,0.121527778
1b341a1ea385d9e0981ca79671c7ba4a,Abhimaana,0
80b542f4dfcf43f414ff02b7582aea1c,Web Starter,0.776041667
8dafc578a92eb77e6a8fb7839b6f75f9,Web PAL,0.317708333
7aa8c0a144b14c0d37d9b50e420c4773,Web LITE,0.041666667
b0859195b9650a7f7b1000de431bc76e,Web PAL,0.864583333
d9cb80e9725050f8515ecb7ef6975b36,Any Joy,0.267361111
20f80456ae5b6a56d27088b5b84890db,Web Family Plus,0.265625
3ffcb8e088c0d6beeecabd7628fbf60e,Web LITE,0.114583333
fd9be52157cf8562d3d76827650c36a9,Web LITE,0.107638889
ca36fc61e31226884796fb29d1ac795f,Web LITE,0.515625
1ddd3df96aa62b1786c74b3214b00485,Web LITE,0.147569444
d9feb3a5fe99296b3fc9c717481e5449,Web Family Plus,0
0c4a4871af386fbb10d99dfa3f4a4573,Any Joy,0
1e121c727985aff5ed024084a3b27340,Any Joy,0.0625
9e7cc42a3217c00afe24b1da1379ee95,Web LITE,0.130208333
da9ee087c8bdffcd4be9eee311f84d92,Web Starter,0.15625
efdddc591edae3f10ed894afef27d30e,Web Starter,0.25
b2ccb5ccef32c157fa8973468abcdd21,Web LITE,0.229166667
06244a6ebbee2e3905aba39475b9d02b,Broadband Experience Package,0
22b0834e2718881d70660c1e1201895a,Web Family Plus,0.0625
c310c8a2a64c63c047e5c05c546aa57d,Web Family Plus,0.258680556
cd2432d9c6aeac0b0c9a18feaeff4f31,Entree,0.364583333
06b0e86e8d218a11ddf948ae6201f260,Web LITE,0.258680556
2f70d049d403d3ad776fa57a630d400c,Web LITE,0.168402778
18f6a17d27de55f7b8c9e0bddab9404f,Web LITE,0.020833333
01cbc9b050fa000d1de651103cd30fc3,Web Family Plus,0.069444444
ab5f9186fefae73c572cf322d5f48d8d,Web PAL,0.144097222
9add9ec21eb9eefff97069a904cd9bd4,Web Family Xtra,0
72308329e159eba3d54bbcff04af13af,Web Family Xtra,0
b32630170cef8463c8f6f7f5525a2d80,z Sales End_SLT Staff Home,0.267361111
e134fcd819d2ea121daa8905f04354dc,Web PAL,0.291666667
bdf5bb04f1a8ac301c95bcd1abd8a8c4,Web PAL,0.708333333
8894fe0208a0251fb645b953cdec93fc,Web Family Plus,0.661458333
75eae65cee3275e4236a43f3eb504cea,Web Family Plus,0.805555556
359a862592b3ab0e0f809d4a34ee80cf,Web PAL,0.75
7f9f01c5867b45a9652519fbcce1956a,Web LITE,0.100694444
1c18c7d5d2cfc8f81c1ad63958bb5e18,Web Starter,0.647569444
23741a69b17a577596aee375524a32ba,Web LITE,0
59322724d5029e5667d19ae164cdc16d,Web Champ,0
fa95530de16352263b6001d022501338,Any Joy,0.185763889
6ccc9078aebb8c95f543a655d598103d,Entree,0.064236111
c9128a4fdeeb96cabd25402cbc411eb1,Web PAL,0.041666667
c89e8f82a270cd071bd89b74b66fa216,Web Pro,0.9375
f713231c30190fe6e8c3c88a8ec6cd20,Web LITE,0
8c7599d650987f2ff75784ab32ec8d64,Abhimaana,0.149305556
f03ccb39f045b89ed6bc9692cade47a5,Web LITE,0
3c54a3960f64f7ff42001d9f9a6ff6e9,Any Beat,0.578125
68500a1443fe9f05621deb6164a6d964,Web Starter,0.734375
d421c20f2850e17e36474d8cbb422bc1,Student Package 1,0
1cb71d6df15fc8198748879f21f155da,Web Starter,0.40625
193856686a5e12c45cb04a93a8064b60,Web Starter,0.506944444
c7c1ecf38d1421403572c6feb41c175e,Web LITE,0.111111111
be57dd52a72846ff4d4a505373698f0b,Web LITE,0.425347222
e8833c210578c4594ecd9d8bca53d582,Broadband Experience Package,0
3e41c0e8ab2bb95a6e54d5d6b9fd02e6,Student Package 1,0.064236111
9c5aa7a425117d6d154d6c2cce2f6d7a,Broadband Experience Package,0
6e8b31106134ab663c0ed4d72fc6d87c,Web LITE,0.260416667
46cadcce5c7e44bc3a9127081046e555,Web LITE,0.203125
5e60e5da9351ad15164d1dd71a78c1da,Web Starter,0.411458333
913ccb2040c03d3a63d2d74ef06bf218,Broadband Experience Package,0
3e856543f0890a9c98d4ea038b487dce,Web Family Plus,0.229166667
e52e74e1033f003ee118ef40eb4f7229,SLT Staff Web Family Plus,0.03125
4beefc056a7505afad9bbf1a7e85756e,Web PAL,0.328125
e641c97201b0cf58e279c6d3bd19edd7,Web Starter,0.138888889
ca9236df85255ab0a727a7fbe8406b2b,Web PAL,0.067708333
fbb06fc0b3f059d33debc5ef33756ae1,Web Family Plus,0.666666667
e1dda300da26ab86ce65d3d73d22ecd0,Web Family Active,0
e9c0a89cf39bd6b453110d2f97f8db4c,Web Family Plus,0.435763889
fd3b30118c8c6faa2ba4dc83e1f35bab,Web LITE,0
de52702a328d6e2af94e787741be8d7d,Web LITE,0.40625
ee1e478dbdf177dc618699cea55e93ee,Web Family Plus,0.552083333
17e6c3b8d8c8019469b7288f0ee6795f,Web Family Plus,0.104166667
94b89b51690f90c07922b2d78774ffd6,Student Package 1,0.09375
af85e5f443ec59d7fd4287484f271b19,Web LITE,0
82f339d8ec4277d547cdbdbe7b86a43d,Web LITE,0.201388889
835d8cac5b996e80dad21f431730f482,Web Family Plus,0.322916667
ace109b9aef5883c1de251c5f8222cbc,Web Starter,0.296875
3824b3901488c8309867305ac0bca1ed,Web Family Plus,0.276041667
8139825121fb3d2878344213dc204324,Web LITE,0.130208333
c6c7d7f15ffb614fe0eab241d61dd684,Web Family Plus,0.649305556
6808615590e454d8d35f2a1a1aa0a9c7,Any Joy,0.215277778
ccd1966ef9b6bc434e4eb2eb38512d43,Web LITE,0
bf335a59ec98040aff50c0e6d03010ce,Web LITE,0
214cbb1651fa329cf02ef1821fc0e44e,4G Biz Pal,0.076388889
5aba1f08fded784f8785513f69991880,Web Family Plus,0.442708333
0d0a0970161d620554e68e5fd6d6b751,Web Starter,0.78125
ec7252d84f45a29302f81a252e64838d,Web Family Plus,0.505208333
c0b9b69c2eec99a771c4fd592e2ac17c,Web Family Plus,0.597222222
547ec47656824d5d6f9aba7f177d45eb,Student Package 1,0.175347222
c6e135a3da654d7a54843e5212a471ed,Web LITE,0.402777778
fb9d5d4d96469bc0606ec41f2552f1b3,Broadband Experience Package,0
7e4d347e37c283a2e7efac30dd69e66d,Web LITE,0.095486111
3a525bd045baa04a397409dae0cdebe0,Web PAL,0.734375
86fe56ddb2749dc26d14bb0804c7a466,Entree,0.116319444
5c58b0bb9dd04f1af4d5e7050ad2d271,z Sales End_Home,0.828125
e8a81def686b6b1c75e5dbaa1710fe99,Web LITE,0.223958333
951dbc80386214094b753568161e7085,PACKAGE 1,0.359375
fbd1e424fcb023ea295c0bf8d9c7ae8e,Web Starter,0.432291667
b9a3c0c50d4d15474e8ca0ea71ccc4cb,Web Family Plus,0.817708333
6fd298cc6b761f6064ebdb94d35ef4b1,Web LITE,0.328125
712b73dcad4ebc3ff0f74b24c6f2e9ae,Web Starter,0.262152778
9484a288af8e095b1a78cc82e38b64da,Student Package 1,0.458333333
933cd3394373b1d2929edcaa1974f7a1,Student Package 1,0.25
f5721c597ff7924755f5e7658e59ca15,Web LITE,0.149305556
68a184fc6d9d95d6a2dcaead74300888,Web LITE,0.163194444
ffaaa3f5d45ce8c8553efbcfa7e6ce00,Student Package 1,0.185763889
47ba911c348fd6ca83e52d7b00649653,Web LITE,0
5b3c983cbfe879d0d720ac158785ddf2,Web LITE,0.366319444
3b4e1fc7ebf4714a65a515b95d8e0283,Web LITE,0
74627ac5d8bce0ae1374b167c3a59e94,Web PAL,0.46875
6382943e6f91a1c53a0c982ec0536094,Web PAL,0.526041667
76e4e73e1ab2d2e796b7e3cf560e9abb,Web LITE,0
08bb7407e5239757dc56b8d80c2567d0,Web LITE,0.005208333
659e91b58e3ee95b4913f3fe4a6d3072,Any Joy,0.137152778
a74f28ac4a1204061841e25a4bf24385,Web LITE,0
c1ff15d5b8536c47a1f968ae4bd022c3,Web LITE,0.489583333
4b9b93f6ee97efcbef1390bc711c09fc,Web Family Plus,1
8fffb9b2882a1d40e72a908345b2d48e,Any Joy,0.427083333
3d6232d814f9d2ef5e2623dcdcada1cc,Web Pro,0.854166667
9f646764ccc4b06c327dc6e6cdc206c8,Web Family Plus,0.263888889
a0edde715d1903bd4c50ffad184ee2a4,z Sales End_Home,0.796875
8903f01c56633bc769ae7b16113f8ec4,Web PAL,0.328125
a51b26429dc990ff24dedbcd9316026e,Web Family Plus,0.614583333
a2755b9c9cb1b33f7a7cac1205afdad6,Any Joy,0.418402778
ad4504327db7ca40290b9d7e3686180a,Web Starter,0
4c300d3b50d2c85c0386a11aef92281c,Web LITE,0.135416667
ebe4b033e4166d39efdd510b4015fded,Any Spike,0.692708333
b41d958d22202447a4c702555dcf3884,Web Starter,0.536458333
48e7141a8b7601f2c6ea8c5f93bea6a6,Web Starter,0.604166667
a1ce57e71f14d64d7f102472e78d8573,Web Starter,0.145833333
a708a800221fe9549be9ccbc5ee76337,Web PAL,0.493055556
148fdf934a2e9f66c36659f99005d0b0,Entree,0.166666667
b3ab395c931bf11d95da0cf46c9f628a,Web Starter,0.258680556
1777c9666084aac299dbc0163120eaf8,Web LITE,0
a3bdaf2151abfdee728d75364d3d27df,Web LITE,0.541666667
2444e4a09eff7f8af34d2ecef6b537c3,Web Starter,0.126736111
50b9692de7a043a7db33e807750cd677,Web LITE,0.447916667
35653265b9dc1fc3aedba120476ef86d,Student Package 1,0
87e824958ebee006d0644e59421e2759,Web Starter,0.470486111
2df2f59542cfbe7162b09ee66f0f2272,Entree,0.083333333
a8ffadead04d7f14a9369fe4a078fc47,Web LITE,0
813af507d5b794147b2a65bb7495d023,Web Starter,0.112847222
1f6c731178993235ecb5ff4a86be27d3,Web PAL,0.0625
ae6f649f7d0837c3fa25a1343de23f9f,Web PAL,0.107638889
af23f2376138283809fac7fe6ab8866c,Web Starter,0.677083333
89097b4dd324551028fd93fa296320c0,Web LITE,0.503472222
7a80615fb26922948d633269d57a5e8a,SLT Staff Web Family Plus,0
250b4274848d86016d2da3267aefd23c,Web Starter,0.081597222
0bbe2e5799bbf12ab6c8b62d840590ee,Broadband Experience Package,0
8b50a5d6a02a29cfcb8e2c0f1b41b937,Web Starter,0.090277778
43731fef801eb7539d294a8a7bab49c3,Web PAL,0.416666667
ff464b58ad70d2a6064acb0c2c727337,Entree,0.164930556
b2d4046778a75a5cc6689adcd9becb84,Web PAL,0.732638889
b01535596dd60b9098c08b185309f52c,Web LITE,0.270833333
e600b4fc2b156fd93fdaeead7b2c2fba,Web Family Xtra,0.786458333
e98442fafe89489ced0b54cd7e28e3c1,Web LITE,0.182291667
ffaa8955dcd8a0af7d148c10fd447fcc,Web Family Plus,0.817708333
3a0e07cdc0c5d3e1fdbb8bad63b62ea5,Web Family Plus,0.979166667
2a754752a65696b63963569c4556e2c6,Web Family Plus,0
bbbdb2d558103ef660dbbdc1df67d717,Web PAL,0.447916667
89afaa4be5b953a550ad22952f626563,Web LITE,0
bd4d59633ffb8bd6fc82f3b4ada98fe9,SLT Staff Web Family Plus,0.979166667
0e296df5b555a94de2d8b009fc3d3d4b,Web Starter,0.173611111
d1e5e08ede262f80b75f13ef393f65e7,Web LITE,0.5625
f899283864105a84dddb4da423d21a14,Web PAL,0.175347222
f77ba1e59dd4056f921b3a6ce520ba26,Student Package 2,0.46875
62d861689bba706fd5d5d8a1b86b517c,Web Family Plus,0.5
e5c6a88563c5cef5fe51b24a6df2f44e,Web Family Plus,0.6875
6c1b1435a94926539c7213a9210f8153,Any Joy,0.529513889
863fa06edcc767b59d2afc4d04449ba3,z Sales End_Home,0
0cd561688ffdbb26b95105c0b3095c9f,Web Family Plus,0.791666667
4c9acfecf84a9b93ad4d22460ae0fd67,Web Family Plus,0.123263889
62496ff582e3c0acaccd63f813530d69,Web Family Plus,0.755208333
980e3861c1da36c374195ab1744c3e31,Web Family Plus,0.552083333
434555d3b0229289fd08ae8d64c55148,Web LITE,0.083333333
a374216276df3cc38b522ff183ffeca1,Web LITE,0
79bdbc514e1f75de24cfc7f36ceca599,Web Family Plus,0.465277778
21895a35d769c7c82eaf44166fc8918c,Web LITE,0.352430556
e6736496bd3f3607c1055f74eb456eed,Student Package 1,0.645833333
0991f9cda4133e39a30dc2bf37837dd0,Student Package 2,0.329861111
e8fcbd465ab55c9b7065aa0d1e5cfb7e,Broadband Experience Package,0
d3d304ac22ad02d535fda93f4fe44dcb,Entree,0.074652778
6e97d1274034cf397ead2451eb938120,Student Package 1,0.064236111
b130cd91df3e55bb333d7d023c248e9c,Web Family Plus,0.369791667
616afcf319ed89d68ffcb02eec7cb71d,Student Package 1,0
9d3bbac19af3f489c56ed1b819c7ccd2,Web LITE,0.473958333
dcdd17007eadd786ef5e82e76a9afce4,Web LITE,0.791666667
199f718bc367b33b58b3256e448d66b2,Web Family Plus,0
2293679f6fa1970f6bee16c97d80ac6e,Web Starter,0
b216e60ecf94a98c970c753d65ddd3d0,z Sales End_Home,0.241319444
d075716dd42cb2b318766e1afd211f1b,Web LITE,0.526041667
dfb1ceb07374c745978fa65588772fce,Student Package 1,0
beb04aa7683e208b7bcf7f3c4eef0dcb,Web LITE,0
98e63b59327c457fea8e913650063f00,Web LITE,0.510416667
30f679c86cc9469c2026366cfbe868c2,Web Family Plus,0.9375
6d21ae241d0a56b42c4d238ca15123a9,Web Family Plus,0.085069444
b6ee913898f226cfaba3fdac37b7969d,Web Starter,0
70b2cff1551e282f233ccc1c06c97ca3,Web LITE,0
bdf75e0f8d6e8c10e9e8495654df21ec,Any Blaze,0
fd00bc4f43787c357a82ef02ece80401,Web PAL,0.619791667
7560d3b29c26e6f90131e474c73c927d,Web LITE,0.604166667
35461f45eaf306ab40373503e9182798,Web PAL,0.045138889
4a617237c13ef4e6f9d26d3dfbffa25b,Web PAL,0.921875
c71143375d930fc5b584cec62192d1ff,Web PAL,0
f453fab8d37575151abbfd08d08853b6,Web PAL,0.486111111
80f1d53e91f9e64526f17c7dc8a26595,Web PAL,0.225694444
e2bfe87f193dc2960d0a1952e3419dc5,Web Starter,0
abc4c2804160a5bd6902571f4d5011f0,Any Beat,0.265625
32547b6376b7e9f42c2328076332b743,Web LITE,0
9db425a33c55f1c757c47ff05c79f140,Web PAL,0.729166667
c8ce63b0fe9d15584712b2cb2630b0c2,Web Family Plus,0
a4b78cc924836a6d8a611c14d50fb716,Web Starter,0.505208333
889741c46da6eba550795f3833b36dd9,Web LITE,0.010416667
59e3494948116329f4c0eb70e5363c73,Web Family Active,0.125
99baf6a804c290e28611fa6a13e0c58d,Web LITE,0.269097222
5e74b081e1bae8881cd10aa67fd684e9,Web PAL,0.456597222
41d2c3d7ffdefd4cdfb8227b52bdc37f,Web Family Plus,0.854166667
77fd438c48683f0868f73565e23c750a,Web LITE,0.40625
57ab03baf87a9e430d7b256df884a4c1,Web LITE,0.390625
52892a1587dd85e33010985297f133b9,Any Joy,0.559027778
05bab558d9088194d8c2e91ffa1f3917,Web PAL,0.279513889
9af4fa40df83f2014cbb55179d2d3f1e,Web LITE,0
b233320316d77ed0b94c0d09aee0d74c,Web Family Plus,0.434027778
8e725d0d2061163d8b1e8b1e4ee50af1,Web LITE,0
0b62edaf6dcd0a22c6006bc5d080f12b,Web LITE,0
4a53c2f008c7fcb139a7f3b90e2b0f85,z Sales End_Office,0
92563db780f368512dc2eb7aeb2b3787,Web LITE,0.390625
ba41282293130bd2b1d7f9a889e6eadb,Web Starter,0.170138889
08d495bf904f1a172a1253c9a3645e60,Entree,0.380208333
565c0078a043060fd59e691d3bc82409,Broadband Experience Package,0
4a6e26a73fdf14de86f2f2b28157131a,Web LITE,0
cac341d34d55f919d74dc16466cc9f49,Web Starter,0
25b2c30f24bbd86d7cca43e006f521fa,Web LITE,0.064236111
8861e7def8227eec15e3c2490e79463f,Web LITE,0
c28909234adba14b56ebc329c380534f,Broadband Experience Package,0
071d51ec01c8ed8159ac1313dd632c40,Web Starter,0.163194444
aebd24cb77472cd48931078bce8078f8,Web LITE,0
5d86d5152fad3c859e16a78c0ce1074d,Web Family Plus,0.260416667
f4dfb2eec90f2baf392927a77b0d5149,Student Package 1,0.116319444
2e8d1449aa1c031fcf497e6f848e9a4b,Web Family Plus,0.84375
f82988e91a4bf7836b6ae8dd3cc299a8,Web LITE,0.272569444
0f6af4e50ca792661ec7b3291802b8a9,Web LITE,0.026041667
f7ef78f4840a88f33570306d09fb4e8c,Web LITE,0.46875
019f1c6f13d12c2264aef00739d54720,Web Family Plus,0
87cd775edc9cfc4f401e6ff39f239833,Web LITE,0.298611111
6bf0304d07d92ed2d0b1bf295c85e375,Web LITE,0.859375
c01e10f2edcde3c23fc82bd74e85a402,Web LITE,0.057291667
aa2bd4e21f0dc5e45e73762924c60f1d,Web LITE,0.1875
45fc0b92f6f6eabadfd46a17672aa00e,Web LITE,0
6ff32ebc06fd38e48423d007289a5841,Web Family Xtra,1
095338d3e4949f09bcbb9b548506198f,Broadband Experience Package,0
07f1e23571c43de0a36d0f90c71c70fb,Web LITE,0.027777778
4cf39fbb21dbb056669ee97086951856,Web LITE,0.333333333
500ab66d965c6ad74f2ffa6ec3dc9cfa,Web LITE,0.100694444
82c27b411551b940526e04155082108e,Web PAL,0
bd4ca11c047deb1566e294f2c762ddf2,Web Starter,0.125
543377841d5712c909269c03bb329092,SLT Staff Web Family Plus,0.005208333
c35f8216e57ab23bec8abf126d795620,Any Beat,0.03125
763eca7a1b65722d4abea1ca9d0246ae,Student Package 1,0.458333333
a4d8673ee664a35ea00cb448a49be40c,Web Starter,0.388888889
a5d3e54f87841f8e48729db28fa6a955,Student Package 1,0
2a3defd31d0d00ec39286695766c38ed,Web LITE,0.289930556
02a39e0c245c4946a50a0467e0c0d10a,Web LITE,0.064236111
3ebc9c63327b9c09f88598c3e52f17e1,Web LITE,0.211805556
3ff159880f605da24a6b5a2f942cae5c,Student Package 2,0
81f5d5f39589f1c94369f6591203c027,Web LITE,0
073fbc7d75f40dba85fac7023002206f,Student Package 1,0
d557f8391fc55a9e530a37bfd718bf2c,Broadband Experience Package,0
6f4506cabf5416e7f50815aae1c84123,Web PAL,0.40625
fa78346cffc75e906e678f237411a4d8,Web PAL,0.645833333
1d1aa7837a1e53f59e0b55d3a5080ca3,Web LITE,0.142361111
7d20a217b0f2d6ce3f57178e297e5997,Web LITE,0
c95c676f4832de4e05ad2a03eca01462,Web PAL,0.09375
5b98378b8804001704df7820a3a2d56a,Web Starter,0.267361111
f2f13b463129ad871d9cb5395cc4b1ae,Web LITE,0.104166667
2b2888c6f995783cf86e1d19e3e467ca,Student Package 1,0.253472222
aaf8de563f8f6616492bd918e6684279,Student Package 1,0
355e168afb44b7ce34eaddb3cdd4ecbc,Student Package 1,0.180555556
36c5d6f6aff119277c77f9c07246496e,Web LITE,0.112847222
66a4bd956f2e9b2610379fcf2865062d,Web LITE,0.4375
e257f27f4e1bf2d3feaaa905164d60ab,Web Family Plus,0.355902778
be7c7151ec52f28040f90ae376ee40aa,Web LITE,0.631944444
6a7b77939ce62248df1dafc155d02a97,Web Family Plus,0
d215d0c3e0211a54ab2cdfbe612297e5,Web LITE,0.25
69b2752bbd5aeb5575d3ea54d5ec06fc,Web Starter,0.625
aa77d7f552fc200cb2d98db15b722386,Web LITE,0.479166667
927534e9609b7c4f8d70d56640216cf6,Web LITE,0.168402778
23a290897bf625178ded4162da816f89,Web LITE,0.475694444
3e22148c54ddd8e19c3fdbf7c3dce200,Web Family Xtra,0
0b6e8127c84ada80d1871f05a823c723,Web LITE,0.578125
d75c3a27fd543cbffd8763a60ce00341,Web LITE,0
3d6a11a8604ae01173aece1edb2bf63a,Web Family Plus,0.395833333
442faad9c599f005b77b491e174c5541,Web Family Plus,0
8d29fafda6bc7f63eb298cf4cb918601,Broadband Experience Package,0
aeead377f4855db6fb9bbaac34efdbb2,Broadband Experience Package,0
dac24d33385e18c477ff4e2b44953e38,Web Family Plus,0.604166667
06beebfdf841dda9b79dcd90b4ca80c0,Web Family Plus,0.9375
6ee173e7a86d70d7734c409a151322c1,Entree,0.3125
cf0566af26ea548a810c0b801bbee22d,Web LITE,0.276041667
13da2acd177eb3f6666b22201f00f7f1,Web LITE,0.505208333
05b2253899a953b9d07f4c5f31d433c7,Web Family Plus,0.526041667
d486a40aae141a60f6431e1d0e3a99dc,Web Family Plus,0.199652778
d3e92a3b5f6d9389270489a762cd5b89,Web Family Xtra,0
9c846698354d9daa2eda7c29553a1c29,Web Starter,0.397569444
52fb31177fcfd8214c6f0aa1e804e3dc,Broadband Experience Package,0
edbbc849d8f98b0100370f798bf1955c,Web Starter,0
e6735773327bd5ecfa08ad470216ed29,Web LITE,0.392361111
da0691955a960369814b95f20deb7916,Web Family Plus,0.296875
0f423fa34f0ba5129051b8141d18c754,Web Family Plus,0.583333333
dd3e7c30205eb7d1cbdd8e5bf4fe8e58,Web LITE,0.293402778
81727df83088cde5a0b9f48d082e1789,Web LITE,0.296875
3023f9809a1de92d7bfa0c0a8e5d30e0,Web PAL,0
771c34ac5cc715fcb165b26fbf100e0c,Broadband Experience Package,0
9a0547e89f4673154e5a62653c4d663e,Student Package 1,0.079861111
06aad4d1814008bb82dff2a00c6c15b8,Web Family Plus,0
47f57c31513c70d9e250a545daa81d66,Web LITE,0
b3b2f38373fc0db98f1d33d1ec6d7706,Web LITE,0.217013889
abf1804177abbc9c93447478aa31465f,Web Family Plus,0.630208333
b68370b72944502e1dc55c1a509a05b2,Web LITE,0.118055556
025431365b96db55fe0f7f32c19415f6,Web LITE,0.015625
8ff7ba486794ffd87cf25b56d04c6fe7,z Sales End_Home,0.255208333
54cb562e369f3dbe7e74f5dbde5268bf,Web LITE,0.369791667
9257b8b54ff3fb0c807ce71d5e0fb3b6,Web Family Plus,0.885416667
aa29df6f828e81fe8f075d8d0546f3f9,Student Package 1,0
36d32cfed00a3d6f04d7dad2af01f070,Web LITE,0
a9c24ac1c87f8677a4dbe304c88054aa,Student Package 1,0
e483882aaf5f519ba1205b306bed8b97,Broadband Experience Package,0
96400f9bf6cb83bcba6d2765d0591c6b,Web LITE,0
91bfc388639616e260a8904ab4b862a8,Web Family Plus,0
a4d0c21aaa290fefe6ae3f987e086bab,Web Family Xtra,0
e0acecc8cf10f8ad9cd58cf9522f3ade,Web Family Plus,0
4b61819c33d339a433f6a83a33f70fc8,Web Family Plus,0.251736111
aeddbeb0779395e983f3449f92a479b2,Web LITE,0.302083333
d66d58797fa22c5bee0c6501b3d4c11b,Web Starter,0.005208333
05837c9e58679948f8c0d891fa4a0ccc,Web Family Plus,0.041666667
4026c5481a32cdb6f7042c011e0a4228,Web Starter,0.618055556
070c11ae598c36e61aea606708d63841,Web Family Plus,0
1f69719debb61384b95b46a22ee66629,Broadband Experience Package,0
bbd94eae5a902872b8fb488e406eeaaf,Web Starter,0.28125
c0449d98e730302fb8cc11b77f75b69f,Web PAL,0.291666667
1bf8792e9a3c209c70922dcb71a57c0c,Web LITE,0.036458333
ff0f03a90ae06a091ac177504385e69a,PACKAGE 1,0.125
aff96389478c3c551ff5eff4fd98abcb,Any Joy,0.368055556
db9f94eddffe8b45e9e51ef3fe19166f,Student Package 2,0.206597222
ff029c28d1e61dc3fb8d9aba178a6d58,Web LITE,0
eb0dea628ab7a538ce77f4f15aea5f4f,Web LITE,0.286458333
cfc0dd04946fe2779e63e51c7a3aa0c2,Web LITE,0.536458333
deaa8e9304350368e7a1b31ca91e0966,Web Family Plus,0.545138889
774cb3920744d8e3e46e10ca91902e88,Web Family Plus,0.5
b2aced4be6f2f3da029c3129ca5c6b4a,Any Beat,0.5
7a631a2a11a983f2b7e30d1e8df5a78f,Web Family Plus,0
0105eba65de307bc8ca366dac37aff7b,Web LITE,0.255208333
9581c23c08a5e9e85794daa6630aa600,Web LITE,0
0e2c5fa9861df3d00082338f6fccb892,Entree,0
5efbc2ccc60a4d0808e5438c51083ecc,Web Family Plus,0.442708333
e3d71a45dab9774e00a7826fbc2fe7d3,Web Family Active,0.493055556
93d1fcde949a06c61c5105ab344c9804,Web Family Plus,0
bb11f3fbacb6e366cf1834be06b99179,Web LITE,0.083333333
c474b9ea5dc989a6530772bf877e9c16,Web Starter,0.635416667
b975b77d899a103ceea82edd8ad8ee19,Broadband Experience Package,0
4ac365cc88c082410c257678638dd023,Web LITE,0
dd9ff0c693720a1b58fe679859063bc5,Web Starter,0.557291667
66ab096d5d3ac820106c758053aef7c3,Web Starter,0.005208333
f1b9e20ee41e971d522c432470754867,Web Family Plus,0.277777778
05638ddbe2c4e3c9395dbeb0df1d9f6f,Broadband Experience Package,0
89e2b3876f67fa7b1dc52940620c5b6d,Web Family Plus,1
9d7dcec00af856fe6391b18536a46943,Student Package 1,0
76bc144fc096349e0c4fb475407cac4e,Web PAL,0.385416667
681249278f57ddabc872b98931939bd6,Abhimaana,0.157986111
7e79e6aa74fc5842f3cdfc8aecee0bf1,Web LITE,0
e603d0a2162141565d61abf66a9d00a3,Web Starter,0.197916667
a05c10cc85fce3f16f5dd9fc123d0658,Web PAL,0.161458333
3859932318e405f56bc035b0fb9f81db,Web Starter,0.116319444
17245ee21a9c5e97634694365e01fea3,Student Package 1,0
b54cf2a7edbeff4a2b28030eea11c6af,Web Family Plus,0
00126426420cdb4b1fe951ce5bb3c05a,Web PAL,0.630208333
69d89537ea9b733dd8295f0a9fed52a4,Web Family Plus,0.723958333
1cf79a1ac5a4b0bdfe61f1c4451f2301,Any Joy,0.197916667
c15d8cad2d553faa46364993b5f89703,Web LITE,0
2f1d438a9d954ee252c3c1471d56d8af,Student Package 1,0.133680556
0c0b7fcdce3512b45183c83bbfee30fd,Web Family Plus,0.916666667
2346d3ad17d707b48595a520a70ed360,Web PAL,0.489583333
7f041a816360489f7b752fe039318d28,Web PAL,0.104166667
8205036780dd6dc9ecc01e3d11d65439,Web Family Plus,0.729166667
798441cec2a5078b021f9873599c699e,Web LITE,0
74abab18a67a6f10a61e37ece4cded4c,Web LITE,0.145833333
4aadcfd5c6c1669a505b26de580633af,Web Starter,0.546875
4e30dbe992add5e5f7319457ad3a75c7,Entree,0.107638889
d97bf82713a4a491e6600a4a2368d4fe,z Sales End_SLT Staff Home,0.300347222
ce8d936fed762bfa12912fb18915b802,Web Family Active,1
69e1923e09bf3d05e260663b646ac83a,Web LITE,0.088541667
b31079085cdf7e44681790e453f2c5cd,Web LITE,0
c7df7b0cd11756e3cf86d15130ccfa47,Web PAL,0.258680556
8f83235780eae0bd101dc6431fe5b4da,z Sales End_Home,0.072916667
843a1553d6c7145505faf0eea42dde1d,Web LITE,0.121527778
c731ab371bdb019ac36cb39e36ffb9ad,Web LITE,0.125
91dce352dc436f01e4de9165a95393ce,Web Starter,0.473958333
5dabc8adc704b875bbb0f894f1da9a57,Web LITE,0.484375
55619415b9de28ef8af1650300da5a1c,Broadband Experience Package,0
5af0a72fa596908741450275bec64400,Student Package 2,0.666666667
4c594f24bedb11597f115e6b7c7beeb4,Web LITE,0.338541667
6518c2aa82b23156e5c8e924c6e6b67f,Entree,0.133680556
d050863b5f44ea06dbabfdb8dbbd90d3,Broadband Experience Package,0
7883f297254e2a6e2b147356a33efe50,Entree,0.28125
c11a5aa14d094a93729db54e84d621ed,Web Family Xtra,0.420138889
b9da9406bc3b4efd58ac783573fd1a31,Web Family Xtra,0
6f0e373a6c2fc4ec0b45ff96cec19ff2,Entree,0
22cf709d30168c38d475974124ed3dd2,Web Family Plus,0.552083333
8ed116a28f5d668d8d7952928370da03,Web Starter,0
55ed4b66e9ba048d17f2b4be297c85f4,Any Flix,0.154513889
20ff694f3812ba48d6df5224cec9a8ad,Web Family Plus,0.170138889
570a05dbf4b4612c0bdab0a9bedb1c5f,Web Pro,0
62854b1de2ba639d46673a7c264c8d2c,Web LITE,0
36d2dd9280f7b5a69c6e2c6422835bee,Web LITE,0.699652778
008bca99f0cccb5d07d4f03744709cf8,Any Joy,0.072916667
1d18f77c7b80c29612dac66935cf1f13,Student Package 1,0.442708333
cdde672cbf973059aa8dcece6aa1ddab,Entree,0.09375
1143ae8e0c26c8865f4aba431c94a67d,Web LITE,0.090277778
c5a16564d6cbb13ad0142788c5c440c7,Student Package 1,0
234570b40795d193a02382f855fed7d2,Student Package 1,0
2dcd61331bcf51f7c5145d5445fb4a89,Web LITE,0
3462543c01d69487705f94fd91de727a,Web LITE,0.128472222
cb99d5f3a6e9a5d26b3ddab92b42867a,Web Family Plus,0.625
2494927f4c62e61dea41958bca7afa5a,z Sales End_Home,0.244791667
aaf5bee44798e7bae91da469dfed95aa,Web PAL,0
aee5bc6be3b50afe66cde3095448e88b,Web LITE,0
90d853c6ba336e7ddb64a666730852bf,Web Starter,0.208333333
b2b49ba22889d120f7dd53a35ad50ae7,Web Starter,0
9ae4bf6b5ccbe2c8a115a94a0244ef5f,Web PAL,0.616319444
6ee53e0b07497dcb85ec213dbcc09b8c,Web PAL,0.916666667
20fac8de11078e10865f68ccaebc4d0b,Any Joy,0.022569444
4cc389486d5fe8e647813b4267c1161d,Web Family Plus,0.713541667
0b1342373fb63905ba6d707f95fdd207,Web LITE,0.102430556
df81701eeeab0d40aafacfc00edb1a6d,Web LITE,0
c606b3a33f63d0cfdfef8f331dd6b6c9,Web LITE,0.190972222
fa711df8e919f3c49169912edc209ef5,Student Package 1,0.090277778
2f60b16e58320a419a9b19d502ff7701,Web Family Xtra,0
3ea765790e2806b39aebbe4fad24381d,Web Family Plus,0.322916667
a8f00d44374f0b339f82139979ad2155,Web Starter,0.822916667
74e177b0c64177f4c813bd351337b796,Any Joy,0.260416667
485ee8b61be97f3054ff23f8a8b58d15,Web PAL,0.46875
9024f0fbfa8c5ac326651b59cd98cb29,Entree,0
ba80542b8846e51220926f9cc65545db,Web Family Plus,0
4bf98c494d715a45a2a1786c13cedc1e,Web LITE,0.274305556
5e25bfb26999836c25caf0541e46bc8c,Web PAL,0.833333333
a57a742403515e5e416acc850e5f25df,Web Family Plus,0.833333333
e7b4ee1ad9be3dade2847c958e20e868,Web LITE,0.036458333
86216b694469e9758aa577fdb0d4c2a7,Student Package 2,0
7c0c247b2c672b6ea6aad68258b844f8,Web LITE,0.138888889
23fc6e16b1bbdaeae5cfacfc82e91dbc,Entree,0
3714d0eaac1a6053860f1d23e07c665f,Web LITE,0.164930556
2aa22ae98bdbcfe91b5b7ae9c954d26c,Web Starter,0.526041667
d9b961170143b639ed40c1ec783fd8a5,z Sales End_Home,0
bf24bb4d16276ef6161e3e8f3435f975,Web Family Plus,0.958333333
0853aaa76ab25277bea74de78dcfe94b,Web Pro,0.166666667
de6b07bb076db11ba685a574597ee60d,z Sales End_Home,0.206597222
686813b718ae64d6e78eee7d54b8d868,Web LITE,0.5625
5aa809bfc2394dcfc81b889eedc5947d,Any Joy,0.958333333
c09d34bfd87a3c6add2e3c2f19d0854d,Web PAL,0.435763889
35b1330eecd5ded83832d59db4dc611f,Web Family Xtra,0
845eaf0599de44fc21aeeafd83ad7c8f,Web LITE,0.180555556
39218522cdcd2fab4981794911fcb80d,Any Joy,0.369791667
6f90dfca0e9d624026461189a54090b8,Web Family Xtra,0.041666667
0d6bcdfbaec5925ec7d313ee9815ef98,Web LITE,0.095486111
776c012924bea6417295733dc228a472,Student Package 2,0.708333333
61112729366efd09e3e609919f2054be,Web LITE,0.052083333
a054477f62cebb409b42d134020af7bf,Web Family Plus,0.59375
0759d0f0ba98657257d82fe0103c220f,Entree,0.036458333
d479fc6eb767664f472663b83cceadaf,Web LITE,0.210069444
bfc81eddb3c8f5f4fb278089a24d3400,Web LITE,0.015625
8a4cfb7794e8ccf384a7a1b0c9a964eb,Web Family Active,0.875
d8325eb73900b427a709daa28342b443,Web Family Plus,0
c95c7f709f3a220e5e9990d7467f820b,Web Family Plus,0
adac55471d63079a9bb34b761732c780,Broadband Experience Package,0
117e3af18445822a4f6de3bf509e4796,Web Starter,0.291666667
3b6cefc352d185175aa95d5bd3b683bc,Web Family Plus,0
dfdf098551205e2d624e49abdceb1c1c,Web Family Plus,0.147569444
27bbce92ceb4c834627d45d4b1f49db8,Web Starter,0.651041667
433f23521e2536de3916c826e0b4fff5,Student Package 1,0.199652778
e9da17d80fe1938c7dee8c900352d1e5,Web LITE,0.463541667
c8c238680a3c1e42e2302d326652f097,Web LITE,0.567708333
107512d50296a0dd95997fc9097f3ecf,Web LITE,0.067708333
b8f949b12ac52d76bff8f091f2d4e5eb,Web LITE,0.567708333
d0b0fb9b8c01cf1d2ac86b85a46784db,Web LITE,0.5
8a1b06b0f08751225d248be27b671fe8,Web LITE,0.104166667
57fff5b399bc3cb13d36d4979fa0b85a,Web LITE,0.243055556
ebc3c16716ce8822a1f1d8b3c91e73f2,Web LITE,0.185763889
3de7bd21e12755670cbe46af9274d889,Broadband Experience Package,0
3790e1f3bcde8f7fd9db4b1ad5f368ec,Web LITE,0
91712a30497a9d45e1be91a495780535,Any Tide,0.506944444
167fd560c376d0e53d70be1c6eb69bbd,Web LITE,0.578125
4510f6ac48c98f990d4b6c4a6003427d,z Sales End_Home,0.274305556
558d0557b955af3272278085c06d85ba,Web PAL,0
8ee2060bc9e931cf5f226a505cd016b3,Web LITE,0
df3b09dc7654dda79efe637970199533,Web Starter,0
66869e6fe7a915c8c8f363504a37fa0d,Web PAL,0.052083333
20b653ca3f24c6da6861aa63ba091c6c,Web LITE,0.402777778
14c2ba3d29b26329b37f28d52a404053,Student Package 1,0
21354ff80f2eebde68a883fd3ad2583e,Web Family Plus,0.822916667
ee46493800898d63280dbba75cd2e4f1,Web LITE,0
4d3549cb162784496c37f8d91229c572,Web PAL,0.802083333
92aa8f1efdf84efe91cf109cb0ca4d3c,Web Starter,0
af1f5329cfe156f706d4f260ebbaf378,Web Starter,0.116319444
d3434b62ae1dfe5fc63af728ddd960c8,Web Starter,0.413194444
f1723da91df6b266e77e49403f6f2ec6,Web PAL,0.407986111
0953dfb3e1c3a49c6af82e38da235311,Web PAL,0.345486111
076afa73c8fdcae792465af354416345,Entree,0
9343f371a198ccda2cdc6e05fb641eda,Web LITE,0.102430556
9f4c971e7ebfca008caa8c6559f75230,Web Pro,0.916666667
9eba4b17c60fe871c9a746d63852c5ac,Web Family Xtra,0
b053bbb012c17bbc54ea279c6d9fa034,Web Family Plus,0.895833333
880347472346d7480dbd9c75f9805503,Web PAL,0
e6e75df2b841ac5382d086870a9b30d7,Web PAL,0.390625
946df27148c1624a36c82eeb835ac76e,Web Starter,0
0491e3c0087e2834e21e720a511aee1f,Web LITE,0.022569444
ac1c84bef83225528af864a119a4599e,Web Family Plus,0
834cd2d82f7a441b66dc8d6f134ad295,Web LITE,0.418402778
99a18d52271a77e3399223a5a83d0a35,Web LITE,0.1875
36f7b5e7dd6a93d43442c941d8294d42,Web PAL,0.65625
ef925699f1e9551e3e7accbb8cf07337,Web LITE,0.526041667
0461afe42861face4d95019ba70634b0,Web LITE,0
d793e61539ecab48e29843629c0deeaa,Web Starter,0.291666667
23b8dcc156cd6c00287efd88ae321631,Web PAL,0.390625
23da03c1a709d289a165d9cb166605dc,Web Booster,0.661458333
64535f8ced5ad55b6d0de50e259d61aa,Web Family Xtra,0
f33eb68a202807a5dc7f5a77ce121fd1,Student Package 1,0.484375
085aa9e5deacaa0855ae7c9a19086684,Broadband Experience Package,0
02efe38e4cc2e4c9856bf37ed0a2ad1b,Student Package 1,0.104166667
fb41317113bf3a89a2bd394a4dec7ba3,Web LITE,0.557291667
93c54997547ad2ee368728bc72ab5c98,Web Family Active,0.692708333
b9dc1c1eb57dd1479003de35b21cbec8,Web LITE,0
fd088019635401bee2879f216f138374,Web LITE,0.267361111
319078b919669d59d995c05d621f6404,Web LITE,0.204861111
ab11afafb1f13570f6265062759fa88c,Web PAL,0.8125
2de913f8b8059369c8153351a2ba8e5c,Web Family Plus,0.430555556
235fc8a364ad42cf6c021b75e1eba3c3,Web Family Plus,0.833333333
dcbb4b3942c912d5f44cdf5d7c25b14d,Broadband Experience Package,0
c198ff5086395439dd2e06fae9225e38,Web Family Plus,0.875
b1657bcb70022bc09a233467206218e2,Web Family Plus,0.546875
d09eecf7514c4f491ea43fec18e3c915,Any Flix,0.064236111
b97011606ee589c22d8ca82b68262933,Web PAL,0.090277778
93e1727e57361a57b095eef02f7b9438,Web Pro,0.302083333
dcab884afd6c1a13df78119714e9b76e,Web Pro,0
0cbda8d79da51a86745baa05c5bf11c7,Web Starter,0.463541667
51c31971adcd522bea0b326c76d515b9,Web Family Plus,0.958333333
4fe2a1e03b1cc1d67be4c4d5cb5e25a4,Web LITE,0.458333333
348e7ca95944ee856c1246a2ba8bddd2,Web LITE,0.069444444
dae4c762e2af5a6b09ae61dd64e8a597,Web LITE,0.333333333
7b72c8a0093fa3ec0e5a3c76b92b8819,Web PAL,0.286458333
164afb901723dbcfb1db54dde6a04243,Web Starter,0.609375
1601ca704c00152a35a24bb7a7f1397d,Web LITE,0.703125
147d0d2d06928b5358b643b8dffe4473,Any Joy,0.875
d7b29cfdc59cb97459110287bd6be52f,Web PAL,0.682291667
ad7be9d2841be5ca1d7c99561910f8a9,Web PAL,0.739583333
980ccb030522100d523e4a68a67c97e1,Web LITE,0
a965cda4acb888f94d8916478284ddb4,Web Starter,0.229166667
c082f46f6662cecbe700c545475da450,Any Joy,0.340277778
c1f4bee21d6d32d6a75dc779199c8443,Web LITE,0.359375
b3b852a39b3cdb5d170042cc434ba0b0,Web Family Plus,0
3b33dd056246fe33bae06f2dfc9e0426,Web LITE,0.232638889
e548db02acfda6439c1c348b6959a5bc,Broadband Experience Package,0
47cd867e6b0b270d4c6b928319313ccb,Web LITE,0.682291667
a5abc1bef66a5cef2dbd300f60845c9b,Web PAL,0.303819444
294456c6cdbead87967904c0963f8add,Web Starter,0.159722222
2f677e301c7023239a6c6f489c052a1e,Web Starter,0.236111111
c99943fec381859fea1dd8885e57e440,Web PAL,0.979166667
3b4d77b37dbfd67e00db5ebebe681306,Student Package 1,0.064236111
17676195d9ac76a70282e7c29369dd83,Student Package 1,0.277777778
a690fc211cd9b7174fceb8449f070cfd,Web Family Plus,0.328125
cf0307bd3958407503cf2e90dadcf4b5,Web LITE,0.237847222
1eba7f55e39fa936b715b4cbff9777d4,Web Family Plus,0
fc9719502e9464ed87e6475a49f9666e,Web Family Plus,0.916666667
d41330169fefa71675b1806e83e4cb9b,Broadband Experience Package,0
95c4c5fa10ba01f265ff94dc73ccd329,Web PAL,0.213541667
fdf274d421e09f7677f3b579d45aa60b,Web LITE,0
9d5311c379eff7df6239a6e74227138d,Web Family Xtra,0.631944444
0fe330b5c191c81b132ace54c42e1d85,Web Starter,0.203125
3e3066c57fdadc381bb9e0e603b5b411,Any Joy,0.147569444
6d431382e652af97c903f62fbcfec84d,Web PAL,0.041666667
9b1f1319d74c6d9a38f0538b030d117b,Student Package 1,0.095486111
52aa140600f3b9116ac8d7037747a644,Web LITE,0.295138889
42e246b6d9784f6480d686cb715ace37,Web Starter,0.052083333
819cb6072b7f743d7a35d187956afab4,Web Family Xtra,0
53c73c79df5d0cd35a0fb56bbb80f59f,Web LITE,0.151041667
d4216c721db2d641e58b6a3b3558a1e7,Web Starter,0.324652778
639eee857314ce7dd39ca7a84eb56529,Web LITE,0.958333333
803a1e2da5381b361cb975bd647d956f,Web Family Plus,0
e5a8596de49834c7093e7caee585325a,Web LITE,0.104166667
f7e5d90e8464194308301a8f63a4678f,Any Blaze,0.723958333
a1b283d5179e305ec60c7e98ad9d3875,Broadband Experience Package,0
05b8bccc885713712d193dec52f9f099,Web LITE,0.220486111
8b50eb0e7a3a77ad893ae125e9ab99d6,Web LITE,0
8663bfd18276d10d854ce2c2f7462f07,Web Starter,0.204861111
29e4ed1dd895c838aae14cef338f8640,Web LITE,0
b48f9189bd2968977497da784a1e598b,Broadband Experience Package,0
6fe425ac9cce6611b2ac578c09d0755d,Web Family Xtra,0.840277778
4f7fdfcc42cc8c27df007e52ae4356c0,Student Package 1,0.137152778
c950439894f62f21dd183242e041a5a5,Entree,0
d2b1988c765fc7d679a0f1a07d2d9d9a,Web LITE,0.09375
96c232e71b2d85f94ecefac6e427e4cf,Entree,0
fa8e90de40d413de5dc2c05bdf5eba98,Web PAL,0.375
7217b86f207517a6376ba22c8d6ead47,Web Family Plus,0.333333333
5dc96973a7f873061434798efde375f2,Web LITE,0.046875
15122086b5dff783c626d6d102b4182b,Web Family Plus,0.244791667
c9ef9c3ab40b8e20f3a8014a5751fe56,Web LITE,0.359375
52a7c660e9036f688e1c72c30c1580a2,z Sales End_Home,0.729166667
96dc628ff21d7e6a547fb8f028333b15,Any Joy,0.270833333
51974e514429cf7cffba3a1f62ee736a,Web PAL,0.324652778
a48400b39f02660c4fb865a9bf13d865,z Sales End_Home,0.032986111
6c07445cedd467f6de8b48f91455f21f,Web Starter,0.184027778
708ec595df8a31e818ec6b58bbb7ace8,Web Family Plus,0.958333333
1f67a05e8130b7b454fd076750ff44b5,Web LITE,0.409722222
25aa94eea44cb545ef46f6a3176db985,Web Starter,0.064236111
ed8fee0d56d93a28d97753e8c3a8ae41,Abhimaana,0
130a75d8233d72dc5dce070522818bea,Web Booster,0.765625
798ef28b37f853e4ac46257f28f15b44,Web LITE,0.598958333
ec751ac57c1dd4cabdcf54962e784d84,Entree,0.114583333
f1418137942f697222c8864e5af3fc21,Broadband Experience Package,0
d3733d05787b1347bd5d033ce7f2ab4c,Web LITE,0.105902778
5881470c0ab60e6d4b789346b63687c9,Web PAL,0.802083333
7372b9c4d9cc4f325546a02e33d1571d,Web LITE,0.1875
4f1ed566c9476815cfe56eab1c22ed05,Web LITE,0.020833333
0706513ba40d6899f606aaadac27a1ed,Broadband Experience Package,0
8027076adaa4e15f9eedfae792ac7990,Web Starter,0.489583333
df76fec71b5b8a47390aa5ea4d6ebd78,Web Family Plus,0
f7fa92c8fd86d44e3645806076bb7d21,Web Starter,0.255208333
bf8a508a532251ad33273c1f2297e019,Web Family Plus,0.6875
37242ebf9b1846f8f0f09a7f65bc70f9,Web Starter,0
2f95113e6a986aca6f8eaf90196e50d2,Student Package 1,0
e84b02cf91dcfcf8b78732e50bbdb677,Web LITE,0.340277778
c635e3ffef4b8dc0657b67cb62c0b55f,Abhimaana,0
5874c6d4d73afba94f9734d7b6a04797,Web LITE,0
c1058ce9a6ddd654f992860ea0251a89,Web LITE,0
7e8e7b616cbc456fff50d1ac1532322f,Web LITE,0.168402778
632c81aa0a869570ce2ea954c7d460cf,Web PAL,0
ee32cf0c7ba64fbe3a5570abdfa1a406,Web Family Plus,0.604166667
d443266a3c8c00ccf06549a16da45581,Web Family Plus,0.130208333
ce01acc546de76f431d42c29678c7014,Web LITE,0.270833333
d45f9dc6df557e80c0f6d11fc1edad42,Web Starter,0.638888889
bc5cc066d49637aa1c7457d6a51d1995,Web Family Plus,0.864583333
98d6bd332428680747175eefdb50a834,Student Package 1,0.138888889
b5bb5da2527ef639a03cd945fcef3c54,Web LITE,0.428819444
38b321526d9ef720a2d6aa07431e7ad0,Any Beat,0
dc9f4274329783c1c9bb0cf61055c9a8,Web Family Plus,0.848958333
a1e2b9c2faf456eece4bb507dd044fcd,Web Pro,0
ab608dcb7ae6ba13441cc05cd94dc572,Web Pro,0
075037287f4c416a9c5e41f8faf759ab,Entree,0.095486111
3b1f1becd16d2927812a4f3f5e1f580b,Web Family Plus,0.09375
f420ff487dfd443ea80054684951596d,Web Family Plus,0.204861111
5fbc629ff2a00c1534a57cc697531beb,Web Starter,0.546875
dbaa2345f60ee29f6daa52326eaa715f,Web Pro,0
e04722d49629bbee262f96938f8e2ab8,Student Package 1,0.227430556
df42f109781d3f3314df8fc89001dd37,Web Family Xtra,0
e05e86eb7b7cc8d7f0c9f4be0c8aff9f,Web Family Plus,0.017361111
479934bc992ead510eb362cf49ff1143,Web Starter,0.734375
fac5b116afffce1f082f81aa1dcaa2ec,Web LITE,0.064236111
100986a8c25cbe3257cd184a42453dda,Web Starter,0.118055556
648d508470b0a8644957a582c96c1681,Student Package 1,0.069444444
6e103f04aa3211169552e312a0da99ac,Any Flix,0.454861111
e73b63832cde75e8933fb3824bcca198,SLT Staff Web Family Plus,1
e56fdc924d8da3d53202f39e1440d6e8,Web LITE,0.104166667
5086899186b6fd65e370c42ac49dca61,Web LITE,0.390625
f8b07823608b3c2bb804755b28e67b8d,Web LITE,0.192708333
871e19e6394497355a61456fae44e71e,Any Joy,0.381944444
009ef2d25878cecee8d2c8115d26f4ab,Web PAL,0.802083333
a4cb899e35dfb4e37bfc5b80673dd70f,Web LITE,0
96d972b2edfb5cf8c733f0fe2fa775a8,Web LITE,0
f50bc155abca0db49d377ff98013b313,Web Family Plus,0.654513889
159f5c90adfd80748205f2cd35162968,Web Family Plus,0.71875
b75b7324975619f0aea52d07ceb5075e,Web Family Plus,0.164930556
9fd9ebb35b50bcb056ed69e675c49ca1,Broadband Experience Package,0
9a8ac6d5196ad4859c90c868f750943a,Web LITE,0.076388889
8227a7f62cdb422db06fd9a3e9fc08ed,Web PAL,0.361111111
511d783a0c9fb3a1a53232bfb501e0fa,Web Starter,0.239583333
213af62a66c9bf521009b8b7ac88928f,Web Starter,0.807291667
ead1690a52c3ce6f120c5135db86cb9e,Web Family Plus,0.555555556
c4c9e74f036ee5a46633de9eccd26b78,Web PAL,0.416666667
c6893e4f8c07d80b4333abf57c1a1820,Web PAL,0.4375
a5731d6c69e2a410c2fcf8ce39d59cc9,Web Starter,0
874f15b5af4354b51d444ea8812c8841,Web LITE,0.262152778
ce4efc4679f3275663fa3a02f8ec02ca,Web LITE,0.256944444
4f27a5ced1c5707b9baa5abf7451309c,Web PAL,0.083333333
2b1f1161870583f0b5280e0c5d629c78,Web Family Plus,0
f8961bbbc0100bc1caa29f9c7592aad7,Web LITE,0.248263889
697ac4abb2f6162a2e0d4d81ffde9c37,Web LITE,0
e70e570f19d93ffbd1385630a2351cc4,Web Starter,0.71875
8b48c2dd79e17b76e1f62af3afd4cd2d,Web LITE,0.272569444
8c8ed6fa766931d243fdc3b6c3509e75,Web LITE,0
0884ea3f105f60803f87d52a43fe98e2,Web PAL,0.802083333
9c802b6b329dc1e3ba6e6c655a21e65d,Web Starter,0.59375
84e623c16270221211fb37ffa49d5fda,Web LITE,0.097222222
fdc0c942192893debf36d9898f829dff,Web Starter,0.1875
75ff3a8340bc095f7dec5163742e5365,Web LITE,0.291666667
d1cb5f57375c3bd80239fbca00d82f2b,Web LITE,0.036458333
33ca030adcf34844ba8dda8990ad74d9,Web Family Plus,0.380208333
51b98b3f40f56f1c2429985e1c993322,Any Joy,0
15ad0b0f42151f02f190c1231f6288e3,Web LITE,0
d22580e325a92ba4d48629c2ee16c378,Web LITE,0.100694444
6e2ff211acbb7b15aa9cf671bf8d245d,Any Joy,0.119791667
112a84081ab94398603c14a9dcdc2d88,Web Starter,0.15625
b45d9944b826b38d7cd2984260eb8c20,Web LITE,0.375
b3bd0820dbe08e095137b100bfc9725b,Web LITE,0
38a6ebff001c58fc9531d4fa45e53d20,z Sales End_Home,0.666666667
f91073db9132fee6b2b78a71c323a01f,Web PAL,0.734375
2398673d5c27e210825771e9635dbb94,Web Family Plus,0.755208333
0e8af614da4b2fcc762a4496990db9cf,Web Starter,0.505208333
f351df7e424d8b1a4f0f58a0ec096b13,Web LITE,0.609375
03440e98a13532a3aba78b2af05b15bb,Web Starter,0.270833333
9796df61cd165b829364c6e9983513a2,Web PAL,0.057291667
40b35b6460711a310d9471fea26da10d,Web Starter,0.319444444
a4ace850f2dd3b34c4f16ae6174a5603,Web Booster,0
339627aadb955f00a953471ac69a1a95,Student Package 1,0.385416667
4c8b1ee698ad63a7ba672cb5779a951a,Web PAL,0.979166667
fccd08025608a774a70885c965aa0c10,Web LITE,0.194444444
e8e61689501241942130daf44a15824a,Web LITE,0
27bcc795349dce0b9f24faff44cf4b97,Entree,0
9f95d9c107a917925ad9cee2d99725ac,Web Family Plus,0.072916667
bda07bd430770d8b4936c144e1523473,Web PAL,0
4331912302921124842662df944ba046,Any Blaze,0.534722222
8bf773cae804ddbcd09f60f8f98a52e6,Web Starter,0.088541667
656462687d62cea968dc32c0c6d28a70,Web LITE,0.380208333
7ea00f300c7ef501c5cb5ea990cda3c4,z Sales End_Home,1
ad8f924faf85ae394cf5c8b22104ed86,Web LITE,0.118055556
338a964be497aa3ede3f7a1aa349e33c,Abhimaana,0.050347222
7f50c7e60508e7df079f0c88350f9fa5,Web Family Plus,0.293402778
56d42c452d45cd049409581e0c576dd9,Any Blaze,0.802083333
ff3bbaa2dc7192310bffba9de7ecbf1a,Broadband Experience Package,0
a5ddd6532ee69e06417a86cbe30eed81,Web LITE,0.246527778
0fbe3258dcfa66ff8aeb48c4da1ce89e,Web LITE,0
7bd287b57d25bc3ef9c682b700969519,Web LITE,0.342013889
c2e8b398c13ac363a120ece735286236,Web Starter,0.260416667
81b794726ed4bcf61fd0f0e058242058,Web Pro,0
cb3139122f3f29ba965d086c375f2884,Web Starter,0.090277778
ff419294738cd6d4259861c10653cf17,z Sales End_Home,0.59375
88d27b718c1c1b082aa2caf07fe94716,Web LITE,0
97cc4264ce22778add7b154d8f072c39,Web LITE,0.005208333
c8f2be67a8076ed9490e24e687fe8e1c,Entree,0.211805556
911a53e6c45e6a773eb42993764e69de,Web Starter,0.404513889
8dea1ccfd1a38f1077e8af6d9f253efc,Web Starter,0.350694444
d431d54b97ea76b261c410db6748db43,Web Family Plus,0.090277778
fc03b76767d7b230a4b5f69846dd1305,Web Family Plus,0.895833333
1c4c0f12a0352e8aaf58602ecf64e877,SLT Staff Web Family Plus,0.614583333
de8defa43bb9ac561c4f573f798f7b68,Web Family Plus,0.241319444
29b62720508307fb1782dc6f821bbd5b,Web Starter,0.723958333
1909daa521cde4a2617df97d0a07e24a,Web Starter,0.347222222
d636cef6d485bdf4827d87bdc7d8287e,Student Package 1,0.5625
eab1745ad3798676d3ea1cd62338ebdb,Web LITE,0.310763889
01de9990ae13d651d8adbfc4bb1a6f72,Web Starter,0.192708333
2c9fdba97df99b4cfe48a7fdfc2a9d83,Web LITE,0
3cec49dbfa55280f597e71096f17a579,Web LITE,0
ce2a3c0ad196e73f3cd2ba9f82a2b504,Any Joy,0.010416667
a416a48d15a1c7d7e57ad0da83e934ce,Web LITE,0.251736111
836d8d893b765caea3f6763e947091c2,Web LITE,0
0f574e245c20bb39db931a9d9e55b827,Web Family Plus,0.229166667
231188ceac9e1917754819af84b1456e,Web LITE,0.21875
a360783134f70cae853024b5ed3f1ecb,Web Family Plus,0.6875
437d53cd2cba11d254dbcf4fefd84d4a,Web PAL,0.234375
3dec6cac91d5d018e8286e9e8311cd97,Web PAL,0
01d4aea4b4e156705a9ff94e699e5aa3,Web Family Plus,0.267361111
9e60ea2c8103a42e6c65e2cc13482589,Web Starter,0.116319444
c5c3d6ae9227ddd0f3bd967976d42974,Web Family Plus,0.515625
09c3fea2f2505f63be5eb46bebb49a17,Any Beat,0.090277778
14f9fadb475fc09c77c1deb87d279017,Web Family Plus,0.979166667
e85fd21e8b6c3633b8bfe02df52072f2,Web Master,0
085ecebef1af065588e3558ca21e6d4c,Any Joy,0.052083333
5bc8f4caad0c82624d8ba7b0e0ddd84e,Student Package 2,0.53125
6d9f3cbc0d0046147d331287181b2a84,Web LITE,0.079861111
495df5121088ee1c479289e9ea749d09,Web Family Plus,0.644097222
c8a2e29e96f44613f70d8357c939c15d,Web Family Active,0.513888889
439302a824f37d4550d46931a15415da,Web LITE,0
6015a180ae7e0b81ec835d6e4229a881,Student Package 2,0.828125
27d0c2bda19d6895a5ad0065e27624ac,Entree,0.064236111
1e317134b50ea5043ebdc3f75d1cde8d,Web LITE,0.338541667
554c4ca38ac24684ddc6fe4676d79ff3,Web LITE,0.026041667
c8b54b39bd3792cff8fa2019c253ec24,Web Family Plus,0.489583333
9c0ed0a8c2c709fe435fa3c4786dc6dc,Broadband Experience Package,0
6b1de3a6d8c3d137cdcbb599e6085257,Web LITE,0.069444444
5d853feeb09048ff7abde29cbaa8ec51,BB_Netflix Unlimited,0
dbbb4011c6cc809850aa01f8ff5fe922,Web LITE,0.041666667
0fa1d2aeb386d52b8fb4b545f3d28b5d,Web Family Active,0
7db2aa38214037279601a314071d1972,Web LITE,0.326388889
019217a7950072f267ab6dcb0d790969,Broadband Experience Package,0
f5934060d1b7b0a329df4d29242225b8,Web PAL,0.567708333
af66a61a98c385584e3fccfd8dcc5412,z Sales End_Xcite,0
