ACCOUNT_NUM.hash,package,ratings
a6f795fa3e3bf7daec81bd44a9d1b59f,PEO_ENTERTAINMENT,0.65
729e0a0a75015a8908d0989386f4454e,PEO_SILVER,0
9fb15a37e248fce31c7d0ed98aaaaaf1,PEO_SILVER,0.7125
0d4098a262a8bed6ac4253f42dfc5769,PEO_SILVER,0.49375
fac45c3800fe3b9a28cc124f692a9f4a,PEO_SILVER,0.86875
f53c729fa6b9ce93c6b4bb190efe41b3,PEO_SILVER,0.7125
4ddd3dc2b7a3fe4907f9806fc67ab627,PEO_SILVER,0.5875
3da406d3682d6e70b8246e1276bc485b,PEO_UTHAYAM,0.8875
bd9ab5150e50824620e1b6d2c2ae972c,PEO_SILVER,0
8ce4fe811face4a69aaed5826e59cba8,PEO_SILVER,0.86875
62a613f1489781af6178b5e56512a672,PEO_SILVER_PLUS,0.95
3a4dad085cd6d7c3a3cd2d08066fe72a,PEO_UTHAYAM,0.95
2ea6c5e59c02744c036fe8ff6cccfb7c,PEO_SILVER_PLUS,0.95
1ce18d35b2ddbbcc60b9948191ea6f54,PEO_SILVER,0.6375
2f5f7b35fdde12af6267f46b2daec2e6,PRANAMA,0.91875
60fc80e0cdc89975d474afc0fa42f6f4,PEO_SILVER_PLUS,0.91875
e05362129a94b4d31412c7d22a11e057,PEO_SILVER,0.48125
8ab2a9ff09c00cc01fc8990280dca730,PRANAMA,0.95
df7257328cbe465e049d30cf43dbb3a3,PEO_SILVER,0.175
61ad08bec55b984dd1acef4f0986150b,PEO_SILVER,0.825
37c11ba654e04b5a5ae67331377861b8,PEO_SILVER,0
642c5906212f5b67367c4696a89d33b3,PEO_UNNATHAM,0.8625
9135d32e460f1607319ecd41d7e76ad6,PEO_ENTERTAINMENT,0.83125
6cb73a4f1974baf343039aac0c589734,PEO_SILVER,0.53125
226641ab4771b05de162a82bc0d75bf8,PEO_SILVER,0
5012580e4e22ef4a34c514164caf9ea7,PEO_RELIGIOUS_PACKAGE,0
9c9b0255d776404746f570e4b342b121,PEO_SILVER,0.5625
ee2a1d078dae54446c8b83e33455aa5e,PEO_SILVER_PLUS,0.775
07cd6e4581f24168de8a6a6286c61e4c,PEO_SILVER,0.4375
72468a66915ec413e33079dd8cc383e2,PEO_SILVER,0.95
3ddb2d7662603871c7354efbf1e54826,PEO_UNNATHAM,0.85625
cc8d273c826b1c1a630bc259f84a9f5c,PEO_UTHAYAM,0
787d13b4fa1a0abbaa332d1fc26f3cba,PEO_SILVER,0.7125
28beb61a8e870d8635737d2e10b9d613,PEO_UTHAYAM,0.6875
9017aea7b442570443e5a1ab8d16df5e,PEO_SILVER,0.74375
006ff446f4e8c78e943f8ea7ee9f7388,PEO_SILVER,0.7125
f380b9c1ef1726a4f469d961155886a1,PEO_PLATINUM,0.7125
179cb6a90e31bd33301fc1caefc43d9c,PEO_SILVER_PLUS,0.7375
0e0268e1e384b079cb5bd87b0199e607,PEO_SILVER,0.89375
62ec977241520b1a0d5b0b35fd8f7973,PEO_SILVER,0.65625
65665b5b8a406b20c4e1193c47ede940,PRANAMA,0.95
8b2e7b26d4df2ca8bbfb40888d7cb4d0,PEO_SILVER,0.44375
3154dcda89f94e62381d726cf35e9858,PEO_SILVER,0.475
d97b8fbf04e2348068e2487d2277209e,PRANAMA,0.05
f6e3e4e70d26cb296461e33de68fe3a6,PEO_SILVER,0.95
6e960ca70505ead10e577c298a80cf0b,PEO_SILVER,0.91875
80628ffc64c5c9a43b84a4f66a9aabff,PEO_SILVER,0
b5ca2763e687b2b5cf70f3282822c4d8,PEO_SILVER,0.05625
954b260034de32a9b8e1a1f164a65e0a,PEO_UTHAYAM,0.53125
4107bf73ad824d7c5bc2a38552cf7f78,PEO_SILVER,0.6625
02d208b753acaa64ccaa5571837b3959,PEO_SILVER,0
ee3713acf4da68cda726f61d3f1026f7,PEO_SILVER,0.95
211bbb4246a7e424fe036570c28e89bd,PEO_SILVER,0.26875
38a4479af5a3fe49743da6fe9bdac5e7,PEO_UTHAYAM,0.55625
7574f2af2577f06011489d104630350e,PEO_SILVER,0.475
33b1698f14c4942a2bcb3d871a9dcd81,PEO_SILVER,0
7583ed8b58f2a48e5ffc63839fb005e5,PEO_SILVER_PLUS,0
3a240dcd129198ea601e037670f5222e,PRANAMA,0.83125
51f8686066d2d0b31c315737bf9c024b,PEO_UTHAYAM,0.95
276ed6852f3e00ab8a3486fe88ce73ca,NEW_SLT_STAFF_PACKAGE,0.3
5cc7bb934cc6aa2e25c9973af21825c7,PEO_UTHAYAM,0
7684b27d889f8dcc283f51df214e9502,PEO_SILVER,0.525
21cd57093a47e621c150f57d2a34d18f,PEO_SILVER,0
815715720a60e6f24a27fce7f2a0a5ba,PEO_SILVER,0.95
6184e258fc549e12c235a2bc10ae297e,PEO_SILVER,0.95
d423b8bd229b24c6aea8cd1925d6a59c,PEO_SILVER,0.66875
bfb7d1428bbb21cf1c1269e01add9b69,PEO_SILVER,0
3c5f944ac7ca4dae15214e9a2a1fc4fe,PEO_SILVER,0.95
0229633f66008af9de26cf997639b5df,PRANAMA,0.65
e190bddedee7e06e29f6720ad41c53f6,PEO_SILVER,0.95
d3e013aa511a9cfa73d20b8c393a5fd1,PEO_SILVER,0.95
687b491bf6c2e01f7ce625cdbe82db29,PRANAMA,0.76875
9b8346602e41e448af8355cf74ddc43f,PEO_SILVER,0.025
1c1310f7ff2f14f691225810ace1b9cb,PEO_SILVER,0.60625
455670994ab29b5f74a089a71e46ca75,PEO_SILVER,0.41875
8d4cca83c3240e917a7f1b1382f563c6,PEO_UTHAYAM,0.925
b67e9ae8b128d76082bca87e1377c49a,PEO_SILVER,0
1ac9cef55b7a012cf97dc32bf9d589d6,PEO_SILVER,0.85625
73be49dc0b94ec282b0c13e9bb71c83f,PEO_UTHAYAM,0.79375
b4beb3d33fcb942ab8c581a0a5d97ae5,PEO_SILVER,0.83125
b3d5c12bcaa45ac6a96133d03f33785b,PEO_SILVER,0.89375
7db2a1da08542d03b0f6c5a83ca1d202,PEO_UTHAYAM,0.95
21e2a94960106171ac59b4a319087d42,PEO_SILVER,0.31875
4b1f7bfd0aa9b296e1b62885043a0167,PEO_SILVER,0.18125
22a4bde0ca07e95b847c61d23190ded4,PRANAMA,0.7125
bac04efa07cd80de912fc42bcc3d17e8,PEO_SILVER,0.45
744f89fe5b7b4f24c1b554988ae92227,PEO_SILVER,0.71875
b65fefee971a5179158d4ab784714866,PEO_SILVER,0.80625
abf81e41ccbd84f2f2d76b249ee65ba3,PEO_SILVER,0.975
66a495b16b6727035cc7ea73dc20dfeb,PEO_SILVER_PLUS,0.8375
f3428ce821ad9137e90751ac53bf1271,PEO_SILVER,0.5625
352d3632a9aae5fd17e1efc85fdbae74,PEO_SILVER,0
ab8c3170ca6610a4880fb33d4eabd8c4,PEO_UTHAYAM,0.8875
3ac8ee29046417f579c1a8030f0e57f5,PEO_SILVER,0
5500568d27e03f40acd5fa387619b65a,PEO_SILVER,0
f3c7c709f8f69ea75d22b839ac0db540,NEW_SLT_STAFF_PACKAGE,0.91875
03489485bb11b7474395412e1ecd952e,PEO_UTHAYAM,0.15
a82f1ccde9bd1c8a494ba21042be5bf7,PEO_SILVER,0.5375
dbee812ebc15f6c8a1357521f5fdda46,PEO_UTHAYAM,0.79375
6666ee9abea94fe9b425170976310579,PEO_TITANIUM,0.95
5e17e5e9e9ed40a9414df088089dc7a9,PEO_SILVER,0.925
033bfca5a6ec3efe628326fde56c6e14,PEO_UTHAYAM,0.2375
9388e2c8ed6300c3c7138defbf5976e6,PEO_ENTERTAINMENT,0.6
e0e16275eab60ed6f36ffc21f09a5844,PEO_SILVER,0.5875
4e30072320e0cc5102516ac0f83dac32,PEO_SILVER,0.30625
76d9ebdabc9289f652367e82f2371dc8,PEO_SILVER,0.95
1186aaba03e18b3dda89c75d611e8116,PEO_SILVER,0.5875
41eb0e2cddc221c0d36d27d1a1b9426c,PEO_SILVER,0
b698662a793529c2855f4b571b89165b,PEO_SILVER,0
727e922dedd96f27825622f0591ac619,PEO_SILVER,0.05625
e9c6e3f904c96634fd6d65955ad51c0a,PEO_SILVER,0.89375
dbee92f5b3f3d6bd915438379b06dd1a,PEO_SILVER,0.2375
204773567701102c4acf8fda9eaccfdd,PEO_UTHAYAM,0.3
949e14e85d36002ffb954d42d3366936,PEO_SILVER_PLUS,0.2375
c78a4d471b35986569d8b1d3dc12d61f,PEO_SILVER,0.85625
af69a78341703191f3de5bf6cb299465,PEO_SILVER,0.51875
370388c74ac6c26daab046792aec7769,PEO_SILVER,0.3125
463edb7ee3679ae39fb71adb963d12a6,PEO_SILVER,0.68125
b6d242ed579dd0b5996d0dda63fb53e2,PEO_SILVER,0.5375
a16e265b659ee82dbded359eb1630985,PEO_SILVER,0.36875
ce1479b8057f64eb01d40dbbde2c4a8a,PEO_SILVER,0.7125
1de928d00b6ec68939890da334d6dd91,PEO_SILVER,0.625
5d94a1b8d297860a43e1ddc0293278cf,PEO_SILVER,0.7125
7065a12be55f2d80504af87e2d88211b,PEO_SILVER,0
0569cbb3fc4a77add1ec6659fd12e4c1,PEO_UTHAYAM,0.95
a24a64840eefe80e019dbcba52e43c71,PEO_UNNATHAM,0
0c3a54faa9ea080be29f3b712ae4ae32,PRANAMA,0.85625
b9f2d5bd898fdee0e7deae11a6d9f586,PEO_UTHAYAM,0.8625
5b99845af0774eedd0b0042255fc0cce,PEO_SILVER,0.8
b7248e85b8f1acf643ee05f42d15dd9f,PEO_SILVER_PLUS,0.68125
e7bfef3276f6c0027bb79e98ae7fcdce,PEO_UTHAYAM,0.95
fec73c426042e8a0e56358eac84ee716,PEO_SILVER,0.51875
977e4ee9367aa91169cbd8def5d603d5,PEO_UTHAYAM,0
0ca46f4e89d566fb321592c90fa5f302,PEO_SILVER,0.7125
74f5fb4df2da56e83d9d1849743ae73d,PEO_SILVER,0.6375
5f7765db55f94205964f6ba83cc7ea28,PEO_SILVER,0.61875
f86f6ed976592b4a7f27d11d27fa4091,PEO_SILVER,0.6375
795049de5385a6e45d0d2138794957b8,PEO_SILVER,0.95
3a5d18f9869154219008b298d466fe88,PEO_SILVER,0.95
9744486242c3f48eb8e54fe1d1d412ab,PEO_SILVER,0.6875
9c3d4573bc4ec3b13fece03acb36986b,PEO_SILVER,0.95
7c4d48b50e8a010086b0f9dae74dd9ed,PEO_SILVER,0
d6ac58a33580a04f7c8f98e23c0952a8,PEO_SILVER,0.66875
9d321a8fb656c622471696a2bc758f5c,PEO_SILVER,0.025
9e19da5eef4cce597645ed6914fe72f3,PRANAMA,0.80625
69cfc0b43f9c40410b85d1c844eb90a8,PEO_SILVER_PLUS,0.74375
d775fe395d1842e6dfbed53720732d11,PEO_SILVER,0.65
9dbc0644cab80d4ffd2ed766e6129660,PEO_SILVER,0.85625
f7711a3a7dfaf7c84092ba835257b01a,PEO_SILVER,0.83125
41a4c553bc97af5b2bed64b3e21e0fe3,PRANAMA,0.3
aa912c4d4956432273d96d86698fe893,PEO_UNNATHAM,0.8
6b5791f8d00c5c49343e59f25e25f284,PEO_UTHAYAM,0.91875
b32b8eb1b389b5e13424ccb16ef3bb20,PEO_SILVER,0.95
6a02dc3d96bb23927f2e431cdf91b25a,PEO_SILVER,0.95
9d2f5d0f09198069413924db9a10d1c3,PEO_SILVER,0.63125
0a51c034ddd90f3dd18f2180d0027646,PEO_SILVER,0.59375
eefbb94b21717895e030be214a81e443,PEO_UTHAYAM,0.85625
3c502de03c83a5ab2b0611acea658f02,PEO_SILVER,0
16195d6ea26221cbf854e51521778d07,PEO_SILVER,0
675212b48e5e52c3e2fa0824022fed75,PEO_UTHAYAM,0
36eb10793bed8cedd0543aadd8b2935e,PEO_UTHAYAM,0.74375
8809ccfb9feb647fee3fa54f51e7a4d6,PEO_SILVER,0.54375
53dc349cfcff13f6d9a7d4acf99a31a2,PEO_SILVER,0
4dc580d935b3ea0e73a38c74abf31740,PEO_SILVER,0.325
914f4caf98e36d45627e90a284ed1eff,PEO_SILVER,0
527bee55410e283d6f39f8f333688afd,PEO_SILVER,0.7125
a1f9309b10ae0a4a415814df59804e83,PEO_SILVER,0.825
6b0ffe094f45db2000e3dab12e3b32fe,PEO_SILVER,0.70625
546191b74cd49d23ccd327a3361b1f1a,PEO_SILVER,0.95
a680a155a6a24890b6c3ae8c94870ad3,PEO_SILVER,0.95
0428ed3b8393d8dfb8ff616d8cad7e15,PEO_SILVER,0.91875
268149853c4ab63714b8b72c196d398b,PEO_SILVER,0.95
62bd8ebb6ff7c3676ef87c700ed15758,PRANAMA,0.65
bb5837708e87a57c24f4d3588f6196d6,PEO_SILVER,0.80625
1047b93a01ee2e0d73e912a8ef49f249,PEO_UTHAYAM,0.29375
f5934c227c949c6261c40629f4287fc4,NEW_SLT_STAFF_PACKAGE,0.0875
724bbbcc09bc1b4d4dc54f48a3063478,PEO_SILVER,0.79375
6da79766c57e021ac88dde68805bb2b3,PEO_SILVER_PLUS,0.68125
6b0c06314c011647159a5cc5f866906a,PEO_SILVER,0.7375
2eca1f684f6a5d6037f9f76c3e291324,PEO_SILVER,0.95
24bfbfaec2e2087b143006a0d8821a07,PEO_SILVER,0.5375
774dc3b83ad4206d606eb9d6e0cd61c0,PEO_SILVER,0.7125
719f2691cdcfa7bf910e12d8ed681430,PEO_UTHAYAM,0.95
373b532da56d18f90845d2a1749d588d,PEO_SILVER,0.44375
955d85e4155cbea0a3539f2f69ee1e38,PRANAMA,0.44375
21aaf0944bbc5257be10717f97c38c18,PEO_SILVER,0
8dc9cff7d04b2aa584987ce723aa8dad,PEO_SILVER,0.8875
5285d0b42789bc9ca23c2b10b1861071,PEO_SILVER,0.20625
5e3aafebf2d2870663cf0b4db380bc93,PEO_SILVER,0.63125
f090fb442ca3949264f46a455fee7fdc,PRANAMA,0.53125
1570296aa594bcb2f18af36c941f7136,PEO_SILVER,0
bfe4aff48b39bf352f7b5b88b0223052,PEO_SILVER,0.8625
7becafe9c7bad46e4ad00345292a3532,PEO_SILVER,0.15625
fbfdb60177fd5265eb5f0dc6a5f786a6,PEO_ENTERTAINMENT,0.8375
f914d14f1f69c4d0e5edae1e10b74a0c,PEO_SILVER,0.45
4a57fe5bd1b4bd448cb092c2492152cb,PEO_SILVER,0.95
0ebac55a0548b5a655b64dbcb3805cf9,PEO_UTHAYAM,0.625
1d37487e1a255b2fc890ba502613af24,PEO_SILVER,0.91875
54c9ca66692737b061241af954393153,PEO_SILVER,0.91875
65cce651b98a11d800b8a7222b59d48f,PEO_SILVER,0.51875
3cefbbcdb285819f2918aacd618b36ff,PEO_SILVER,0
ffd820977e139cbabf31dbeb5dcc1b23,PEO_UTHAYAM,0
bb5ef0231629690dab36f1552b70770b,PEO_SILVER,0
4d38f8637a4eae8a8057927a14b0995c,PEO_SILVER,0
0343a21cd63098883687b660b665d3ee,PEO_SILVER,0
58731d05cb1202eee96142ae3c43185d,PEO_SILVER,0
bd1c0413b8ee92da3ec5ffef9515e849,PEO_SILVER,0
8253331c282b15c0ec336141a71bb428,PEO_SILVER,0
387e51b4318301d87293fee085b09d42,PEO_SILVER,0.61875
c7ac875d9d22beb42ecc6f641e749567,PEO_SILVER,0.8875
3a4c511838c35fd79cef93fc0a9d1236,PEO_SILVER,0.95
1720696a0cc0328d0bef44d8bc538f8f,PEO_PLATINUM,0
335ad0977174a6b25d969a808106263b,PEO_SILVER,0.7125
729060c37b1e569afd15c2e3b6a39f61,PEO_SILVER,0
923659db0ab915e85c7c0c6aa499a0b9,PEO_UNNATHAM,0.7875
36e98a9d14f6461a470134a8f2cea2c6,PEO_TITANIUM,0.5875
62792947cf07417aac4ffb4b80fb66e2,PEO_SILVER,0.74375
fd54b3aa9768db49cee68803cb7a238c,PEO_UTHAYAM,0.6875
1e9ce94bff39a12fb81791da5e46c5d5,PEO_UTHAYAM,0.63125
c4cdbf78ef3d51bc7877a0ad444bd245,PEO_UNNATHAM,0.95
afe14971824c008742742c0250bbb055,PEO_SILVER,0.91875
49384555f99f8bbb2293dfec2d35cd9e,PEO_SILVER,0.95
fc634f2827c53ca663b3dd974acc6a0c,PEO_SILVER,0.68125
af20d93bfceb8a2cbf10b79afd828c26,PEO_SILVER,0.89375
f4fbb505ab38dec40e123a0f1badd228,PRANAMA,0.7
6228bb8aa959b7cb9d3d2ad338fec546,PRANAMA,0.7125
90a256613a34fff9fa4a673439ae61bb,SLT_STAFF_TRIPLE_PLAY,0.6
65ce9d0763b58b9750bf8a8a464cb47a,PEO_SILVER,0.95
932f6817736c16f922247ffbc4ee5a6d,PEO_SILVER_PLUS,0.64375
5ecc5dced9ea163b340fae6c48b9128c,PEO_SILVER,0.7125
dd596ae893293795f843346230b7c3a5,NEW_YEAR_TREAT,0.95
df54f3cec9f5152d8e114e24368096fd,PEO_SILVER_PLUS,0.7
5fd4008dfb0c4c1ec262366c3ca826be,PEO_UTHAYAM,0.9
8a5195e86fa4439113e96300694dbd95,PEO_UNNATHAM,0
1702697759a3ecc980b0b6e0624b4374,PEO_UTHAYAM,0.7125
b687df66a7c6bddc1023db596c4f3c2a,PEO_SILVER_PLUS,0.95
59600c518e06137a7cfce173bb795123,SLTStaff_PEO_SILVER,0
ba25e1286ffc8426562e04c54730e70f,PEO_SILVER,0.0625
c38262bab4b90baad59b941003dab510,PEO_SILVER,0.1625
cc7d16b0e029443d0fadd6c2b903b546,PEO_UTHAYAM,0.95
c4b3d2beb32b7b06d5c0c639cca5dd46,PEO_SILVER,0.8375
7c5adff3a58730b7e6144c73aa4316bf,PEO_SILVER_PLUS,0.85625
119204faf1524da9eb0a705a7f026ca5,PEO_SILVER,0.8625
651c6b3fc9842c5c50a8286a9742b4a4,PEO_SILVER,0
9681bedc89c1a1cd446b7c20117af75b,PEO_SILVER,0.5375
bfcd9dbf9cb952a184d7e5a4a8059df1,PEO_SILVER,0.7125
1312d295fb91ad37e12157e294a4e0b4,PEO_SILVER,0.625
fb2b5b3b84aebc38552057b4488ba0ad,PEO_SILVER,0.95
8b638f7a0abe531d4255cabf28c4d826,PEO_SILVER,0.95
3588bcf2b85e15cab9371b4dc1af23be,PEO_SILVER,0.8875
6123ee47fb31813857c8e410ded84b8d,PEO_SILVER,0.8875
2a9df80810bc200c1ad3613d8eefd53f,PEO_SILVER,0
bd91398f09b3329c05935cb51268c42d,PEO_SILVER,0.8
cc94c57867407f733d7160afb15f7ef5,PEO_UTHAYAM,0.775
ad1fbd266133d085a60fe6ae199a04d5,PEO_SILVER,0.74375
d22c9bc9f2c02d6f8f0b9dd356e81229,PEO_SILVER,0.95
b91540d73ecca909f24bae226053a986,PEO_SILVER,0.44375
0c3b78f94d54d814d6324f8673678aa7,PEO_SILVER,0.95
0866e1a199b053b6762e99c9f7cacd6b,PEO_SILVER,0.475
b2ce302efbfd039ec196f08fd34612c3,PEO_SILVER,0.91875
12d21c77b05d5952636c8bd916380c4f,PEO_UTHAYAM,0.95
2a060fe8c46e824806ae9550c89c4375,PEO_UNNATHAM,0.91875
e063d5e3e89a23dd9e03a637350afb61,PRANAMA,0.675
3b6e03fb84bdf9399df82986bb1c2665,PEO_SILVER,0.91875
04bbb025e0f05babe509b5b4e1eb8f68,PEO_SILVER,0
153a25e8d79277fedd02834e02dd885d,PEO_SILVER,0.45
099f3123ba012ba1d09237b0f6874e02,PEO_TITANIUM,0.11875
5442aafe8af2df74c7091ad5db81bc76,PEO_SILVER,0.725
31e60d049f1c2792fffc5c0fdb63193e,PEO_SILVER,0.61875
53cf04240e64e13e0239026b1f57367f,PEO_SILVER,0
4526ea057a7e9eda60fdf31c1b54f84a,PEO_SILVER,0.825
67a0df571e3aa48aa7b07bff76c39f03,PEO_SILVER,0
3c2f12cb056e84fc1149af42c4d0d151,PEO_SILVER_PLUS,0.7125
6451b87ff16db6499fe508665dec4aba,PEO_SILVER,0.95
13492052229a47904c3c8713a0280201,PEO_SILVER,0.6
e8014a1ab011edd53fe1d5fda6f5d431,PEO_SILVER,0.3875
8b30b8d6b331453612e423cd5c98dde0,PEO_SILVER,0.7125
42b90109a2d00e2229e421ca1e4a8f8f,PEO_SILVER,0.95
39647e3f9f927df1b3733ee65d482ae6,PEO_SILVER,0
1267987687bd7eb2d388d3baaf5abf60,PEO_SILVER_PLUS,0.68125
be5f0a96a883fb6fad0591a4d24154d5,PEO_ENTERTAINMENT,0.73125
4c045e2bf5e9484dfad65c963caee8aa,PEO_SILVER_PLUS,0.91875
0f4a5e369a4420219964435ae58f5489,PEO_SILVER,0.83125
af62d52e9ba41faa64c7fb655917c731,PEO_SILVER,0.65
abf6aa85a5540031e63d38ada04ce8ac,PEO_TITANIUM,0.7
9f66b173f3d7d7b34f6f0d3de6d02a2e,PEO_UTHAYAM,0.1125
0e33abf80db5a53508635d5c87a66f6a,PEO_SILVER,0.91875
95671f9600064798e6af7dfcef8f65a2,PEO_SILVER,0.95
e663fbf3213003f51afef0eb6a2c665c,PEO_SILVER,0.65625
439a57bb967c988af3902e8454d634a1,PEO_SILVER,0.79375
0eb900938bb700f62335d6a30deb1416,PRANAMA,0.2375
210b73b2c3bd98801013ecad7ceae9ec,PEO_SILVER,0.35625
12e8ff3dc92bc4fdbd7840c05468bc09,PEO_SILVER,0
fc1a1fe57837b41d1d9ad2eac3f55cf9,PEO_SILVER,0.91875
1f416203c9a2b1bbac5427e0f4f03bac,PEO_SILVER,0.8
b74ee32acd4fba52aabbdbe95d2e028b,PEO_SILVER,0.95
c272c708c12e0a57b8a71a5e71d181b4,PEO_SILVER_FTTH,0.2375
15d49615ea4b0ad7572e8d10667d23cc,PEO_SILVER,0
3dea4efc1be6374e3fab786c47d53859,PEO_UNNATHAM,0.91875
7d5c2e0e04f42483da19c2d9e9c7746e,PEO_SILVER,0.05
d42b022b4c6a1bb198f157b10ac8d42a,PEO_SILVER,0.7125
d46059afa41f615861b4cb230a824a22,PEO_SILVER,0.18125
23353359b6d09e32771c926f0b706c22,PEO_SILVER,0.7375
edc6f9b015830be734bea39dced519a5,PEO_UTHAYAM,0.68125
cde92ed901d3b267e8c5efec52e13e13,PEO_SILVER,0.475
15073df2d038e3b09b94098a44d65f30,PEO_SILVER,0.86875
8d0762dd1e3f336c32fb29c9e07bf540,PEO_SILVER,0.21875
f758c98a340dc3d85574b1eedb202bb4,PEO_SILVER,0.7125
3a26e80d21f8d0e4ce5d8a8da221e72c,PEO_SILVER,0.76875
82e719a1d750d1d127cf505e61be451d,PEO_SILVER,0.56875
9132197b82376dbfcbda2faf35b080b1,PEO_SILVER_PLUS,0.95
0b67187e4e1c4a1102593cab8002e211,PEO_SILVER,0
6d085bf684ebd2d0318c7ab499936410,PEO_UTHAYAM,0.8875
ad370ac7ada064864f1a1bc1b94b4a12,PEO_SILVER,0.91875
d40eb559bca3f5796a8250186a669fef,PEO_SILVER,0.53125
2605355ca7519820c2de710cfdee166a,PEO_SILVER,0.95
90b2dd5e18b65d4011ac0e7549c645cf,PEO_UTHAYAM,0.95
9d16ff7c02b9df761561c1e63f228877,PEO_SILVER,0.7125
7fd4399085bbad273a1d99eba65745c5,PEO_UTHAYAM,0.55625
0fc402a5a32a7f6adb52268707e1597d,PEO_SILVER,0.95
99d185890f3919d557b4483db97eb1a2,PEO_SILVER,0.95
2e3aeb5561f7a9f02cc4d22b74c98a53,PEO_SILVER,0.95
ff6a9ebde4f19c42c852aa679c877b41,NEW_SLT_STAFF_PACKAGE,0.5625
4777d3f7a35ff5bf2fe138dbf0c81304,PEO_SILVER,0.7125
d0f6a8ac95453f3805c1f102e252e3ea,PEO_SILVER,0.30625
446b44a4a65b65b4cf09e783683b4df2,PEO_SILVER,0.8
6dfa4a33e0bf5655212fd9aae9b9f278,PEO_SILVER,0.48125
f5f83b6ec614cf00c82bfdc64fe12b46,PEO_SILVER,0.2625
dda37eaaec4b2895d9681f934ef36e20,PEO_SILVER,0.95
b417d6fd8d35c5eb15b6d1ac0b06d454,PEO_SILVER,0.125
c7b9fb35ba19b7d5931a58bf1ffa4fa2,PEO_SILVER,0.45625
cea920fbac6c79b1920fef433f829fa6,PEO_SILVER,0.7125
fc3d95ae15821caf7303786329fb1b3a,PEO_UTHAYAM,0.475
ec1287a445f039ca711bfdba14034893,PEO_UTHAYAM,0.63125
05968c6264decf938afda7899ba03f8b,PEO_SILVER,0.68125
90a7ca76033cf7fc3c3cb906f45c401c,PEO_SILVER,0.7125
58ee75507f0418310f64523bff0efab3,PEO_SILVER,0
f240836f1fa3b2e43fb7b71116588131,PEO_SILVER,0
e05e8d02588ba08e8b2de7fd248b3e14,PEO_SILVER,0
a0f2b3b19ef9a2a2ac265931ea92d392,PEO_SILVER,0.80625
e5d274140ec70366cecb819af10a3652,PEO_SILVER,0.7125
7f0f422a19374803ca39269a3fe96b9f,PEO_GOLD,0.63125
bb5e10dc1b2987cfdec96ec3703bea2b,PEO_UTHAYAM,0.68125
9f749fefe8713d42acef8b6787cca276,PEO_UTHAYAM,0.8875
a4db90edb6fccad1f356b0c287d94259,PEO_UTHAYAM,0.95
565bf02e5eee7b425b8e98f6b255c4dd,PEO_UNNATHAM,0
4e011f92d67195f03b959d879929d125,PEO_SILVER,0.625
2afa97ddcc2c4ce753252b909f00d884,PEO_UNNATHAM,0.8625
e385ffd1f08df54046f4ba10fd473f3d,PEO_SILVER,0.975
02059e815d999bda708149ae263946d3,PEO_SILVER,0
fd434b440bd8a09c67024b4fa9c7b9ce,PEO_SILVER_PLUS,0.7125
afdd62f31cd38469219a34ec5d69c0c1,PEO_SILVER,0.95
df4cead5fdd217ea679e8fd59935604b,PEO_SILVER,0.43125
d4ac2a69589b8102fba8695a72136e25,PEO_SILVER,0.8625
808b95c7008ba4241493ae938e63012e,PEO_SILVER_PLUS,0.83125
a79f2b6014730bd1031298841c8fef88,PEO_ENTERTAINMENT,0.85625
5a6b9dc443378e9eae3b63b1f6347a59,PEO_SILVER,0.56875
599e501dd524118f01f0039991f39609,PEO_SILVER,0.74375
c0e7f82547630ebd7d485c76e8701397,PEO_SILVER,0.68125
79e8b73d71bf5f250c4bada72e0adee0,PEO_SILVER,0.95
409fa135f96342c27db0b0284b733112,PEO_UNNATHAM,0.65625
ab3d4a44d25a6e05bd425f6ff9d69d72,PEO_SILVER,0.2625
315feb52cb4ccdc70e35bc8a21056716,PEO_SILVER,0
96547306b2ad8402a439a76713cd3561,PEO_SILVER,0.95
481d8af2e3250b823a4e1d1e647958ec,PEO_UTHAYAM,0.475
e94cd38e499e05d11a5ad7b0601223e9,PEO_SILVER,0.95
45c6303ce35d61897c423b4d61d952ac,PEO_SILVER,0.48125
0d52faf05083bd5a699211d77af1750f,PEO_UTHAYAM,0.70625
d3099d3fb50e694aa47899f9e59b0cd1,PEO_UTHAYAM,0.91875
ed5f680e7c5ad34c67c75d85074f4d3f,PEO_SILVER,0.35
7869289304ece530465a8520d96aebde,PEO_SILVER,0.91875
7e7a99a5150f96f9e6a70420621284d6,PEO_SILVER,0.79375
0e3c077293d94c0b686685657eb9db0d,PEO_UNNATHAM,0
c62e5676e12c35c55c8a400cb47c7341,PEO_SILVER,0.95
45617990723c8a9977ebbf5ca914124d,PEO_SILVER,0.7625
b7e5670d9db6445e987f0cb34a891696,PEO_SILVER,0.44375
0ab1d3f6a699bab522f95be45fb5784e,PEO_SILVER,0.7125
505f22f194c9e15a691099c2eb976b66,PEO_SILVER,0.7125
7f771318b5a6f298dade3d84e0cbeb85,PEO_SILVER,0.575
8c0d8fa70d64396434641a854c85aa62,PEO_SILVER,0
226bcbf5205f654ced1b49cb2b5a6aa2,PEO_SILVER,0.83125
277fddf52dbbf55506a09f6b71c1eeda,PEO_SILVER,0.925
3688ab6dda4e3f00fe2105312cfeac17,PEO_UTHAYAM,0.7125
80666c60c61d49900bbb8cec90403b25,PEO_TITANIUM,0.4125
f8ea90fa8ae3585d17fb3da4f69fff52,PEO_SILVER,0
ff088344d91358b98d0c3c956a36afaf,PEO_SILVER,0.91875
16449a20dce86b5bc4aac004e4596f36,PEO_UTHAYAM,0.61875
e3c718b180566252b05be234c406b8c9,PEO_SILVER,0.95
dd39fb33d7c7736181617d0a07da0551,PRANAMA,0.95
e66e683cc1dd51005e7ab49e1aac309e,PRANAMA,0.56875
65fec9014f86ce619bb80bb8f87d8c08,PEO_UTHAYAM,0.2875
fb2b27db26d91ff9ac948a77af5ec8ed,PEO_SILVER,0.56875
d38432b0e9e38f1d4bbfdaa76905080d,PEO_UTHAYAM,0.5875
b5525b80f4a166dbbbbdee899456b65c,PEO_SILVER,0.8625
4976d24f506c5c2418bee55d339714f4,PEO_SILVER,0.33125
0b73e10fbf074171ed31525372ace3c6,PEO_UTHAYAM,0.74375
b314900f2972db5c320f3addd1479cec,PEO_SILVER,0.68125
3c7eace1f13dcc079b522d213e440cc8,PEO_SILVER,0.48125
5429accb0a1ad9be92de8eb882a07d49,PEO_SILVER,0.7125
427a255602203e9cfc2b4e0541718abd,PRANAMA,0.8
abc32a38bc7beb0bdedd96e856404c58,PEO_SILVER,0.5375
fed4b8745a8b2222230575d79c688cb5,PEO_SILVER,0.61875
2a28a4c3c9df5f77528b84c3970c4f37,PEO_SILVER,0.7125
8d2f7541ddd1da6817004e6b82e30540,PEO_UTHAYAM,0.7125
0b744258d351bbec14cc27349a6e3cbb,PEO_SILVER,0.8
5d6086155cf3ec13f93e33a19f3b0f06,PEO_UTHAYAM,0.65
0141359554f0e9266388d09f4024361e,PEO_SILVER,0.95
c1f7231654c3734a0aa8697eb0b54642,PEO_SILVER,0.65625
324b619c08188c4cdfd0b18390013049,PEO_SILVER,0.8875
2b60f8ffb99f7932ee00cdd291fb1dd5,PEO_SILVER_PLUS,0.7125
5cedf96edfc7db66c38050881ba3edf0,PEO_SILVER,0.7125
c1ea6718893e76d2075e38bd7c9672f8,PEO_UTHAYAM,0.68125
a6d9db8c97e16e128aedab8ca25aa1bf,PEO_SILVER,0.85625
d37a87dcc3c68090c6a0a82fcbb33b14,PEO_SILVER,0.44375
f4bfb18a62563f9746ca9298b9a781f2,PEO_SILVER,0.56875
0009e7e4d940c2a539b89342af07e7f1,PEO_SILVER,0.21875
c473b14ac38e75fa9784ceeb17017bc0,PEO_TITANIUM,0.95
e06596d86276a6c08f2deb39a7b68f5d,PEO_ENTERTAINMENT,0.6125
b6443c13db7cc622d824706748ac8f67,PEO_UNNATHAM,0.8
125cd3d518ec89dcffd30b0c5fbae9c7,PEO_SILVER,0
f03683bf4c134bb86fc6a917600162f4,PEO_SILVER,0.95
6948c253ef8c29869048bdf3b0c81924,PEO_SILVER,0.95
5afd0594ef759a5f7510da09b07724c1,PEO_SILVER,0.76875
44162acd7e6e76b41685c9c5ae3e5498,PEO_SILVER,0.56875
786a34a3a07198ece94fdb85ded5d0b7,PEO_SILVER,0.53125
8cfdf59322143cd5f64912932303207a,PEO_SILVER_PLUS,0.76875
70f4d323cbbbebb251ab7ac43394f22d,PEO_SILVER,0.76875
87f59df582cae17f84d517252e18f4d0,PEO_UTHAYAM,0.63125
371596421dcb6e85b01a65c847022139,PEO_SILVER,0.2
90958c55669c00522d62ce6f3b1ef02d,PEO_UTHAYAM,0.95
638c37ebe024d545558ad403d83622ad,PEO_SILVER,0
15a55e4cc26ec3bfcf291da8cf4c5b09,PEO_SILVER,0.2
317d85dea9d40aa4ab874731fd56b82f,SLTStaff_PEO_SILVER,0.475
237b3896c652279d0c03b50261b1d284,PEO_SILVER,0
9b6c35ed4126ec655e2652acd08776aa,PEO_SILVER,0.95
dad4f90ac17c3b1d716cc120f457d8c2,PEO_SILVER,0.03125
8d124dacff3f2d2dbb87c21d2bed5397,PEO_SILVER,0.65625
bd537f0b4dbc25dea026f9705c43ba03,PEO_SILVER,0.61875
4fe337b262d86d1bf3b72485af24d94f,PEO_SILVER,0.5625
4efc4cca6d2430af189003b839d52d35,PEO_UTHAYAM,0.56875
3a3344aeb7eb335d355f53c68e6a2807,PEO_SILVER,0.80625
967e7da1a840da8729bb0d68cce183d7,PEO_SILVER,0.83125
41a4427b194c0f2705fd69ab3874b7b5,PEO_SILVER,0.65625
9fd72528a962f507dcab39590b02966b,PEO_UTHAYAM,0.33125
0aa7389fbcead860b37cb37eb5bed948,PEO_TITANIUM,0.30625
c5ad75685915bc19076fe3553b152bfb,PEO_SILVER,0.6625
710afdfeb5fc2455f2b962bb52e9dd29,PEO_SILVER_PLUS,0.83125
0c0eb84d8f25e215afacda6c60391d99,PEO_SILVER,0
d73e321d98ad7a61db5e7b124562e352,PEO_SILVER,0.45
dbbf1a6a206ddd7f3f590b758a98bb18,PEO_SILVER,0.91875
a6346fee505ba4fa34c0f6296783bd3a,PEO_SILVER,0.7125
826604f55792074aee2537040d82ff5e,PEO_UNNATHAM,0.5625
639025e0f788ffa05e304e4a02b6c6f3,PEO_SILVER,0.5625
776737aeb9d97031232f8cf929704c41,PEO_SILVER,0.68125
d7b04b6b5d67dd428014c946de905002,PEO_SILVER,0.55625
76f51c366069c47cb15d13324f59e5a4,PEO_SILVER,0
3cfa6b95efa17490e625a8a1aabacda3,PEO_SILVER_PLUS,0.61875
9593104a5b6451e4fbc4809cb45365ba,PEO_SILVER,0
4ac417da23399a3af0191561dd766e7b,PEO_SILVER,0.95
e7f98b4b80240806404abe283c40797c,PEO_SILVER_PLUS,0.7125
e854b6c03afad74dc533a5b685b4bb7f,PEO_TITANIUM,0.95
2da5a522f5b0c6a0a94832625753b0d8,PEO_SILVER,0.5
1a9645324dc8cb14f36f243c189772b4,PEO_UTHAYAM,0.46875
d471115e601847f5295d0e72064ed472,PEO_SILVER_PLUS,0
812e4aeab96bdc421791649b5a18ee02,PEO_SILVER,0.575
9d2bd4d8376164b339eebf0c623b6329,PEO_SILVER,0.95
3d5d7bdef5e9d898cee6ed80e410801c,PEO_UNNATHAM,0.91875
9324793d25ea7ec770a033120d4d2254,PRANAMA,0.475
09aa79820e2d3ecf0d89b5a7cc5874f0,PEO_SILVER,0.91875
d95fa65324a7972dcb319e98a2cb05c1,PEO_SILVER,0
0c43b8f3cee411b60f0d861c313e3245,PEO_SILVER,0
bdc48f80b14487645959ffcc905ed293,PEO_SILVER,0
5121d979db0c0ef858cf613f1eb2aab8,SLTStaff_PEO_SILVER,0.79375
9390b2db55d18b6dca928bc8d11f84fb,PEO_SILVER,0.5375
80b542f4dfcf43f414ff02b7582aea1c,DOUBLEPROMO,0.95
7aa8c0a144b14c0d37d9b50e420c4773,PEO_SILVER,0.61875
3efed4514db675832281f93ea7277899,PEO_UTHAYAM,0.74375
d9cb80e9725050f8515ecb7ef6975b36,PEO_SILVER,0.35625
20f80456ae5b6a56d27088b5b84890db,PEO_SILVER,0.44375
1295ad1df424158c24452be25504ee28,PEO_SILVER,0.74375
ca36fc61e31226884796fb29d1ac795f,PEO_UTHAYAM,0
0c4a4871af386fbb10d99dfa3f4a4573,PEO_SILVER,0.80625
9e7cc42a3217c00afe24b1da1379ee95,PEO_SILVER_PLUS,0.95
695987c7ccdf341f120c9f254edf7c3e,PEO_SILVER,0.8625
da9ee087c8bdffcd4be9eee311f84d92,PEO_SILVER,0.125
efdddc591edae3f10ed894afef27d30e,PEO_UNNATHAM,0.7
15b24f10e3afc6f4be0c431b2d17392e,PEO_SILVER,0
5f068ac5dbfd84dc29ddcaed35612f8e,PEO_SILVER,0.95
06244a6ebbee2e3905aba39475b9d02b,PRANAMA,0.74375
22b0834e2718881d70660c1e1201895a,PEO_SILVER,0
06b0e86e8d218a11ddf948ae6201f260,PEO_SILVER,0.95
2f70d049d403d3ad776fa57a630d400c,PEO_SILVER,0.35625
85e69188064b1d636d44e24e3aedb3ac,PEO_SILVER,0
18f6a17d27de55f7b8c9e0bddab9404f,PEO_SILVER_PLUS,0.65625
01cbc9b050fa000d1de651103cd30fc3,PEO_UTHAYAM,0
ab5f9186fefae73c572cf322d5f48d8d,PEO_SILVER,0
b32630170cef8463c8f6f7f5525a2d80,PEO_SILVER,0.85
e134fcd819d2ea121daa8905f04354dc,PEO_SILVER,0.40625
a39027578c2e56e8e2e44dabd22720df,PEO_SILVER,0
359a862592b3ab0e0f809d4a34ee80cf,PEO_SILVER,0.8375
805eb5785dbcea2f8b97684b2a1ee670,PEO_SILVER,0.5125
7f9f01c5867b45a9652519fbcce1956a,PEO_SILVER,0.65
23741a69b17a577596aee375524a32ba,PEO_SILVER,0.3
fa95530de16352263b6001d022501338,PEO_SILVER,0.5875
770413b5ca4e9f17b8452e7f9091dfea,PEO_SILVER,0.2375
99fa23664500b73fee6838eb68d3033c,PEO_SILVER,0.95
6ccc9078aebb8c95f543a655d598103d,PEO_UTHAYAM,0
48e41575216d90b1a7b7a1058905111b,PEO_SILVER,0
f713231c30190fe6e8c3c88a8ec6cd20,PEO_UNNATHAM,0.95
8c7599d650987f2ff75784ab32ec8d64,PEO_SILVER,0
f03ccb39f045b89ed6bc9692cade47a5,PEO_SILVER,0
68500a1443fe9f05621deb6164a6d964,PEO_TITANIUM,0.95
d421c20f2850e17e36474d8cbb422bc1,PEO_UTHAYAM,0
1cb71d6df15fc8198748879f21f155da,PEO_UTHAYAM,0.95
be57dd52a72846ff4d4a505373698f0b,PEO_UTHAYAM,0.66875
e8833c210578c4594ecd9d8bca53d582,PEO_SILVER,0.8
9c5aa7a425117d6d154d6c2cce2f6d7a,PEO_SILVER,0.41875
6e8b31106134ab663c0ed4d72fc6d87c,PEO_SILVER,0.95
46cadcce5c7e44bc3a9127081046e555,PEO_SILVER,0.95
5e60e5da9351ad15164d1dd71a78c1da,PEO_UTHAYAM,0.91875
913ccb2040c03d3a63d2d74ef06bf218,PEO_SILVER_PLUS,0
3e856543f0890a9c98d4ea038b487dce,PEO_SILVER,0.95
e52e74e1033f003ee118ef40eb4f7229,SLTStaff_PEO_SILVER,0.6875
e641c97201b0cf58e279c6d3bd19edd7,PEO_UTHAYAM,0.76875
ca9236df85255ab0a727a7fbe8406b2b,PEO_SILVER_PLUS,0.6625
fbb06fc0b3f059d33debc5ef33756ae1,PEO_SILVER_PLUS,0.61875
e9c0a89cf39bd6b453110d2f97f8db4c,PEO_UTHAYAM,0.68125
de52702a328d6e2af94e787741be8d7d,PEO_SILVER,0.7125
423494405b0c524ee3afff2181f23e73,PEO_SILVER,0.8625
2410650dfda5812a8a781bffc2ae56cd,PEO_SILVER,0.56875
ee1e478dbdf177dc618699cea55e93ee,PEO_SILVER,0.475
94b89b51690f90c07922b2d78774ffd6,PRANAMA,0.8875
82f339d8ec4277d547cdbdbe7b86a43d,PEO_SILVER,0.65625
835d8cac5b996e80dad21f431730f482,PEO_SILVER,0.7375
ace109b9aef5883c1de251c5f8222cbc,PEO_SILVER,0.95
3824b3901488c8309867305ac0bca1ed,PEO_SILVER,0.95
8139825121fb3d2878344213dc204324,PEO_SILVER,0
bd82a71432697280a5bc8278c8f815ea,PEO_SILVER,0.68125
c6c7d7f15ffb614fe0eab241d61dd684,PEO_SILVER,0.775
e5b8701c63dcecb3f359a30908485b52,PEO_UNNATHAM,0.85625
d7ee91405432bed2e06f6b9e83bba89c,PEO_SILVER,0.7125
6808615590e454d8d35f2a1a1aa0a9c7,PEO_SILVER,0.41875
bf335a59ec98040aff50c0e6d03010ce,PEO_RELIGIOUS_PACKAGE,0.5125
fea406eb917dcb3f3e93fec553e5d897,PEO_SILVER,0.825
5aba1f08fded784f8785513f69991880,PEO_SILVER,0.56875
e17a3781fb0ddfe9311bf9779e8365eb,PEO_SILVER,0.83125
0d0a0970161d620554e68e5fd6d6b751,PEO_SILVER,0
ec7252d84f45a29302f81a252e64838d,PEO_SILVER,0.95
c0b9b69c2eec99a771c4fd592e2ac17c,PRANAMA,0.39375
239182a0222aff2b85ea70d8adac8a82,PEO_SILVER,0.50625
c6e135a3da654d7a54843e5212a471ed,PEO_ENTERTAINMENT,0.925
4a15030d4e88c1314384ead689929f73,PEO_UTHAYAM,0
3a525bd045baa04a397409dae0cdebe0,PEO_SILVER,0.8375
86fe56ddb2749dc26d14bb0804c7a466,PEO_UTHAYAM,0.75
d796e4ae458d7f3a997d66117fefc7ae,PEO_UTHAYAM,0.38125
f4152db354915a1199a30502f58c4f35,PEO_SILVER,0.20625
5c58b0bb9dd04f1af4d5e7050ad2d271,PEO_SILVER,0
e07c46807f5eeeb1fe0483b61b2470a1,PEO_SILVER,0.89375
f6bf0a97bb47d603b2b548d968b1303f,PEO_UNNATHAM,0.26875
fbd1e424fcb023ea295c0bf8d9c7ae8e,PEO_SILVER,0.95
b6ca5890dc144d037959fe76034f6b06,PEO_SILVER,0.91875
b9a3c0c50d4d15474e8ca0ea71ccc4cb,PEO_SILVER,0.48125
6fd298cc6b761f6064ebdb94d35ef4b1,PEO_SILVER,0.8875
1f3b010d4c292886b6165ed72f436af5,PEO_SILVER,0.7125
22c1f4554240b8f263b64949d8b6d0ce,PEO_UTHAYAM,0.26875
b15d8a612e32c813625d83e78d10a95c,PEO_SILVER,0.5
712b73dcad4ebc3ff0f74b24c6f2e9ae,PEO_SILVER,0.61875
933cd3394373b1d2929edcaa1974f7a1,PEO_SILVER,0.8625
b50c0faf09dbdd8a2892a6c0ede7e050,PEO_SILVER,0.325
61c9ed20f3f9e3b920eb75f0d7aa30b5,PEO_SILVER,0.31875
b6790f8c79375d0bd1b4f101f5e9c4cb,PEO_UTHAYAM,0
ffaaa3f5d45ce8c8553efbcfa7e6ce00,PEO_SILVER_PLUS,0.95
5b3c983cbfe879d0d720ac158785ddf2,PEO_SILVER,0.95
3b4e1fc7ebf4714a65a515b95d8e0283,PEO_SILVER,0
b900dab55566225db39aa8bef291578b,PEO_SILVER,0.59375
76e4e73e1ab2d2e796b7e3cf560e9abb,PEO_UTHAYAM,0.625
08bb7407e5239757dc56b8d80c2567d0,PEO_GOLD,0
e02f3f177fd01091dda7751660396604,PEO_SILVER,0.5875
a74f28ac4a1204061841e25a4bf24385,PRANAMA,0.45
c1ff15d5b8536c47a1f968ae4bd022c3,PEO_SILVER,0.91875
8fffb9b2882a1d40e72a908345b2d48e,PRANAMA,0.7
e55dd5cb4a28cf60068dd34d4fdbd938,PEO_SILVER,0.85
a0edde715d1903bd4c50ffad184ee2a4,PEO_SILVER,0.8375
8903f01c56633bc769ae7b16113f8ec4,PEO_SILVER,0.95
a51b26429dc990ff24dedbcd9316026e,PEO_SILVER,0.68125
a2755b9c9cb1b33f7a7cac1205afdad6,PEO_SILVER,0.8375
4c300d3b50d2c85c0386a11aef92281c,PEO_SILVER,0
48e7141a8b7601f2c6ea8c5f93bea6a6,PEO_UNNATHAM,0.91875
a1ce57e71f14d64d7f102472e78d8573,PEO_SILVER,0.2
a708a800221fe9549be9ccbc5ee76337,PEO_UTHAYAM,0.68125
b3ab395c931bf11d95da0cf46c9f628a,PEO_SILVER,0.70625
fa8047ab41f5196c1351fa672b6379aa,PEO_SILVER,0.625
1777c9666084aac299dbc0163120eaf8,PEO_SILVER,0
a3bdaf2151abfdee728d75364d3d27df,PEO_SILVER,0.475
3e420757cb1f9b31307ddd7f338323ce,PEO_UTHAYAM,0
285fd3fdedeed786815c2e02baad3d84,PEO_UTHAYAM,0
2444e4a09eff7f8af34d2ecef6b537c3,PEO_SILVER,0.41875
50b9692de7a043a7db33e807750cd677,PEO_UTHAYAM,0.95
2bc497768e074fcf53a25d91e74aeaf5,PEO_SILVER,0.775
987feeb4b5f57ebb12c4742b01ac1f81,PEO_SILVER_PLUS,0.2625
35653265b9dc1fc3aedba120476ef86d,PEO_SILVER,0.86875
2df2f59542cfbe7162b09ee66f0f2272,PEO_SILVER,0
a8ffadead04d7f14a9369fe4a078fc47,PEO_ENTERTAINMENT,0.91875
af23f2376138283809fac7fe6ab8866c,PEO_SILVER,0
89097b4dd324551028fd93fa296320c0,NEW_YEAR_TREAT,0.33125
7a80615fb26922948d633269d57a5e8a,SLTStaff_PEO_SILVER,0.8625
250b4274848d86016d2da3267aefd23c,PEO_SILVER,0
0bbe2e5799bbf12ab6c8b62d840590ee,PEO_UTHAYAM,0
b2d4046778a75a5cc6689adcd9becb84,PEO_SILVER,0
118aa3e7b903cf4c898eaa2ca04c43fd,PEO_SILVER,0.6875
e98442fafe89489ced0b54cd7e28e3c1,LOTUS,0.81875
ffaa8955dcd8a0af7d148c10fd447fcc,PEO_SILVER,0
3a0e07cdc0c5d3e1fdbb8bad63b62ea5,PRANAMA,0.95
0f46a3bf356fee36239f081e103da76b,PEO_SILVER,0.26875
89afaa4be5b953a550ad22952f626563,PEO_SILVER,0.68125
bd4d59633ffb8bd6fc82f3b4ada98fe9,NEW_SLT_STAFF_PACKAGE,0
0e296df5b555a94de2d8b009fc3d3d4b,PEO_UTHAYAM,0.825
d1e5e08ede262f80b75f13ef393f65e7,PEO_SILVER,0.91875
de9aab885615c480911924d089f956f1,PEO_SILVER_PLUS,0.74375
4c9acfecf84a9b93ad4d22460ae0fd67,PEO_SILVER,0
980e3861c1da36c374195ab1744c3e31,PEO_SILVER,0
434555d3b0229289fd08ae8d64c55148,PEO_SILVER,0.28125
21895a35d769c7c82eaf44166fc8918c,PEO_SILVER,0.56875
e6736496bd3f3607c1055f74eb456eed,PEO_SILVER,0.74375
e8fcbd465ab55c9b7065aa0d1e5cfb7e,PEO_SILVER,0.575
d3d304ac22ad02d535fda93f4fe44dcb,PEO_SILVER,0
6626085c716b1b96527e41a1567aac6d,PEO_SILVER,0.775
6e97d1274034cf397ead2451eb938120,PEO_UTHAYAM,0.68125
616afcf319ed89d68ffcb02eec7cb71d,PEO_SILVER,0
9d3bbac19af3f489c56ed1b819c7ccd2,PEO_SILVER,0.95
dcdd17007eadd786ef5e82e76a9afce4,PEO_SILVER,0.95
54ed72176306e205744ec46c767a9e3e,PEO_ENTERTAINMENT,0.85625
968fa62718a174e64bac753f5324003c,PEO_GOLD,0
ee6763f41388b8338a5623b9ac717354,PEO_SILVER,0.875
d075716dd42cb2b318766e1afd211f1b,PEO_SILVER,0.7125
a92192574aeebc571d4be3967a8bee5d,PEO_SILVER,0
aeb11c7cddc657783d2ce4fc7dc2baeb,PEO_SILVER,0.475
4bbe8ca3c653f1923c7e3c141a0d2c25,NEW_SLT_STAFF_PACKAGE,0.6875
bf90d04dbe6fb5e10f38f7d250f9ce4d,PEO_UTHAYAM,0
5f5641892349dea42dc15ae3285de23a,PEO_SILVER,0.475
98e63b59327c457fea8e913650063f00,PEO_UTHAYAM,0.7125
5ef72ae4452cf76a52d77e8674eee046,PEO_SILVER,0.05
30f679c86cc9469c2026366cfbe868c2,PEO_SILVER,0.65
34128431ac0b3f55a6c31140e6d9a06e,PEO_UTHAYAM,0
70b2cff1551e282f233ccc1c06c97ca3,PEO_SILVER,0.475
4a617237c13ef4e6f9d26d3dfbffa25b,PEO_SILVER,0.85625
262cb0e65c8c25018182a7299bfd5e5c,PEO_SILVER,0
32547b6376b7e9f42c2328076332b743,PEO_SILVER,0.68125
0575034fff654e702bfef165510f8492,PEO_SILVER,0.3625
a4b78cc924836a6d8a611c14d50fb716,PEO_UNNATHAM,0.7
889741c46da6eba550795f3833b36dd9,PEO_SILVER,0.13125
9e8290558768b4eee53651cca0de43e7,PEO_SILVER,0.7125
56c1ce69ca6072b7733cae70028f72ae,PEO_SILVER,0.2875
ec7784002c289e2913a2d4e77d7d9df3,PEO_UTHAYAM,0.60625
99baf6a804c290e28611fa6a13e0c58d,PEO_UTHAYAM,0.475
19e525b4f6ec55ae116b470dd853bddd,PEO_SILVER,0
5e74b081e1bae8881cd10aa67fd684e9,PEO_SILVER,0.7125
41d2c3d7ffdefd4cdfb8227b52bdc37f,PEO_SILVER,0.95
77fd438c48683f0868f73565e23c750a,NEW_YEAR_TREAT,0.74375
57ab03baf87a9e430d7b256df884a4c1,PEO_SILVER,0.89375
52892a1587dd85e33010985297f133b9,PEO_UTHAYAM,0.95
9af4fa40df83f2014cbb55179d2d3f1e,PEO_SILVER,0.68125
8e725d0d2061163d8b1e8b1e4ee50af1,PEO_SILVER,0.775
0b62edaf6dcd0a22c6006bc5d080f12b,PEO_UTHAYAM,0.5375
b386c824e6604c23f2ac16b2909f289c,PEO_SILVER,0.95
5efa530d084da7869a88ea3e839f0edf,PEO_SILVER,0.45
589f06e6c3e0b7edaa362d3d35eb91bb,PEO_SILVER,0.56875
92563db780f368512dc2eb7aeb2b3787,PEO_SILVER,0.925
ba41282293130bd2b1d7f9a889e6eadb,PEO_UTHAYAM,0.38125
872dfbf45de7e581358dde3531e41405,PEO_SILVER,0.05
fa75f85fdbae6b8805b013467bf104a6,PRANAMA,0.76875
565c0078a043060fd59e691d3bc82409,PRANAMA,0.7375
25b2c30f24bbd86d7cca43e006f521fa,PEO_SILVER,0.625
a1a17097950da3f5a53f41a4089a143c,PEO_SILVER,0
c28909234adba14b56ebc329c380534f,PEO_SILVER,0.7125
21b5845af9911a4c417510fb5239ef9c,PEO_UTHAYAM,0.85625
aebd24cb77472cd48931078bce8078f8,PEO_SILVER,0.375
5d86d5152fad3c859e16a78c0ce1074d,PEO_SILVER,0.48125
18de85ad042723ae2bf9d1bd2d1fa9ea,PEO_SILVER,0
2e8d1449aa1c031fcf497e6f848e9a4b,PEO_SILVER,0.95
f82988e91a4bf7836b6ae8dd3cc299a8,PEO_SILVER,0.65
0f6af4e50ca792661ec7b3291802b8a9,PEO_SILVER,0.15
d1ab11160987d2b287b73b366d52a61c,PEO_UTHAYAM,0.11875
2e372c942e3f6b364f797cd814eb66ca,PEO_UTHAYAM,0.0875
87cd775edc9cfc4f401e6ff39f239833,PEO_SILVER,0.91875
1fd05adb0db501063d170a6f7147beca,PEO_SILVER,0.63125
5ac36cebe4171c591e6f836053b5aea4,PEO_SILVER,0.41875
6bf0304d07d92ed2d0b1bf295c85e375,PEO_SILVER,0.95
c01e10f2edcde3c23fc82bd74e85a402,PEO_SILVER,0.91875
aa2bd4e21f0dc5e45e73762924c60f1d,PEO_SILVER,0.74375
ac140c75972ba56627f2be0d8513eef8,PEO_SILVER,0.775
45fc0b92f6f6eabadfd46a17672aa00e,PEO_SILVER,0.85625
6ff32ebc06fd38e48423d007289a5841,PEO_ENTERTAINMENT,0.20625
a99cd4fe68e6eaa5d83b9c2217b38854,PEO_SILVER,0.56875
599383b57547c0e200571ce8574ce8ed,PEO_UNNATHAM,0.95
07f1e23571c43de0a36d0f90c71c70fb,PEO_SILVER,0.925
4cf39fbb21dbb056669ee97086951856,PEO_UTHAYAM,0.29375
500ab66d965c6ad74f2ffa6ec3dc9cfa,PEO_SILVER,0.35
2f75182d20a7f67919ae0146e269bf3b,PEO_PLATINUM,0
8110a026847f9653f264f8fb7ccda55e,PEO_SILVER,0
24a7bc1a75e07d163923da2c0ec257d8,PEO_UNNATHAM,0
543377841d5712c909269c03bb329092,PEO_SILVER,0.56875
a4d8673ee664a35ea00cb448a49be40c,PRANAMA,0.34375
25d1913bedab726f1a52f6df23e11677,PEO_SILVER_PLUS,0.7125
3ebc9c63327b9c09f88598c3e52f17e1,PEO_SILVER,0.8375
81f5d5f39589f1c94369f6591203c027,PEO_UTHAYAM,0.68125
073fbc7d75f40dba85fac7023002206f,PRANAMA,0.4125
d557f8391fc55a9e530a37bfd718bf2c,PEO_SILVER,0.50625
bad12c704e3468ffde035ffd99c0f48a,PEO_UTHAYAM,0.26875
f3e10f7bedf42dd49dc51395b4dd83ff,PEO_UTHAYAM,0
2edb9a80d77870446fbc687e8c1aac11,PEO_SILVER,0.8375
fa78346cffc75e906e678f237411a4d8,PEO_SILVER,0.91875
084b4cd51df6fa08730ac4724433b913,PEO_SILVER,0.26875
7d20a217b0f2d6ce3f57178e297e5997,PEO_UTHAYAM,0.7625
cc88c18ac39d6ae56e2ff6888de18279,PEO_SILVER,0.95
3a832617520f103cb9e599b150f05d42,PEO_UTHAYAM,0.7625
5b98378b8804001704df7820a3a2d56a,PEO_UTHAYAM,0.1125
f2f13b463129ad871d9cb5395cc4b1ae,PEO_SILVER,0.8875
355e168afb44b7ce34eaddb3cdd4ecbc,PEO_SILVER,0.6
66a4bd956f2e9b2610379fcf2865062d,PEO_SILVER,0.76875
927534e9609b7c4f8d70d56640216cf6,PRANAMA,0.53125
23a290897bf625178ded4162da816f89,PEO_SILVER,0.8625
0b6e8127c84ada80d1871f05a823c723,PEO_SILVER,0.91875
d75c3a27fd543cbffd8763a60ce00341,PEO_SILVER,0.6875
9c782060379a17bd3032febf45e09979,PEO_SILVER,0.23125
590a74c64da4a116f7add0655b3938d4,PEO_SILVER,0.6875
442faad9c599f005b77b491e174c5541,PEO_TITANIUM,0
16d81a318d2551b8207a0760f26bf2b2,PEO_SILVER,0.50625
aeead377f4855db6fb9bbaac34efdbb2,PEO_SILVER,0.7125
600ce8498452ee1d9fb2c62784aeecdf,SLT_STAFF_PEO_UNNATHAM_FTTH,0
06beebfdf841dda9b79dcd90b4ca80c0,PEO_TITANIUM,0.3
bbc5bbab3ff7155ba85777175b039cd3,PEO_SILVER,0.8625
3b441927a91a30b7daccc836acbfb12f,PEO_SILVER,0.15625
13da2acd177eb3f6666b22201f00f7f1,PEO_SILVER,0.56875
05b2253899a953b9d07f4c5f31d433c7,PEO_SILVER,0.91875
9c846698354d9daa2eda7c29553a1c29,PEO_SILVER,0.95
52fb31177fcfd8214c6f0aa1e804e3dc,PEO_SILVER,0.95
e6735773327bd5ecfa08ad470216ed29,PEO_SILVER,0.8625
dd3e7c30205eb7d1cbdd8e5bf4fe8e58,PEO_UNNATHAM,0.6875
81727df83088cde5a0b9f48d082e1789,PEO_UTHAYAM,0.55625
771c34ac5cc715fcb165b26fbf100e0c,PEO_SILVER,0.83125
a3956fbaf37e219115a908adc1e4a0cc,PEO_SILVER,0.74375
9a0547e89f4673154e5a62653c4d663e,PEO_UTHAYAM,0.43125
47f57c31513c70d9e250a545daa81d66,PEO_SILVER,0.91875
b3b2f38373fc0db98f1d33d1ec6d7706,PEO_SILVER,0.95
1c85cb9e4f4a3e6a7224f9e12cb86960,PEO_SILVER,0.7125
a4fe4c2a89299e6a01f30222b88c9ec0,PEO_SILVER,0
025431365b96db55fe0f7f32c19415f6,PEO_SILVER,0.03125
2cb9e4a552bc991bdb5ff576d5caa9e0,PEO_SILVER,0.89375
377b852bac7b15a7d75adb2e487e85c8,PEO_SILVER,0
f12ae3ee6b9b5fe1f49bac5ed828859a,PEO_UTHAYAM,0.8
54cb562e369f3dbe7e74f5dbde5268bf,PEO_SILVER,0
9257b8b54ff3fb0c807ce71d5e0fb3b6,PEO_SILVER,0.74375
36d32cfed00a3d6f04d7dad2af01f070,PEO_SILVER,0.6875
e483882aaf5f519ba1205b306bed8b97,PRANAMA,0.41875
759deb22d66cc71e3bf61207dcd43193,PEO_SILVER,0
1cf28a8444a8cbe46432dfd5fc61352e,PEO_SILVER,0.475
c6ab0cf130eb519958208a2d9f90b08a,PEO_SILVER,0.91875
dfdee62213d6a832daf5f02690d45fc7,PEO_SILVER,0
c0b88f54fae3e1f6c28ce2a74776017b,PEO_FAMILY,0
d66d58797fa22c5bee0c6501b3d4c11b,PEO_SILVER,0.025
f60045dc7749bc4a6c10561bd8443a82,PEO_SILVER,0.925
1f69719debb61384b95b46a22ee66629,PEO_SILVER,0
dad59d28f2519a75b759b8b1068e7361,PEO_SILVER,0.7125
c0449d98e730302fb8cc11b77f75b69f,PEO_SILVER,0.44375
1bf8792e9a3c209c70922dcb71a57c0c,PEO_SILVER,0.075
68167674cb0624a2ead7e0a895339964,PEO_SILVER,0
aff96389478c3c551ff5eff4fd98abcb,PEO_SILVER,0.74375
9bd0cdeb28cda531f1e513f0c8428302,PEO_SILVER,0.925
eb0dea628ab7a538ce77f4f15aea5f4f,PEO_SILVER,0.95
cfc0dd04946fe2779e63e51c7a3aa0c2,PEO_SILVER,0.95
deaa8e9304350368e7a1b31ca91e0966,PEO_SILVER_PLUS,0.675
774cb3920744d8e3e46e10ca91902e88,PEO_SILVER,0.91875
57f14fdf8b2dcf8c336bb18a809ecbb7,PEO_SILVER,0.8375
37161fef49494cbf67eea792daad122c,PEO_SILVER_FTTH,0.53125
a845f9823c58b3c66c0215c776c48f78,SLTStaff_PEO_SILVER,0.56875
2e0841c32915addc312ba3b08314593e,PEO_UTHAYAM,0
9581c23c08a5e9e85794daa6630aa600,PEO_SILVER,0.83125
806a785f13dac4bf90f1ffd0ccf09a58,PEO_SILVER,0.65
0e2c5fa9861df3d00082338f6fccb892,PEO_SILVER,0.7125
d16592a663de520c2054926d90603b82,PEO_SILVER,0.65
bb11f3fbacb6e366cf1834be06b99179,PEO_SILVER,0.05
abbf67b8dd1a707dfa7d1b882464b1b5,PEO_SILVER,0
c474b9ea5dc989a6530772bf877e9c16,PEO_SILVER,0
28f6fc012e1d387862d34a02c4a6d278,PEO_SILVER,0.7125
c3f1c484e096650c23274ed124fda5ab,PEO_SILVER,0.8875
4ac365cc88c082410c257678638dd023,PEO_SILVER,0
c36103290f3890c2696a001efe6b9808,PEO_SILVER,0.75625
dd9ff0c693720a1b58fe679859063bc5,PEO_SILVER,0.95
f1b9e20ee41e971d522c432470754867,PEO_SILVER_PLUS,0.3375
9b7afc0059e980c5c6f30b1705e50c88,PEO_SILVER,0.68125
1619b0f8b4a20f568e30d80daf5b39a5,PEO_SILVER,0.175
408ac385cbd40553493fe63ab86822dd,PEO_SILVER,0
fd3e552d8d89f56e6b7e76337560e5a5,PEO_UTHAYAM,0.68125
d1b1ce407cee4a075724b02deb2c6012,PEO_SILVER,0.325
7e79e6aa74fc5842f3cdfc8aecee0bf1,PEO_SILVER,0
e603d0a2162141565d61abf66a9d00a3,PEO_SILVER,0
3859932318e405f56bc035b0fb9f81db,PEO_SILVER,0
17245ee21a9c5e97634694365e01fea3,PEO_SILVER,0
24e084c6291bdfe81bf338f9e8494fc4,PEO_SILVER,0
00126426420cdb4b1fe951ce5bb3c05a,PEO_SILVER,0.7375
1cf79a1ac5a4b0bdfe61f1c4451f2301,PEO_SILVER,0.475
44a472c062975456d8f770c8db4faab5,PEO_UNNATHAM,0
c15d8cad2d553faa46364993b5f89703,PEO_SILVER,0.50625
2f1d438a9d954ee252c3c1471d56d8af,PEO_SILVER,0.8
9c642eb71e36e2b2d84083121d31ebea,PEO_SILVER,0.025
0c0b7fcdce3512b45183c83bbfee30fd,PEO_SILVER,0.74375
2346d3ad17d707b48595a520a70ed360,PEO_SILVER,0.95
4aadcfd5c6c1669a505b26de580633af,PEO_SILVER,0.8625
b9758f708b91bb7efe5d15d7e010652a,PEO_SILVER,0.4125
63930db8e3cd97c33fbe7dcff569be8f,PEO_SILVER,0
b31079085cdf7e44681790e453f2c5cd,PRANAMA,0.89375
c731ab371bdb019ac36cb39e36ffb9ad,PEO_SILVER,0.6125
91dce352dc436f01e4de9165a95393ce,PEO_SILVER,0.95
5dabc8adc704b875bbb0f894f1da9a57,PEO_SILVER,0.95
b9e4c77d0491ea8246e18cebe7531619,PEO_SILVER,0.4375
55619415b9de28ef8af1650300da5a1c,PEO_SILVER,0.15
52c34d2740e177c2d48401656be7a97a,PRANAMA,0.625
f40e3855854afda3ebd729f946888386,PEO_UTHAYAM,0
4c594f24bedb11597f115e6b7c7beeb4,PEO_UTHAYAM,0
f7314f95d66863e716cf8bb7944f1b1b,PEO_UNNATHAM,0.775
e74c798d1a5986b9d84fb5e256a88d01,PEO_SILVER,0.14375
d050863b5f44ea06dbabfdb8dbbd90d3,PEO_SILVER,0.56875
c11a5aa14d094a93729db54e84d621ed,PEO_SILVER,0.925
586a184b3f91b28d728178bbd1a5ca9a,PEO_SILVER,0.35625
584324ad4d88d66d5ff08a23e8f3b5af,PRANAMA,0.95
22cf709d30168c38d475974124ed3dd2,PEO_SILVER,0.95
65ce0c34cef7205020b166c0f6682705,PEO_SILVER,0
8ed116a28f5d668d8d7952928370da03,PEO_SILVER,0.7125
62854b1de2ba639d46673a7c264c8d2c,PEO_SILVER,0
aad79b4ae775ceb86abc5483fa5d2fa5,PEO_SILVER,0.7125
1cca6a8545b413f559cb2150db1e60d4,PEO_SILVER,0
008bca99f0cccb5d07d4f03744709cf8,PEO_SILVER,0.23125
1d18f77c7b80c29612dac66935cf1f13,PEO_SILVER_PLUS,0.8
1143ae8e0c26c8865f4aba431c94a67d,PEO_SILVER,0.475
84d97bf4fde458c9cfd8fd25a41e5d63,PEO_SILVER_PLUS,0.7125
c5a16564d6cbb13ad0142788c5c440c7,PEO_UTHAYAM,0.775
234570b40795d193a02382f855fed7d2,PEO_SILVER,0.79375
2dcd61331bcf51f7c5145d5445fb4a89,PEO_SILVER,0.95
3462543c01d69487705f94fd91de727a,PEO_SILVER,0
06de9436e69a9d35d29f62b1c6343b61,PEO_SILVER,0.39375
54cda1c9d8f7c217b5ac8d03d1ed629b,PEO_TITANIUM,0
6052b55ea6a81e93de9f58a167deb584,PEO_SILVER,0.34375
9ae4bf6b5ccbe2c8a115a94a0244ef5f,PEO_SILVER,0.95
6ee53e0b07497dcb85ec213dbcc09b8c,PEO_SILVER,0.95
ada450ad6b7d1d5d884ae44552c4ee42,PEO_SILVER,0.95
0b1342373fb63905ba6d707f95fdd207,PEO_SILVER,0.23125
c606b3a33f63d0cfdfef8f331dd6b6c9,PEO_SILVER,0.95
fa711df8e919f3c49169912edc209ef5,PEO_SILVER,0.80625
3ea765790e2806b39aebbe4fad24381d,PEO_SILVER,0.825
d4dd40a9fec3ec139a7b9fb2dc98c178,PEO_SILVER,0.6125
8dbc8345735195f121a5eadbeabcc1d5,PEO_UTHAYAM,0.56875
74e177b0c64177f4c813bd351337b796,PRANAMA,0.83125
485ee8b61be97f3054ff23f8a8b58d15,PEO_SILVER,0.44375
ff98ca51d1c83549f22f957b7de68815,PEO_UTHAYAM,0.3875
4bf98c494d715a45a2a1786c13cedc1e,PEO_SILVER,0.95
5e25bfb26999836c25caf0541e46bc8c,PEO_SILVER,0.825
a57a742403515e5e416acc850e5f25df,PEO_SILVER,0
e7b4ee1ad9be3dade2847c958e20e868,PEO_SILVER,0.61875
7c0c247b2c672b6ea6aad68258b844f8,PEO_SILVER,0.95
f228c011a4ea8a8b62016dfa7b77f2cb,PEO_SILVER,0
e796d086db78f25fc342c21b7e8cdab1,PEO_SILVER,0.625
94ee548704d54200f9375bc5fcba04ba,PEO_SILVER,0.91875
187c4f85fd7786ee9f2f0612ef53d2ca,PEO_SILVER,0
69a06b39f735f61dbff7ca534b046214,PEO_SILVER,0
3714d0eaac1a6053860f1d23e07c665f,PEO_SILVER,0.95
2aa22ae98bdbcfe91b5b7ae9c954d26c,PEO_SILVER,0.73125
8555642c235ef89ed91cc4c1328f686d,NEW_SLT_STAFF_PACKAGE,0.91875
bf24bb4d16276ef6161e3e8f3435f975,PEO_UTHAYAM,0
57dde03a9ea917461c536cce1b435c67,PEO_SILVER,0
686813b718ae64d6e78eee7d54b8d868,PEO_TITANIUM,0.95
5aa809bfc2394dcfc81b889eedc5947d,PRANAMA,0.50625
f941d31662bd7751dbb9677a06b71899,PEO_SILVER,0.68125
845eaf0599de44fc21aeeafd83ad7c8f,PEO_UTHAYAM,0.8875
37323d9d9f592e0cc090f41477d2c069,PEO_SILVER,0.6625
a53af810d4e01c43addb4943d01565de,PEO_SILVER,0.68125
6f90dfca0e9d624026461189a54090b8,PEO_SILVER,0
776c012924bea6417295733dc228a472,PEO_UNNATHAM,0.7875
a054477f62cebb409b42d134020af7bf,PEO_SILVER,0
20fc09387c11895490ee4d08bb2502d9,PEO_SILVER,0.8875
d479fc6eb767664f472663b83cceadaf,PEO_SILVER,0.45
bfc81eddb3c8f5f4fb278089a24d3400,PEO_SILVER,0.1
1376a3581227e3417715bad9dad397eb,PEO_SILVER,0.325
4f2f97d313aa2604095726da11eb63e8,PEO_SILVER,0.95
dfdf098551205e2d624e49abdceb1c1c,PEO_SILVER_PLUS,0.91875
27bbce92ceb4c834627d45d4b1f49db8,PEO_UTHAYAM,0.91875
433f23521e2536de3916c826e0b4fff5,PEO_SILVER,0.68125
d0585e7c1504c613056314439a0cd4fc,PEO_SILVER,0
266e8814522bb30a7ab42b8251bc043b,PEO_UNNATHAM,0.825
bdbe20afd6f96047256b974cc6f8417c,PEO_SILVER,0.4125
c8c238680a3c1e42e2302d326652f097,PEO_SILVER,0.95
107512d50296a0dd95997fc9097f3ecf,PEO_SILVER,0.63125
b8f949b12ac52d76bff8f091f2d4e5eb,PEO_SILVER,0
5ff292e6a16d2e3987c4bae6235407a0,PEO_UNNATHAM,0.65
8a1b06b0f08751225d248be27b671fe8,PEO_SILVER,0.2625
57fff5b399bc3cb13d36d4979fa0b85a,PEO_SILVER,0.95
ebc3c16716ce8822a1f1d8b3c91e73f2,PEO_UTHAYAM,0.775
3de7bd21e12755670cbe46af9274d889,PEO_SILVER,0.775
9e7f0cd8a2ac4e186a5b9a38c8a88454,PEO_UNNATHAM,0.4375
acf72b29120fc30401a11596ec10169d,PEO_SILVER,0.68125
30936a60865e591fa3581f39c59d9c89,PEO_SILVER,0.95
0583985434022e9ec3311a060311f3c1,PEO_UTHAYAM,0.95
2b2257ee9dc43a0c625c1a8268bc8799,PEO_UNNATHAM,0.775
110d73a255f797b45e564f32164e646c,PRANAMA,0.68125
40259337d4159dcdd59f29932f101279,PRANAMA,0.61875
21354ff80f2eebde68a883fd3ad2583e,PEO_UNNATHAM,0.95
ee46493800898d63280dbba75cd2e4f1,LOTUS,0.95
d3434b62ae1dfe5fc63af728ddd960c8,PEO_SILVER,0.775
6863389ae6073c303d5b272aafe5799a,NEW_SLT_STAFF_PACKAGE,0.6875
f1723da91df6b266e77e49403f6f2ec6,PEO_SILVER,0.83125
00d5bb23e73e25b7b32d3ea8c5221dbd,PEO_SILVER,0.4375
0953dfb3e1c3a49c6af82e38da235311,PEO_SILVER_PLUS,0.8875
b053bbb012c17bbc54ea279c6d9fa034,PEO_SILVER,0.95
e6e75df2b841ac5382d086870a9b30d7,PEO_SILVER,0.95
0491e3c0087e2834e21e720a511aee1f,PEO_GOLD,0
d0ca8f212357933c831f01609103bce9,PEO_SILVER,0
834cd2d82f7a441b66dc8d6f134ad295,PEO_SILVER,0.95
99a18d52271a77e3399223a5a83d0a35,PEO_SILVER,0.625
36f7b5e7dd6a93d43442c941d8294d42,PEO_SILVER,0.95
ef925699f1e9551e3e7accbb8cf07337,PEO_UNNATHAM,0.7125
3893a36c8255dbe3391ddccf4c92f7f4,PEO_SILVER,0.91875
cd90877115abdd84dcc9a7129ef0a2ad,PEO_SILVER,0.56875
d793e61539ecab48e29843629c0deeaa,PEO_SILVER,0.91875
23b8dcc156cd6c00287efd88ae321631,PEO_UTHAYAM,0.61875
23da03c1a709d289a165d9cb166605dc,PEO_SILVER,0
06f2a188edc94d1a7115a89909aa1a00,PEO_SILVER,0.65
f33eb68a202807a5dc7f5a77ce121fd1,PEO_SILVER,0.775
02efe38e4cc2e4c9856bf37ed0a2ad1b,PEO_SILVER,0.875
04b03917b3a4d5e6ed56b3972e493cc5,PEO_SILVER,0
fb41317113bf3a89a2bd394a4dec7ba3,PEO_SILVER,0.825
93c54997547ad2ee368728bc72ab5c98,PEO_SILVER,0.41875
fd088019635401bee2879f216f138374,PEO_SILVER,0.45
319078b919669d59d995c05d621f6404,PEO_SILVER,0
ab11afafb1f13570f6265062759fa88c,PEO_UTHAYAM,0.55625
10b960662439a9e7879c63ab6c5feba5,PEO_UTHAYAM,0.5125
235fc8a364ad42cf6c021b75e1eba3c3,PEO_SILVER,0.91875
d4e25ef3b87758ca4e7903f350b07fd9,PEO_SILVER,0.50625
dcbb4b3942c912d5f44cdf5d7c25b14d,PEO_SILVER,0.95
cd3869a45aa97973f70050798f2e673b,PEO_SILVER,0.68125
c198ff5086395439dd2e06fae9225e38,PEO_TITANIUM,0
472622f1efa002f13af9ffbbea33a16b,PEO_UTHAYAM,0.50625
e0f4d836dfa18fa4f0019135fee3afe6,PEO_SILVER,0.8875
93e1727e57361a57b095eef02f7b9438,PEO_SILVER,0
f3b220c6978375cc862f893ecf3b4041,PEO_SILVER_PLUS,0.625
02a48f95067514f7762f0f20e781d07b,PEO_UNNATHAM,0.66875
5ac9d5e02406067f6cc31d5436a5a8fb,PEO_SILVER,0.2
0cbda8d79da51a86745baa05c5bf11c7,PEO_SILVER,0.4375
a46e1451297cc1c6fc6c2c31ccdf3508,PEO_SILVER,0.7125
4fe2a1e03b1cc1d67be4c4d5cb5e25a4,PEO_UTHAYAM,0.95
1826ca5ebfe948950d60756232de2a41,PEO_ENTERTAINMENT,0
f6a4c1836d9120a7f1cfee6c79c831d4,PEO_UTHAYAM,0.39375
348e7ca95944ee856c1246a2ba8bddd2,PEO_SILVER,0.475
dae4c762e2af5a6b09ae61dd64e8a597,PEO_SILVER,0.95
69325672947dfadf5b4eda47157da277,PEO_SILVER,0.825
1601ca704c00152a35a24bb7a7f1397d,PEO_SILVER,0.475
147d0d2d06928b5358b643b8dffe4473,PEO_SILVER,0.8375
980ccb030522100d523e4a68a67c97e1,PEO_SILVER,0.6
c082f46f6662cecbe700c545475da450,PEO_SILVER,0.7125
c1f4bee21d6d32d6a75dc779199c8443,PEO_SILVER,0.64375
9464ae498dc70c4e7249f4bb5d25a4e8,PEO_SILVER,0.625
f26c1622ff38e4ccdb6e2a4227e58f9b,PEO_UTHAYAM,0.49375
4c2d153d71ac1303acec84da23f3de27,PEO_UNNATHAM,0.4875
3b33dd056246fe33bae06f2dfc9e0426,PEO_UNNATHAM,0.95
e548db02acfda6439c1c348b6959a5bc,PRANAMA,0.74375
2f677e301c7023239a6c6f489c052a1e,PEO_UTHAYAM,0.95
c99943fec381859fea1dd8885e57e440,PEO_UTHAYAM,0.68125
62fb58e7bc8acec8cd1553a9aae5e8b0,PEO_UTHAYAM,0.91875
bf8db0134011754167d677f2ec4e158f,PEO_SILVER,0.075
17676195d9ac76a70282e7c29369dd83,PEO_ENTERTAINMENT,0.95
48207f80ed842b0e0d20712396b1efdc,PEO_UNNATHAM,0
fc9719502e9464ed87e6475a49f9666e,PEO_SILVER_PLUS,0.95
d41330169fefa71675b1806e83e4cb9b,PEO_SILVER,0.95
0fe330b5c191c81b132ace54c42e1d85,PEO_SILVER,0.2875
fa28fc874896df100e7ed28bea36eefc,PEO_SILVER,0
3e3066c57fdadc381bb9e0e603b5b411,PEO_SILVER,0.61875
6d431382e652af97c903f62fbcfec84d,PRANAMA,0.475
eb56de90da3b713ba0dd2f853d6962ea,PEO_SILVER,0
9b1f1319d74c6d9a38f0538b030d117b,PEO_SILVER,0.3125
52aa140600f3b9116ac8d7037747a644,PEO_SILVER,0.65
42e246b6d9784f6480d686cb715ace37,PEO_SILVER,0
53c73c79df5d0cd35a0fb56bbb80f59f,PEO_SILVER,0
d4216c721db2d641e58b6a3b3558a1e7,PEO_SILVER,0.8375
3934f638e7fb845c1a15c9103db10a73,PEO_UTHAYAM,0
639eee857314ce7dd39ca7a84eb56529,PEO_ENTERTAINMENT,0.95
2c577d1e0da92022e77f38ed0248c612,PEO_SILVER,0.15
a1b283d5179e305ec60c7e98ad9d3875,PEO_SILVER,0.95
05b8bccc885713712d193dec52f9f099,PEO_ENTERTAINMENT,0.74375
8b50eb0e7a3a77ad893ae125e9ab99d6,PEO_SILVER,0
8663bfd18276d10d854ce2c2f7462f07,PEO_SILVER,0.5625
b48f9189bd2968977497da784a1e598b,PEO_GOLD,0.7125
4f7fdfcc42cc8c27df007e52ae4356c0,PEO_SILVER,0.0625
e566cdf793634db4f5cb476c20fea46b,PEO_SILVER,0.5625
d2b1988c765fc7d679a0f1a07d2d9d9a,PEO_SILVER,0.7125
fa8e90de40d413de5dc2c05bdf5eba98,PEO_SILVER,0.74375
6876df747de66cfb33ecd010dfcd68c7,PEO_SILVER,0.775
f04d876bd69a2f096ec42af9ccdd5ba4,PEO_SILVER,0
7217b86f207517a6376ba22c8d6ead47,PEO_SILVER,0.825
5dc96973a7f873061434798efde375f2,PEO_SILVER,0.925
52a7c660e9036f688e1c72c30c1580a2,PEO_SILVER,0.79375
96dc628ff21d7e6a547fb8f028333b15,PEO_SILVER,0.8875
51974e514429cf7cffba3a1f62ee736a,PEO_SILVER,0.91875
8faa068f1432a947e929501632584ff7,PEO_SILVER_PLUS,0.425
708ec595df8a31e818ec6b58bbb7ace8,PEO_UNNATHAM,0.91875
322fe107e69d675e78870f1cf45427f2,PEO_SILVER,0.95
1f67a05e8130b7b454fd076750ff44b5,PEO_SILVER,0.6
905f643c1ea2b63954627029ddf2cc5d,PEO_UTHAYAM,0.95
7bff31ced98d55eec05076eccf34afbb,PRANAMA,0.56875
ed8fee0d56d93a28d97753e8c3a8ae41,PEO_SILVER_PLUS,0.74375
130a75d8233d72dc5dce070522818bea,PEO_SILVER,0.7625
798ef28b37f853e4ac46257f28f15b44,PEO_SILVER,0.65
ce962b4f12082b7f910778ad457add61,PEO_SILVER,0.91875
f1418137942f697222c8864e5af3fc21,PEO_SILVER,0.70625
6b0a52c309b2ba6e02c5372429f09a8c,PEO_UTHAYAM,0
d3733d05787b1347bd5d033ce7f2ab4c,PEO_SILVER,0.5875
5881470c0ab60e6d4b789346b63687c9,PEO_SILVER,0.85625
4f1ed566c9476815cfe56eab1c22ed05,PEO_SILVER,0.05
c6619ae97017ca7fc55cebfc01e050df,PEO_UTHAYAM,0.5875
fce5b1f5188d31d8d439aef1a8beb5cf,PRANAMA,0
df76fec71b5b8a47390aa5ea4d6ebd78,PEO_SILVER,0
bf8a508a532251ad33273c1f2297e019,PEO_SILVER,0.95
37242ebf9b1846f8f0f09a7f65bc70f9,PEO_SILVER,0.95
2f95113e6a986aca6f8eaf90196e50d2,PEO_SILVER,0.8875
e84b02cf91dcfcf8b78732e50bbdb677,PEO_SILVER,0.8375
c635e3ffef4b8dc0657b67cb62c0b55f,PRANAMA,0.89375
5874c6d4d73afba94f9734d7b6a04797,PEO_SILVER,0.89375
6b965152170bd6f4f6599d400ea125d9,PEO_SILVER,0
b3a9e8f700ccf16a1e24cf02b62a6edb,PEO_SILVER_PLUS,0.775
7e8e7b616cbc456fff50d1ac1532322f,PRANAMA,0.775
25ab7fa5dac74ce8ec004df456873f1a,PEO_SILVER,0.95
632c81aa0a869570ce2ea954c7d460cf,PEO_SILVER,0.60625
74f4085f083da6e2fb68a1fa67d3846a,DOUBLEPROMO,0
ee32cf0c7ba64fbe3a5570abdfa1a406,PEO_SILVER,0.65
d45f9dc6df557e80c0f6d11fc1edad42,PEO_SILVER,0.86875
bc5cc066d49637aa1c7457d6a51d1995,PEO_SILVER,0.95
38b321526d9ef720a2d6aa07431e7ad0,PRANAMA,0.80625
2bb7dfbe241239ab267c43defdc1358b,PEO_SILVER,0.65625
075037287f4c416a9c5e41f8faf759ab,PEO_SILVER,0.7125
b96b2d5d269fbfd7787d2ce3597de4c2,PEO_SILVER,0.5375
31442ac5ab0a046fbde2eff339c1c2a6,PEO_SILVER,0.7375
118d4de9d93fed6cb3a01fc3f4c70613,PEO_UTHAYAM,0
5fbc629ff2a00c1534a57cc697531beb,PEO_SILVER,0.7125
e04722d49629bbee262f96938f8e2ab8,PEO_SILVER,0.625
a9138ab89bfedfb468f82d4716f71d09,PEO_RELIGIOUS_PACKAGE,0.54375
0fb8c557d22f3fafbf573d925b8d5f96,PEO_UNNATHAM,0
479934bc992ead510eb362cf49ff1143,PEO_SILVER,0
fac5b116afffce1f082f81aa1dcaa2ec,PEO_SILVER,0.2375
648d508470b0a8644957a582c96c1681,PEO_SILVER,0
f4e6f3ed9e6840eb668f1a4f56ca7508,PEO_UTHAYAM,0.45
6e103f04aa3211169552e312a0da99ac,PEO_UTHAYAM,0.95
e73b63832cde75e8933fb3824bcca198,NEW_SLT_STAFF_PACKAGE,0.7125
e56fdc924d8da3d53202f39e1440d6e8,PEO_UTHAYAM,0.775
5086899186b6fd65e370c42ac49dca61,PEO_SILVER,0
871e19e6394497355a61456fae44e71e,PEO_UTHAYAM,0.44375
009ef2d25878cecee8d2c8115d26f4ab,PEO_UTHAYAM,0.89375
1d800ffe927471f63aa32293865791b7,PEO_SILVER,0.65
a6671618eccc37bedb264fcd246bb9fd,PEO_SILVER,0.625
f50bc155abca0db49d377ff98013b313,PRANAMA,0.89375
159f5c90adfd80748205f2cd35162968,PEO_SILVER,0.2375
9fd9ebb35b50bcb056ed69e675c49ca1,PEO_SILVER,0.41875
511d783a0c9fb3a1a53232bfb501e0fa,PEO_UTHAYAM,0
213af62a66c9bf521009b8b7ac88928f,PEO_SILVER,0.09375
ce87316cf8e572c5fb7c09745520eb30,PEO_UTHAYAM,0.35
b2cf73edfff29610162bd376b97117fe,PRANAMA,0.26875
c4c9e74f036ee5a46633de9eccd26b78,PEO_SILVER,0.35625
c6893e4f8c07d80b4333abf57c1a1820,PEO_SILVER,0.74375
8324809fde59977f1891b73d54b9e469,PEO_SILVER_PLUS,0.7125
a5731d6c69e2a410c2fcf8ce39d59cc9,PEO_SILVER,0.95
ce4efc4679f3275663fa3a02f8ec02ca,PEO_UTHAYAM,0.7
f8961bbbc0100bc1caa29f9c7592aad7,PEO_UTHAYAM,0.85625
ccaea3a18f595dbcc3c88fa117e53d75,PEO_SILVER,0.91875
57d0ebbfc42913b86c8b57d2b77dddf7,PEO_SILVER,0.29375
0e21af5e3d7606ce824267be469373f1,PEO_SILVER,0.63125
9c802b6b329dc1e3ba6e6c655a21e65d,PEO_SILVER,0.95
84e623c16270221211fb37ffa49d5fda,PEO_SILVER,0.65
fdc0c942192893debf36d9898f829dff,PEO_SILVER,0
75ff3a8340bc095f7dec5163742e5365,PEO_SILVER_PLUS,0
8698bd12366d80892bc80c98cf9dd987,PEO_SILVER,0.2375
d1cb5f57375c3bd80239fbca00d82f2b,PEO_SILVER,0.23125
33ca030adcf34844ba8dda8990ad74d9,PEO_SILVER,0
9b0e78b148e1e3ed4e5c1bc5565dfb6e,PEO_SILVER,0.38125
15ad0b0f42151f02f190c1231f6288e3,PEO_SILVER,0.6
d22580e325a92ba4d48629c2ee16c378,PEO_SILVER,0
3e30968d89f888aeed2d32c14bbd91ba,PEO_SILVER,0
112a84081ab94398603c14a9dcdc2d88,PEO_UTHAYAM,0.775
b45d9944b826b38d7cd2984260eb8c20,PEO_SILVER,0.59375
b3bd0820dbe08e095137b100bfc9725b,PEO_SILVER,0.95
f91073db9132fee6b2b78a71c323a01f,PEO_UTHAYAM,0.7125
2398673d5c27e210825771e9635dbb94,PEO_UNNATHAM,0.8625
0e8af614da4b2fcc762a4496990db9cf,PEO_UNNATHAM,0.74375
f351df7e424d8b1a4f0f58a0ec096b13,PEO_SILVER,0.8625
9cce11d3fb4e2be8a4f836907220e850,PEO_SILVER,0.95
4c8b1ee698ad63a7ba672cb5779a951a,PEO_SILVER,0.95
c58b18d4a12e8dca20d317e109ff3a8e,PEO_SILVER,0.68125
0227c625777f504cf8e2bcf5709a5256,PEO_SILVER,0.625
fccd08025608a774a70885c965aa0c10,PEO_UTHAYAM,0.80625
e8e61689501241942130daf44a15824a,PEO_UTHAYAM,0.68125
9f95d9c107a917925ad9cee2d99725ac,PEO_SILVER,0.80625
8bf773cae804ddbcd09f60f8f98a52e6,PEO_SILVER,0.45
7ea00f300c7ef501c5cb5ea990cda3c4,NEW_YEAR_TREAT,0.95
ad8f924faf85ae394cf5c8b22104ed86,PEO_SILVER,0
577dbc14c2baed5303c9d58e1618646c,PEO_SILVER,0.775
338a964be497aa3ede3f7a1aa349e33c,PEO_SILVER_PLUS,0.8
7f50c7e60508e7df079f0c88350f9fa5,PEO_UTHAYAM,0.7125
3cade5ac24a75c2f6f37ec7e692823ea,PEO_SILVER,0.91875
dbe8120408d95a59a2d0081597148c54,PEO_SILVER,0.44375
c2e8b398c13ac363a120ece735286236,PRANAMA,0.79375
ff419294738cd6d4259861c10653cf17,PEO_SILVER,0.95
88d27b718c1c1b082aa2caf07fe94716,PEO_SILVER,0.65
ec60446a1804e97c447ccd3714afeb6c,PEO_SILVER,0.8625
911a53e6c45e6a773eb42993764e69de,PRANAMA,0.7625
8dea1ccfd1a38f1077e8af6d9f253efc,PEO_SILVER_PLUS,0.85625
29b62720508307fb1782dc6f821bbd5b,PRANAMA,0.35
d636cef6d485bdf4827d87bdc7d8287e,PEO_SILVER,0.74375
d618db96565eb68521ca0c6f8d501996,PEO_SILVER,0.125
f69d9a2bd9a378beb0d2a59810d7beba,PEO_UTHAYAM,0.14375
ce2a3c0ad196e73f3cd2ba9f82a2b504,PEO_SILVER,0.68125
a416a48d15a1c7d7e57ad0da83e934ce,PEO_SILVER,0.76875
836d8d893b765caea3f6763e947091c2,PEO_SILVER,0.63125
c5cbcdb44a06f8f60e05b66ad7e3054f,PEO_SILVER,0.7125
231188ceac9e1917754819af84b1456e,PEO_SILVER,0
a360783134f70cae853024b5ed3f1ecb,PEO_SILVER,0.95
437d53cd2cba11d254dbcf4fefd84d4a,PEO_SILVER,0.56875
c5c3d6ae9227ddd0f3bd967976d42974,PEO_SILVER,0
14f9fadb475fc09c77c1deb87d279017,PEO_SILVER,0
154b69783b7df9cc0b46c17110c4699e,PEO_SILVER,0.5375
5bc8f4caad0c82624d8ba7b0e0ddd84e,PEO_SILVER_PLUS,0
b8ad9ec6bf6e8dfb461af71d1e637f3a,PEO_SILVER,0.7125
495df5121088ee1c479289e9ea749d09,PEO_SILVER,0.95
c8a2e29e96f44613f70d8357c939c15d,PEO_SILVER,0.68125
439302a824f37d4550d46931a15415da,PEO_SILVER,0.95
6015a180ae7e0b81ec835d6e4229a881,PEO_SILVER,0.65
1e317134b50ea5043ebdc3f75d1cde8d,PEO_SILVER,0.95
c9db99a16c9bd165e350e83bb81ec22a,PEO_SILVER,0.475
554c4ca38ac24684ddc6fe4676d79ff3,PRANAMA,0.6375
c8b54b39bd3792cff8fa2019c253ec24,PEO_SILVER,0.5375
1ff2bd293b3cdb076dc841f4344a7631,PEO_SILVER,0.91875
ccb285799974d8ee6003ddd2994dc420,PEO_SILVER,0.83125
dbbb4011c6cc809850aa01f8ff5fe922,PEO_SILVER,0.76875
7db2aa38214037279601a314071d1972,PRANAMA,0.775
f5934060d1b7b0a329df4d29242225b8,PEO_SILVER,0.95
89fc7c615b7a6c4baefb1cb9b4555d7b,PEO_SILVER,0
42ed358740d41f10352fd59f4a76e5ca,PEO_SILVER,0.7125
