user,package,rating,prediction
0.0,0.0,0.0,0.009578803316226292
1.0,0.0,0.0,-0.016931210865067214
0.0,0.0,1.0,0.9812271037445064
1.0,0.0,0.0,-0.13061069385513147
0.0,0.0,0.0,0.004285869909816498
0.0,0.0,1.0,0.9585191085248357
0.0,0.0,0.0,-0.04410642695310951
1.0,0.0,0.0,-0.00924499815575075
0.0,0.0,0.0,0.0002479754210442664
0.0,0.0,1.0,0.9869016835582181
0.0,0.0,1.0,0.9825083757642572
0.0,0.0,1.0,1.023639274838673
0.0,0.0,1.0,0.9960896446594942
0.0,0.0,0.0,0.02060732826383571
0.0,0.0,1.0,0.994354226785493
0.0,1.0,0.0,0.004148489264127697
0.0,0.0,0.0,0.010366913381268716
0.0,0.0,1.0,0.9649543478807256
0.0,0.0,1.0,1.006512575713324
0.0,0.0,1.0,1.0410593393820498
0.0,0.0,1.0,1.0105226934851146
0.0,0.0,1.0,0.978583481270948
1.0,0.0,0.0,-0.021499071557078864
0.0,0.0,0.0,-0.01475254523272973
0.0,1.0,0.0,-0.0017881217234920754
0.0,0.0,1.0,0.99686602645391
1.0,0.0,0.0,0.1542502688977736
1.0,0.0,0.0,0.01267268230894647
0.0,0.0,1.0,0.9790702427141889
1.0,0.0,0.0,0.011662137407830286
0.0,0.0,1.0,0.852497390618792
0.0,0.0,1.0,0.9593153901661049
0.0,0.0,0.0,-0.12986581588094737
0.0,0.0,1.0,0.9925149147841612
0.0,0.0,1.0,0.9060352670849552
1.0,0.0,0.0,-0.0013970580775328756
0.0,0.0,1.0,0.9735567824363329
0.0,0.0,1.0,0.9830589613886667
0.0,0.0,0.0,-0.02431431252111249
0.0,0.0,1.0,0.9840075319115651
0.0,0.0,1.0,0.9882007360751186
0.0,0.0,1.0,0.9750988791890638
1.0,0.0,0.0,0.15980169680155054
0.0,0.0,1.0,0.9866044220881482
0.0,0.0,1.0,0.9955927291486768
0.0,0.0,1.0,0.9522886454616524
0.0,0.0,0.0,-0.03887395359285328
0.0,0.0,0.0,-0.007300674967877008
0.0,0.0,1.0,1.0100277591117477
0.0,1.0,0.0,0.02996274110264263
0.0,0.0,1.0,0.967062455784168
0.0,0.0,0.0,0.014715031714103155
0.0,0.0,1.0,0.9961523553941971
0.0,0.0,0.0,0.014954090828672939
0.0,1.0,0.0,-0.04111462983189895
1.0,0.0,0.0,0.08060316383463029
0.0,0.0,1.0,1.0432705949768142
0.0,0.0,1.0,0.9970195108182627
0.0,0.0,1.0,0.9824457447646244
0.0,0.0,1.0,0.9193874993676321
0.0,0.0,1.0,0.9722794478777246
0.0,0.0,0.0,0.020031784062036095
0.0,0.0,1.0,1.028492662211466
0.0,0.0,0.0,0.04887812725431662
0.0,0.0,0.0,0.0067262487637353985
0.0,0.0,1.0,0.9967114274471198
1.0,0.0,0.0,0.12241962367584502
0.0,0.0,1.0,1.0082331123503634
1.0,0.0,0.0,0.026147274220180705
0.0,0.0,1.0,0.9622823029254839
1.0,0.0,0.0,0.08030539939082093
0.0,0.0,0.0,-0.0030820841471772553
0.0,0.0,1.0,1.0124978140546048
1.0,0.0,0.0,0.017074072971448473
0.0,0.0,0.0,-0.023864446370084558
0.0,0.0,1.0,0.9741224610046251
0.0,0.0,1.0,1.0056614737758265
1.0,0.0,0.0,-0.060601990110873416
0.0,0.0,1.0,0.9822473503244482
0.0,0.0,0.0,-0.008490705475023397
0.0,0.0,1.0,1.0029067774723237
0.0,1.0,0.0,0.14417258304645308
0.0,0.0,1.0,1.0337108553624268
0.0,1.0,0.0,0.01050998444456308
0.0,0.0,0.0,0.0317647368534173
0.0,0.0,1.0,0.9693092602475955
0.0,0.0,1.0,1.0194460243681993
1.0,0.0,0.0,-0.0024294137374063496
0.0,0.0,1.0,1.0118766268573594
0.0,0.0,0.0,-0.032622037100906276
0.0,0.0,1.0,1.023929584378528
0.0,0.0,1.0,1.0073813663754825
1.0,0.0,0.0,0.06573610143318209
0.0,0.0,1.0,1.0115452903294502
0.0,0.0,1.0,1.0378920455909508
0.0,0.0,1.0,0.8769567334254136
0.0,0.0,0.0,0.017575980973672856
0.0,0.0,0.0,-0.05544968055659005
0.0,0.0,1.0,0.9475674230359532
0.0,0.0,0.0,-0.007412148976636779
1.0,0.0,0.0,0.009261228295471824
0.0,0.0,1.0,0.9940628825196254
0.0,0.0,1.0,0.9530224550045898
0.0,1.0,0.0,-0.5503049097810981
0.0,0.0,1.0,0.9993215697815083
0.0,0.0,0.0,0.006564974270360402
1.0,0.0,0.0,0.0019214722056659639
0.0,0.0,1.0,0.9765569236074301
0.0,0.0,1.0,0.9883730019351304
1.0,0.0,0.0,0.11102981412559032
0.0,0.0,0.0,-0.06161869364988526
0.0,0.0,0.0,0.023657242814410395
1.0,0.0,0.0,-0.010619018777915379
0.0,0.0,1.0,0.9091285431322218
0.0,0.0,1.0,1.0466425104555066
0.0,0.0,0.0,-0.03957615869102327
0.0,0.0,1.0,0.9676473759102131
0.0,0.0,1.0,0.9770040412624428
0.0,0.0,0.0,-0.011240816062487724
0.0,0.0,1.0,0.9765179438026994
0.0,0.0,1.0,1.0017491582014397
1.0,0.0,0.0,0.014452383061842156
0.0,1.0,0.0,0.09768548464448745
0.0,0.0,0.0,0.012931808312921511
0.0,0.0,1.0,1.3761264623962979
1.0,0.0,0.0,-0.04725494645877237
0.0,0.0,1.0,1.0129234959529847
0.0,0.0,1.0,0.968476781806265
0.0,0.0,1.0,1.0115092472141591
0.0,0.0,1.0,1.0521452785453609
0.0,0.0,0.0,0.05647232474598596
1.0,0.0,0.0,0.12615317196499554
0.0,0.0,1.0,0.9630028825984764
0.0,0.0,0.0,-0.009350935872736166
0.0,0.0,0.0,-0.005701767640017508
0.0,0.0,1.0,0.9814035772314345
0.0,0.0,1.0,0.9618656132559149
0.0,0.0,1.0,1.0027127877990036
0.0,0.0,1.0,0.9685601999251379
0.0,0.0,1.0,0.9278156741385732
0.0,0.0,0.0,-0.009580182309935736
0.0,0.0,1.0,0.9312506105487612
0.0,1.0,0.0,-0.013882397576947092
0.0,0.0,1.0,0.9640869497373874
1.0,0.0,0.0,-0.09345039457961146
0.0,0.0,0.0,0.013085280194286675
0.0,0.0,1.0,0.9829966443873674
0.0,0.0,1.0,1.0360945532434735
0.0,0.0,1.0,1.0010438111043403
0.0,0.0,1.0,1.006944094073165
1.0,0.0,0.0,-0.10092946506749456
0.0,0.0,0.0,-0.017725879490827268
0.0,0.0,0.0,0.01753403005894416
0.0,0.0,0.0,-0.009235494604081573
0.0,0.0,1.0,0.9401986528557735
0.0,0.0,1.0,0.9715504734906286
0.0,0.0,1.0,0.9096228908197901
0.0,0.0,1.0,0.9813495568159913
0.0,0.0,0.0,-0.03992885180476158
0.0,0.0,0.0,0.05728188457010397
0.0,0.0,0.0,0.0007508561854292495
0.0,0.0,1.0,0.8352937261279276
1.0,0.0,0.0,0.020681305268924532
0.0,0.0,1.0,1.0005605353317142
0.0,0.0,1.0,0.9896957690520667
0.0,0.0,1.0,0.9541537336502
1.0,0.0,0.0,0.10536604662271554
0.0,0.0,0.0,0.08226083978808418
0.0,1.0,0.0,0.05292041417202498
0.0,0.0,1.0,0.9712311356076322
1.0,0.0,0.0,-0.07102898076090813
0.0,0.0,1.0,0.967046375823271
0.0,0.0,1.0,0.9772994922943958
0.0,0.0,1.0,0.9525626811575734
0.0,0.0,1.0,0.9929093518903134
1.0,0.0,0.0,0.08812765936551514
0.0,0.0,1.0,0.9666956763707941
0.0,0.0,0.0,-0.0017497183216930168
0.0,0.0,1.0,1.0280450670629064
0.0,0.0,0.0,0.03409370612911733
0.0,0.0,1.0,0.9895068312960764
0.0,0.0,0.0,-0.01399778530727147
0.0,0.0,0.0,-0.048201791271917926
0.0,0.0,1.0,0.9676542167315296
1.0,0.0,0.0,0.07169847878277302
0.0,1.0,0.0,0.04519184056795922
0.0,0.0,1.0,1.0371927984476188
0.0,0.0,0.0,-0.0011192230934407021
1.0,0.0,0.0,0.03427518140229857
0.0,0.0,1.0,1.0007159051902819
0.0,0.0,0.0,-0.09717314158889412
0.0,0.0,0.0,0.027210119098886487
0.0,0.0,1.0,1.0345224456195488
0.0,0.0,1.0,0.993982394323643
0.0,0.0,1.0,0.9857404727114374
1.0,0.0,0.0,0.11033722367054022
0.0,0.0,0.0,-0.03866073277903492
0.0,0.0,1.0,0.9473403592872685
0.0,0.0,0.0,0.004932186409132733
1.0,0.0,0.0,0.0671418118267253
0.0,0.0,1.0,0.8894170422105985
0.0,0.0,1.0,0.981061115452925
0.0,0.0,1.0,0.959251449830421
0.0,0.0,0.0,0.019686167239605368
0.0,0.0,0.0,-0.021801788737018768
0.0,0.0,0.0,0.022523419978597303
0.0,0.0,1.0,0.9865539169134525
0.0,0.0,1.0,1.0062224720546427
0.0,1.0,0.0,0.013541954023504665
1.0,0.0,0.0,0.012241472463658809
1.0,0.0,0.0,0.012202336384303791
0.0,0.0,0.0,0.027687903867192
0.0,0.0,0.0,-0.01931284579161119
0.0,0.0,0.0,-0.06587360099639206
0.0,0.0,1.0,0.9682827922151311
0.0,0.0,1.0,0.9968025842312924
1.0,0.0,0.0,-0.04278961321804342
0.0,0.0,1.0,0.9815522648633328
0.0,0.0,1.0,1.0170160647965885
0.0,0.0,1.0,1.030347793897778
0.0,1.0,0.0,0.10707165652220141
1.0,0.0,0.0,0.1292647559608886
0.0,0.0,0.0,0.0409641817088886
0.0,0.0,1.0,1.0058328955592217
0.0,0.0,1.0,0.9923330380731992
0.0,0.0,1.0,1.0121163264695876
1.0,0.0,0.0,0.10708412392037747
0.0,0.0,1.0,0.9901778475389742
0.0,0.0,1.0,0.9436472958895834
0.0,0.0,0.0,0.04296794340409438
0.0,0.0,1.0,0.995000510474449
0.0,0.0,0.0,6.767427848952678e-05
0.0,0.0,0.0,-0.005844336910124426
0.0,0.0,1.0,0.9068645539083549
0.0,0.0,1.0,1.012645234508529
0.0,0.0,1.0,0.9782219714595044
0.0,0.0,1.0,0.9908771966479737
0.0,0.0,1.0,1.0054386412423937
0.0,0.0,1.0,1.007311688752624
1.0,0.0,0.0,1.816333986148777e-05
0.0,0.0,1.0,0.9845509323829345
0.0,0.0,0.0,-0.005103649618181549
0.0,0.0,1.0,1.0317509162582885
0.0,0.0,1.0,0.9890797487133041
0.0,0.0,1.0,0.9450948299329394
0.0,0.0,1.0,0.997379334688516
0.0,0.0,1.0,1.0076740137830624
0.0,0.0,0.0,-0.008230632457945752
0.0,0.0,0.0,-0.05327640048883975
0.0,0.0,1.0,0.9731037948826682
1.0,0.0,0.0,0.004692643150819187
1.0,0.0,0.0,-0.011272449462691903
0.0,0.0,1.0,1.0095574969365657
0.0,0.0,0.0,-0.032983037107715774
1.0,0.0,0.0,0.04932707900986344
0.0,0.0,1.0,0.9984774227910607
0.0,0.0,1.0,0.9692177186917132
0.0,0.0,1.0,0.9654129844147663
0.0,0.0,1.0,1.0296486709722878
0.0,1.0,0.0,0.026018506457526236
0.0,1.0,0.0,0.010350292273042072
0.0,0.0,1.0,0.9341255513332003
0.0,0.0,1.0,0.888117446576941
0.0,0.0,1.0,0.9247956611209318
1.0,0.0,0.0,0.10682581901513544
0.0,0.0,1.0,1.02003023753359
1.0,0.0,0.0,-0.401575062047435
0.0,0.0,0.0,0.0526938293943644
1.0,0.0,0.0,0.11774705162997012
0.0,0.0,1.0,0.9669996317589677
0.0,1.0,0.0,0.010462766495840548
0.0,1.0,0.0,0.1157183722516173
0.0,0.0,1.0,0.9706147977208439
0.0,0.0,1.0,0.9793067108222893
0.0,0.0,1.0,0.9401986528557735
1.0,0.0,0.0,0.018121279336223317
0.0,0.0,0.0,0.09143477043178816
0.0,0.0,1.0,0.9837570671651363
0.0,0.0,1.0,0.83300145840012
0.0,0.0,1.0,0.9695666108223526
1.0,0.0,0.0,0.10397959243116439
0.0,0.0,1.0,1.002698876793441
1.0,0.0,0.0,0.026222035230777152
0.0,0.0,0.0,0.01930078473032193
0.0,0.0,1.0,0.9074427229527551
0.0,0.0,0.0,-0.013870269611246933
0.0,0.0,1.0,1.0103358325868
0.0,0.0,1.0,0.9505827655694921
0.0,0.0,0.0,0.019283194418806993
1.0,0.0,0.0,0.013077294223282188
0.0,0.0,1.0,1.027462480481201
0.0,1.0,0.0,0.053639813275773385
0.0,0.0,0.0,0.0653665415649467
0.0,0.0,1.0,1.0106304562266062
1.0,0.0,0.0,0.018224493598101965
0.0,0.0,0.0,-0.01410091396290536
1.0,0.0,0.0,0.0012777642193269045
0.0,0.0,0.0,-0.03274421611523781
0.0,0.0,1.0,0.975924043209127
0.0,0.0,1.0,0.9237754673195115
0.0,0.0,1.0,1.0399356098590657
0.0,0.0,1.0,1.0264522488565984
0.0,0.0,1.0,0.9591899042145142
0.0,0.0,0.0,-0.0007723497183862449
0.0,0.0,1.0,1.10691132549687
0.0,0.0,1.0,0.9460992884965194
0.0,0.0,0.0,-0.00967170399372197
1.0,0.0,0.0,-0.01136859819967384
0.0,1.0,0.0,-0.041422090338592454
0.0,0.0,0.0,0.04463256957595352
0.0,1.0,0.0,0.020510928421090924
0.0,0.0,1.0,1.0134921077526395
0.0,0.0,0.0,0.007473286462499118
0.0,0.0,1.0,0.9660095653613179
0.0,0.0,1.0,0.8595478130025027
0.0,0.0,1.0,1.002223974491169
0.0,0.0,1.0,0.9521113164895993
0.0,0.0,1.0,0.9671598312640475
0.0,0.0,1.0,1.0047630387104212
0.0,0.0,1.0,1.038319934029019
0.0,0.0,0.0,-0.022831742151338652
0.0,0.0,1.0,0.998172784294673
0.0,0.0,1.0,0.946274121273035
0.0,1.0,0.0,0.026594909184130877
0.0,0.0,0.0,-0.026157162294691005
0.0,0.0,0.0,-0.00793482312863425
0.0,0.0,1.0,1.0345595070176787
0.0,0.0,1.0,1.0057589101783355
0.0,0.0,0.0,0.08495550824291254
0.0,0.0,1.0,0.9866115205505626
0.0,1.0,0.0,0.049094192536840886
0.0,0.0,1.0,0.9494287837427806
0.0,0.0,1.0,0.9739184832562171
1.0,0.0,0.0,0.04256654446039132
0.0,0.0,0.0,0.035570407551913874
0.0,0.0,0.0,-0.0027796476572952145
0.0,0.0,0.0,-0.010746058758429378
1.0,0.0,0.0,0.057642932581631
0.0,0.0,0.0,-0.04598318403242718
0.0,0.0,1.0,1.0075522864245143
0.0,0.0,0.0,-0.004777112162209107
1.0,0.0,0.0,0.001350362711233899
0.0,0.0,1.0,1.0404418434063891
0.0,0.0,1.0,0.9813879338202112
0.0,0.0,1.0,0.9907809755153787
0.0,0.0,1.0,0.9646306916221974
1.0,0.0,0.0,0.017549474649509733
0.0,0.0,1.0,1.0168934926398725
1.0,0.0,0.0,0.05000419558099889
0.0,0.0,0.0,-0.011554089327340478
0.0,0.0,1.0,1.0192358347117274
0.0,0.0,1.0,0.9006749842400206
0.0,0.0,1.0,1.044289834089537
0.0,0.0,1.0,1.0179446234294862
0.0,1.0,0.0,0.023021905279003718
0.0,0.0,1.0,0.9708130361389342
0.0,1.0,0.0,-0.037236972937795265
0.0,0.0,1.0,1.0064629974575996
0.0,0.0,1.0,0.9838370509892043
0.0,0.0,0.0,0.06286709410759261
1.0,0.0,0.0,-0.6456714013152176
0.0,0.0,1.0,1.0106958710374054
0.0,0.0,1.0,1.005811639254389
0.0,0.0,1.0,1.043519893259964
0.0,0.0,0.0,-0.010829133295741755
1.0,0.0,0.0,-0.016928000630429985
1.0,0.0,0.0,-0.002459112816191933
0.0,0.0,1.0,0.9535868044030971
1.0,0.0,0.0,0.008600521407854167
0.0,0.0,1.0,0.9360299414386857
0.0,0.0,0.0,-0.06252779018699695
0.0,0.0,1.0,1.0213354827944983
0.0,0.0,1.0,0.994775991447018
0.0,0.0,1.0,1.0019040586319563
1.0,0.0,0.0,0.1503765602505016
0.0,0.0,1.0,0.9942375946499951
0.0,0.0,1.0,0.9863400401914171
0.0,0.0,0.0,0.03644389563568584
0.0,0.0,1.0,0.9306449466269813
0.0,0.0,1.0,1.0063821884448707
1.0,0.0,0.0,0.1207454514745665
0.0,0.0,1.0,0.9851012950500291
0.0,0.0,1.0,1.0027480400531656
0.0,0.0,0.0,0.01900660698539003
1.0,0.0,0.0,0.14497222928221998
0.0,0.0,0.0,0.033252705263860705
0.0,0.0,1.0,1.0328730683508045
0.0,0.0,1.0,0.9983253231745532
0.0,0.0,0.0,0.01801778578822777
0.0,0.0,1.0,0.9897012106777185
1.0,0.0,0.0,0.017734424835248674
0.0,0.0,0.0,0.03506430181641029
0.0,0.0,1.0,1.098170330138505
0.0,1.0,0.0,-0.08053851341187368
0.0,0.0,1.0,0.9610195506427415
1.0,0.0,0.0,-0.19005596717196482
0.0,1.0,0.0,0.05622852750351548
0.0,0.0,1.0,0.9982741709249527
0.0,0.0,1.0,1.0106437469994676
0.0,0.0,1.0,0.9704352470781545
0.0,0.0,1.0,0.9637294090779998
0.0,0.0,1.0,1.0161822667593352
0.0,0.0,1.0,0.9596356793272496
0.0,0.0,1.0,0.9781497531277319
1.0,0.0,0.0,0.12170260056509097
0.0,0.0,1.0,0.9865414369216627
0.0,0.0,1.0,0.9753676527022979
0.0,0.0,1.0,1.0164647639567703
0.0,0.0,1.0,1.0157105548163283
0.0,0.0,0.0,-0.031969846482351905
1.0,0.0,0.0,0.034084448219239505
0.0,0.0,1.0,0.9739641880046754
0.0,0.0,1.0,0.993954987657804
0.0,0.0,1.0,0.9978169166693398
0.0,0.0,1.0,0.9804888425124529
0.0,0.0,1.0,0.9883294951913775
1.0,0.0,0.0,0.017924193790396892
0.0,0.0,1.0,0.9899215667648003
1.0,0.0,0.0,0.08288107255413646
0.0,0.0,1.0,0.997815651567068
0.0,0.0,1.0,0.9431361615328111
0.0,0.0,1.0,0.9689706707067955
0.0,0.0,1.0,0.9751180082034905
0.0,0.0,0.0,-0.01454427574083983
0.0,0.0,0.0,-0.02253296807936689
1.0,0.0,0.0,0.004135127885557033
0.0,1.0,0.0,0.15622995598524358
1.0,0.0,0.0,0.0638110784223942
0.0,0.0,0.0,-0.028204426502077773
0.0,0.0,1.0,0.9540500930285543
1.0,0.0,0.0,0.117031158932841
0.0,0.0,1.0,0.9568114144750943
1.0,0.0,0.0,0.018066341288058396
0.0,0.0,1.0,0.98104974562886
0.0,0.0,1.0,1.0181937290479746
0.0,0.0,1.0,1.0097842808555688
0.0,0.0,1.0,0.9891131815835337
0.0,0.0,1.0,1.0600836556686648
0.0,0.0,0.0,0.034371868555600926
0.0,0.0,1.0,0.9971593777833005
0.0,0.0,1.0,0.9913736305477423
0.0,0.0,1.0,0.9856197425993898
0.0,0.0,1.0,1.022230869712358
0.0,0.0,1.0,0.9122001243822337
0.0,0.0,1.0,0.9981306817428064
0.0,0.0,1.0,0.9396123687172002
0.0,0.0,0.0,0.015287376988821322
0.0,0.0,1.0,1.019235205045157
1.0,0.0,0.0,0.12195105207639667
0.0,0.0,1.0,0.9643218198756225
0.0,0.0,0.0,0.5519226562525157
0.0,0.0,1.0,1.0092859103715424
0.0,0.0,0.0,-0.07545127590774037
1.0,0.0,0.0,-0.01546154618334672
0.0,0.0,1.0,1.0099611115563265
0.0,0.0,1.0,0.9641539082876864
0.0,1.0,0.0,-0.04298630814621607
0.0,0.0,0.0,0.07327755792451995
1.0,0.0,0.0,-0.03157497811799903
0.0,0.0,1.0,0.9615695547668763
0.0,0.0,1.0,0.9920530671769905
0.0,0.0,1.0,0.9817493174935312
0.0,0.0,1.0,0.9952042234457013
0.0,0.0,0.0,0.012057568270703811
0.0,0.0,1.0,0.9817379398412935
0.0,0.0,0.0,0.009308332619410997
0.0,0.0,1.0,0.9896017259963701
0.0,0.0,0.0,0.028964244591922927
1.0,0.0,0.0,-0.08338607672997167
0.0,0.0,0.0,-0.0065645221112689
0.0,0.0,1.0,0.9265684586136054
0.0,0.0,1.0,0.9880083681692859
0.0,0.0,1.0,0.983329323605596
0.0,0.0,1.0,0.9936392021764089
0.0,0.0,0.0,-0.04924560679622658
0.0,0.0,1.0,1.0130847534550602
1.0,0.0,0.0,0.06600055907417612
0.0,0.0,1.0,0.9448170704429621
1.0,0.0,0.0,0.09087309223370355
0.0,0.0,0.0,0.011525613592390904
0.0,0.0,1.0,0.9991089711066312
0.0,0.0,1.0,1.0094966947030528
0.0,0.0,1.0,0.9780433351124178
1.0,0.0,0.0,0.1872589250554899
0.0,0.0,0.0,0.015318850768514025
0.0,0.0,1.0,0.9735814398939713
0.0,0.0,1.0,0.9979837934135345
0.0,0.0,1.0,0.9924316777860138
0.0,0.0,1.0,0.9959485180608918
1.0,0.0,0.0,-0.011638396478972801
1.0,0.0,0.0,-0.0018514188723433023
0.0,0.0,1.0,1.0091622991274147
0.0,0.0,1.0,0.9969247611772838
1.0,0.0,0.0,-0.11778490930238661
0.0,0.0,1.0,1.0555832256216044
0.0,0.0,0.0,0.014910621948865277
1.0,0.0,0.0,0.10301118001248177
0.0,0.0,1.0,0.9969747980338273
0.0,0.0,1.0,0.9636829837260068
0.0,0.0,1.0,1.0000238965465837
0.0,0.0,1.0,0.9331717559136257
0.0,0.0,1.0,0.9786961068186057
0.0,0.0,1.0,0.9544750676834086
0.0,0.0,1.0,0.9896364187490136
0.0,1.0,0.0,-0.02651477399401081
1.0,0.0,0.0,0.045102589517038716
0.0,0.0,1.0,0.9619283213798853
0.0,0.0,0.0,0.01644553011616079
0.0,0.0,1.0,1.016342298675906
0.0,0.0,0.0,0.0697536213937191
0.0,0.0,1.0,0.9740324418498929
0.0,0.0,0.0,-0.02824790124249965
0.0,0.0,0.0,-0.04125726155533904
1.0,0.0,0.0,-0.023273125475348877
0.0,0.0,1.0,1.0017758239700942
0.0,0.0,1.0,1.0134104220377584
0.0,1.0,0.0,0.023355943450553696
0.0,0.0,1.0,0.926466433980285
0.0,0.0,0.0,-0.07902358273866117
1.0,0.0,0.0,0.0030597043578266536
0.0,0.0,1.0,0.8321348044742196
0.0,0.0,1.0,0.9492446305813003
0.0,0.0,1.0,0.9273703797185799
1.0,0.0,0.0,-0.009330284546845924
0.0,0.0,1.0,1.0223969803765818
1.0,0.0,0.0,-0.008408760065424126
0.0,0.0,1.0,1.00016380045138
0.0,0.0,1.0,0.9436047977392761
0.0,0.0,1.0,1.000828610296256
0.0,1.0,0.0,0.05806468146364274
0.0,0.0,1.0,0.9824979192753229
1.0,0.0,0.0,0.06690808832420636
1.0,0.0,0.0,-0.013555200258116074
0.0,0.0,1.0,0.9284363774678157
1.0,0.0,0.0,0.012821317010001998
0.0,0.0,1.0,0.9866075014697699
0.0,0.0,1.0,0.9584875310387257
0.0,0.0,1.0,1.0173303244512213
0.0,0.0,1.0,0.9717389737045865
0.0,0.0,1.0,0.9674249170736009
0.0,0.0,0.0,0.059929797562679354
0.0,0.0,1.0,0.9590511578398324
0.0,0.0,1.0,0.9993340862126496
0.0,0.0,1.0,1.0100158291166554
0.0,0.0,1.0,1.0250634926597635
1.0,0.0,0.0,-0.07864278253127299
0.0,0.0,1.0,1.0316678956468306
0.0,0.0,0.0,-0.011018562801070608
0.0,0.0,1.0,0.9625541049513737
0.0,0.0,1.0,1.0637450577137133
0.0,0.0,1.0,0.9974336131595858
0.0,0.0,1.0,0.9739690739618951
0.0,0.0,1.0,0.9725603106679719
0.0,0.0,1.0,0.9782082257386495
0.0,0.0,1.0,0.9739911764115181
0.0,0.0,0.0,-0.0015352507212202937
0.0,0.0,0.0,-0.035466084108698226
0.0,0.0,1.0,1.0008922074088291
0.0,0.0,1.0,0.9397437515900875
0.0,0.0,0.0,0.055284865529507954
0.0,0.0,1.0,1.034486497614488
0.0,0.0,0.0,-0.034948070611603654
0.0,0.0,1.0,0.8754330569054765
1.0,0.0,0.0,-0.049755624650897
0.0,1.0,0.0,0.0017169842183086814
0.0,0.0,1.0,0.9616567261345645
0.0,0.0,0.0,0.021729570942655485
0.0,0.0,1.0,1.0299723529812281
0.0,0.0,0.0,-0.04987896657883972
0.0,0.0,1.0,1.0251695566767216
1.0,0.0,0.0,0.02998564125921721
0.0,0.0,1.0,0.9197764869249276
0.0,0.0,1.0,1.001682497085426
0.0,0.0,1.0,0.9905997047030333
0.0,0.0,1.0,1.0464218665915603
0.0,0.0,1.0,0.9967771454620209
0.0,0.0,1.0,1.0113401967771525
0.0,0.0,1.0,0.99885645060438
0.0,0.0,0.0,-0.004836627338229427
0.0,0.0,0.0,-0.04889367190622629
0.0,0.0,1.0,0.9956063743454404
0.0,0.0,1.0,0.9447086354094827
0.0,0.0,0.0,0.0333407437548594
0.0,0.0,1.0,0.9492694510960389
0.0,0.0,1.0,0.9857884362957945
0.0,0.0,1.0,0.9773947999267181
1.0,0.0,0.0,-0.01727463334032109
0.0,0.0,1.0,1.040975832928464
0.0,0.0,1.0,0.9491248488095323
0.0,0.0,1.0,1.0187158413861632
0.0,0.0,1.0,0.9579175704582745
0.0,0.0,0.0,-0.07674092994612902
0.0,0.0,0.0,-0.030035650681936588
1.0,0.0,0.0,-0.031740542791008686
0.0,0.0,1.0,0.9657142544415986
0.0,0.0,0.0,-0.06709487236255551
0.0,0.0,1.0,0.9545512940152232
0.0,1.0,0.0,0.014169526718442071
0.0,1.0,0.0,0.06278060120998497
0.0,0.0,1.0,1.0290542291286098
0.0,0.0,0.0,0.01310593354519618
0.0,0.0,1.0,0.9797007537612297
0.0,0.0,1.0,1.049084294905112
0.0,0.0,1.0,1.0274459291888123
0.0,0.0,1.0,0.9479952994959464
1.0,0.0,0.0,0.016251561245328894
1.0,0.0,0.0,-0.016784338790247766
0.0,0.0,1.0,0.9781292396475605
0.0,0.0,1.0,0.9386074999338918
0.0,0.0,1.0,0.9756873755400983
0.0,0.0,0.0,0.020844738994778567
0.0,0.0,1.0,0.9401986528557735
0.0,0.0,1.0,1.061350333818678
0.0,0.0,1.0,0.9681442322981564
1.0,0.0,0.0,0.08685259058403183
0.0,0.0,0.0,0.016281872772768935
0.0,0.0,1.0,0.9906263446872745
0.0,0.0,1.0,1.009218369177391
0.0,0.0,1.0,0.9711546312758879
0.0,0.0,1.0,0.9817338533407773
0.0,0.0,0.0,-0.002461639689436801
0.0,0.0,0.0,0.06721859636875926
0.0,0.0,1.0,1.0115433812908408
1.0,0.0,0.0,-0.03839709181338158
0.0,0.0,1.0,0.9942368292498927
1.0,0.0,0.0,0.07340460894711587
0.0,0.0,1.0,1.0041802786398568
0.0,0.0,1.0,0.9984410232621714
0.0,0.0,0.0,-0.0164423110626144
0.0,0.0,1.0,1.0065473556151656
1.0,0.0,0.0,-0.0860906585074277
0.0,0.0,1.0,0.930586425725739
0.0,0.0,1.0,1.0047645806065861
0.0,0.0,0.0,0.019649444035298558
0.0,0.0,0.0,-0.017597205164681107
0.0,0.0,1.0,1.013267861144186
0.0,0.0,1.0,1.0363208646504054
0.0,0.0,1.0,1.0147747424704665
0.0,1.0,0.0,-0.03525881764114214
1.0,0.0,0.0,-0.028934947709770675
1.0,0.0,0.0,0.011474645037463205
0.0,0.0,1.0,0.9546158272449019
0.0,0.0,1.0,0.9913178192642511
0.0,0.0,1.0,1.0200364900871879
0.0,0.0,1.0,1.0019750924676947
0.0,0.0,1.0,1.0097733267561395
1.0,0.0,0.0,0.11689569099437858
0.0,0.0,0.0,-0.007816212881936124
0.0,0.0,1.0,0.987492328047689
1.0,0.0,0.0,0.18686235293412778
0.0,0.0,1.0,0.9902767799963921
0.0,0.0,0.0,0.07687127409437444
0.0,0.0,1.0,0.9924463361381708
0.0,0.0,1.0,1.0111118281807325
0.0,0.0,1.0,0.9963959422430979
0.0,0.0,1.0,0.9636465432936885
0.0,0.0,1.0,1.0097021573411635
0.0,0.0,1.0,1.0152542568891088
0.0,0.0,1.0,1.001778726437502
0.0,0.0,1.0,1.0405896755873432
0.0,0.0,1.0,1.0036184629799592
0.0,0.0,1.0,0.9701718744322276
0.0,0.0,0.0,0.01905444613852758
0.0,0.0,0.0,-0.022649014109956234
0.0,1.0,0.0,0.03858744321807439
0.0,0.0,1.0,1.004493866475813
0.0,0.0,1.0,0.9706271893167484
0.0,0.0,1.0,1.0429541661402317
0.0,0.0,0.0,0.06215940375303308
0.0,0.0,0.0,0.027711642083353638
0.0,0.0,0.0,-0.008551636396391338
0.0,0.0,1.0,0.9515380085181975
0.0,0.0,1.0,1.0117018303420924
1.0,0.0,0.0,0.1293670956902302
0.0,0.0,0.0,-0.008137135335402057
0.0,0.0,1.0,1.010386747440367
1.0,0.0,0.0,0.03832965720061132
0.0,0.0,1.0,0.9853197066994763
1.0,0.0,0.0,0.00303469165854775
0.0,0.0,0.0,0.014695043136706332
0.0,0.0,1.0,1.020188591108064
0.0,0.0,1.0,1.0078046706687704
1.0,0.0,0.0,-0.031193773306662287
0.0,0.0,1.0,0.9722139514173609
0.0,0.0,1.0,1.02697854320968
0.0,0.0,0.0,-0.2688075813922115
0.0,0.0,1.0,0.9758607722276853
0.0,0.0,1.0,1.0358260680030633
0.0,0.0,1.0,1.0056782696377473
0.0,0.0,1.0,1.010168226352818
0.0,0.0,0.0,0.009201335503520092
0.0,0.0,0.0,-0.050347023178026085
0.0,0.0,1.0,1.013582686428149
0.0,0.0,1.0,0.9866115205505626
1.0,0.0,0.0,0.047770340325334004
0.0,0.0,1.0,1.018338529069578
1.0,0.0,0.0,-0.007288106103872316
0.0,0.0,1.0,0.9810532356666282
1.0,0.0,0.0,0.1952667270406252
0.0,0.0,1.0,1.0495985993732146
0.0,1.0,0.0,-0.01010828066756364
0.0,0.0,1.0,0.9676952646488641
0.0,0.0,0.0,0.012029160384226856
0.0,0.0,1.0,0.7380583392849731
1.0,0.0,0.0,-0.010105744059814903
0.0,0.0,1.0,1.0113894897415254
0.0,0.0,1.0,1.0104487432074931
0.0,0.0,1.0,1.0024747544217387
0.0,0.0,1.0,0.9805226297136098
0.0,0.0,1.0,1.0264115171912782
0.0,0.0,1.0,0.9891606247419351
0.0,0.0,1.0,1.0123294649931651
1.0,0.0,0.0,-0.02462442204070303
0.0,0.0,1.0,0.9927557651767938
0.0,0.0,1.0,1.0446858679282016
0.0,0.0,0.0,0.023940966050125745
0.0,0.0,1.0,0.9200650040423799
0.0,0.0,1.0,0.9797960668667676
0.0,0.0,1.0,1.0423563529078752
0.0,0.0,0.0,0.02587952028733298
0.0,0.0,1.0,0.9488402800913085
0.0,0.0,1.0,1.0052829832437284
0.0,0.0,0.0,0.016446632705721775
0.0,0.0,0.0,-0.5934579780173754
1.0,0.0,0.0,0.016605978041924985
0.0,0.0,1.0,0.8891325305553277
0.0,0.0,0.0,0.010600871114156973
1.0,0.0,0.0,-0.002970543054980901
0.0,0.0,0.0,0.016824028662379753
0.0,0.0,1.0,1.0321805103664108
0.0,0.0,1.0,0.986464355393597
0.0,0.0,0.0,-0.07435055450890271
0.0,0.0,1.0,1.0012686214235629
0.0,0.0,1.0,1.0105977724739414
0.0,0.0,1.0,0.9604023654155149
0.0,0.0,1.0,0.9512065700811716
0.0,0.0,1.0,0.9582635300295594
0.0,0.0,1.0,1.0035052706871568
1.0,0.0,0.0,-0.029467547872556565
0.0,0.0,1.0,1.0275077069519787
0.0,0.0,1.0,0.8793355979411337
0.0,0.0,1.0,1.0005488929373687
0.0,0.0,1.0,0.9638154993771737
0.0,0.0,1.0,1.016675006483983
0.0,0.0,1.0,0.9971951048540113
1.0,0.0,0.0,0.03348394798779886
0.0,0.0,0.0,-0.020028671569638945
0.0,0.0,1.0,1.0134032724959066
0.0,0.0,1.0,0.9982343414735428
0.0,0.0,1.0,0.9820952888322765
0.0,0.0,1.0,1.0094513342679976
0.0,0.0,1.0,1.0703683815466665
0.0,0.0,1.0,1.0401535055612303
0.0,0.0,0.0,-0.04661702196560569
0.0,0.0,1.0,0.9974378676141473
0.0,0.0,1.0,0.990845665137134
0.0,0.0,1.0,0.9568602872654721
0.0,0.0,1.0,0.9945666767455608
0.0,0.0,1.0,1.0080899259999567
0.0,0.0,1.0,0.877379402850389
0.0,0.0,0.0,-0.035079764714917694
1.0,0.0,0.0,-0.0008150327188811701
0.0,0.0,1.0,0.9824560834178824
0.0,0.0,0.0,0.011971552431296217
0.0,0.0,0.0,-0.03200474079943039
0.0,0.0,1.0,0.9963925684284223
1.0,0.0,0.0,0.056659885920662845
0.0,0.0,0.0,0.007455111222673061
0.0,0.0,1.0,1.0002901908067918
0.0,0.0,0.0,-0.002636395334894459
0.0,1.0,0.0,0.03004084009523833
0.0,0.0,1.0,0.9711355198587679
0.0,0.0,1.0,1.0016044579048424
0.0,0.0,1.0,0.9864084449768584
1.0,0.0,0.0,-0.43040253172551957
0.0,0.0,1.0,0.9435038133920735
0.0,0.0,1.0,0.9929602944559264
0.0,0.0,1.0,1.0581806490983854
1.0,0.0,0.0,0.7842619000761539
0.0,0.0,1.0,0.9948350725376183
0.0,0.0,0.0,-0.0609334566682449
0.0,0.0,1.0,1.093359971668975
0.0,0.0,1.0,1.0027661882044594
0.0,0.0,1.0,1.0158550382796134
0.0,0.0,1.0,0.9863420045608411
0.0,0.0,0.0,0.006555321057656549
0.0,0.0,0.0,0.02032634273212519
1.0,0.0,0.0,0.12471328199305987
0.0,1.0,0.0,0.014136434329771852
1.0,0.0,0.0,0.12500489788687474
0.0,0.0,1.0,0.9997293103321416
0.0,0.0,1.0,0.9884814602037535
0.0,0.0,1.0,0.9951360329375745
0.0,0.0,1.0,0.97979697882817
0.0,0.0,0.0,0.011631000813403958
0.0,0.0,0.0,-0.055630096896917
0.0,0.0,0.0,-0.015220957768386612
0.0,0.0,0.0,-0.03227423697130494
0.0,0.0,0.0,0.02055180038626858
1.0,0.0,0.0,0.0790035973480423
0.0,0.0,1.0,0.9396866981092851
1.0,0.0,0.0,0.10589318696481964
0.0,1.0,0.0,0.02569624995702835
0.0,0.0,1.0,0.9713429355708998
0.0,0.0,0.0,-0.004792370921470557
0.0,0.0,0.0,0.02545645654744888
0.0,0.0,0.0,0.020176734154554232
0.0,0.0,1.0,0.9882033017345107
1.0,0.0,0.0,0.009677658093492525
0.0,0.0,1.0,1.0270608675510409
0.0,0.0,1.0,0.9369214370751329
1.0,0.0,0.0,0.112273859961733
0.0,0.0,1.0,0.9600593647856308
0.0,0.0,0.0,0.05404902582186466
0.0,0.0,1.0,1.005549349741003
0.0,0.0,1.0,1.0296366066898885
0.0,0.0,1.0,0.9632362330363877
0.0,1.0,0.0,0.023995669836443412
1.0,0.0,0.0,0.013603734484134655
0.0,0.0,1.0,0.9741431117729871
0.0,0.0,1.0,1.0166900021350935
1.0,0.0,0.0,0.00582440529342243
0.0,0.0,1.0,1.013462724783972
0.0,0.0,1.0,1.0009078305855788
0.0,0.0,1.0,0.9602881762803497
1.0,0.0,0.0,-0.006214337752579624
0.0,0.0,1.0,0.9515314494066991
0.0,0.0,1.0,0.9666486186670831
0.0,0.0,1.0,1.011313791580879
0.0,0.0,1.0,0.957682881340256
0.0,0.0,1.0,0.9337568402102119
1.0,0.0,0.0,-0.032416003692032014
0.0,1.0,0.0,0.02600500834458863
0.0,0.0,1.0,0.9811579071787362
0.0,0.0,1.0,0.9776136465908243
0.0,0.0,1.0,1.0038659476919403
0.0,0.0,1.0,0.9967429770854794
0.0,0.0,1.0,1.0106857999558723
0.0,0.0,1.0,0.9786995134679772
1.0,0.0,0.0,0.06152652834121142
0.0,0.0,1.0,0.5202327251213053
0.0,0.0,0.0,0.004206097474301451
0.0,0.0,0.0,-0.08117908053808076
0.0,0.0,0.0,-0.020407469259342115
0.0,0.0,1.0,0.9725740805862344
0.0,0.0,1.0,0.8972370312377125
0.0,0.0,1.0,0.9832525729067996
0.0,0.0,1.0,1.0145311458634652
1.0,0.0,0.0,0.05050936449603416
0.0,0.0,1.0,0.9792640402117252
0.0,0.0,1.0,1.0171701613712432
0.0,0.0,1.0,1.0486078848235194
1.0,0.0,0.0,-0.011470728097012106
0.0,0.0,1.0,0.9887208037733757
0.0,0.0,0.0,-0.05826143891179569
0.0,0.0,0.0,-0.026109846250720103
0.0,0.0,1.0,0.9976521021365832
0.0,0.0,1.0,0.9865344750409113
0.0,0.0,0.0,0.08680160195971975
0.0,0.0,1.0,1.0784535729610107
0.0,0.0,0.0,-0.01578282501111694
0.0,0.0,1.0,0.9334968374334398
0.0,0.0,1.0,0.969123330761096
1.0,0.0,0.0,0.00016690759728543725
0.0,0.0,0.0,0.03731327671790208
1.0,0.0,0.0,-0.006875837999209544
0.0,0.0,1.0,0.9837931205096004
0.0,0.0,1.0,0.9928665781562187
0.0,0.0,1.0,0.9929434614868828
0.0,0.0,1.0,0.789078106560476
1.0,0.0,0.0,0.01326245312230423
0.0,0.0,1.0,0.9386902880117276
0.0,0.0,0.0,0.041224303546594676
1.0,0.0,0.0,0.017805624981794388
0.0,0.0,0.0,-0.030619105313775208
0.0,0.0,1.0,1.0192630458802054
0.0,0.0,0.0,0.028880735540282032
0.0,0.0,0.0,0.018453484011164534
1.0,0.0,0.0,-0.015170984858623449
0.0,0.0,0.0,0.01579963213185831
1.0,0.0,0.0,0.3743657717119353
0.0,0.0,1.0,1.0066008668770583
0.0,0.0,0.0,0.03354527299715304
1.0,0.0,0.0,-0.0026299517515226967
0.0,0.0,0.0,0.0020500353328793963
0.0,0.0,0.0,-0.00010880607309537993
0.0,0.0,1.0,0.9986408578547308
1.0,0.0,0.0,0.05441033655333438
0.0,0.0,0.0,-0.01760147175869964
0.0,0.0,1.0,0.957900835516607
0.0,0.0,1.0,1.0209483262490817
1.0,0.0,0.0,0.03915153035911789
0.0,0.0,1.0,0.9731870383416563
0.0,0.0,1.0,1.0416231254948065
0.0,0.0,1.0,0.9749648012666476
0.0,0.0,1.0,0.9735225971571921
1.0,0.0,0.0,-0.0143397736118418
0.0,0.0,1.0,0.9937381342881051
0.0,0.0,1.0,1.0221214554178513
1.0,0.0,0.0,0.03493915091322375
0.0,0.0,0.0,0.007019256008822694
0.0,0.0,0.0,-0.001131620651599441
0.0,0.0,0.0,-0.07234056864548677
0.0,0.0,1.0,0.9939861041593874
0.0,0.0,1.0,0.9694198826038032
0.0,0.0,1.0,0.913682894170174
1.0,0.0,0.0,-0.007785059233231806
0.0,0.0,1.0,1.0045395111559574
0.0,0.0,0.0,0.11094727971723195
0.0,0.0,0.0,-0.00100242803684214
0.0,0.0,1.0,1.0031031463423385
0.0,0.0,1.0,0.8804121813116881
0.0,0.0,1.0,0.9930019733714444
0.0,0.0,0.0,-0.013607342885769924
0.0,1.0,0.0,0.02577438604202431
0.0,0.0,1.0,0.9909439185384974
1.0,0.0,0.0,-0.06859278694565596
0.0,0.0,1.0,0.9888998164410276
0.0,0.0,1.0,0.9315513319200548
0.0,0.0,1.0,0.9960858981177396
0.0,0.0,1.0,1.0036082949592369
0.0,0.0,1.0,0.9106831634797965
0.0,0.0,1.0,0.969258746521859
0.0,0.0,1.0,1.024077795929673
0.0,0.0,0.0,-0.013774788530244386
0.0,0.0,1.0,0.9765679872806725
0.0,0.0,0.0,0.09631415507978147
0.0,0.0,1.0,0.889807185434405
0.0,0.0,1.0,1.0006058717539648
0.0,0.0,1.0,0.9780988461271507
1.0,0.0,0.0,-0.1261181245127574
0.0,0.0,0.0,0.0004510502144450257
0.0,0.0,1.0,1.003586792456339
0.0,0.0,1.0,0.9704129499133733
0.0,0.0,1.0,1.0005912897357483
0.0,0.0,1.0,0.9830589613886667
0.0,0.0,1.0,1.0224096193402872
0.0,0.0,0.0,0.09252382703815965
0.0,1.0,0.0,0.16803132771318907
0.0,1.0,0.0,0.030299307328934155
0.0,0.0,1.0,0.9404712649386413
0.0,0.0,1.0,0.9848346907418049
0.0,1.0,0.0,0.06245138627244362
0.0,0.0,1.0,0.9839305012739064
0.0,0.0,0.0,-0.007726254888139827
0.0,0.0,1.0,0.8215586353416287
0.0,0.0,1.0,1.003256513838441
0.0,0.0,1.0,1.0055874338235462
0.0,0.0,1.0,0.9876824879790891
0.0,0.0,1.0,0.9880663589108991
0.0,0.0,1.0,1.002409319767434
0.0,0.0,0.0,-0.008338058362717504
0.0,0.0,1.0,0.9924045530638326
0.0,0.0,0.0,0.03529253360312801
0.0,0.0,1.0,0.9676558444104266
0.0,0.0,1.0,0.9998445199813841
0.0,0.0,1.0,0.9860442782519261
0.0,0.0,1.0,0.9813504106289788
1.0,0.0,0.0,0.10258229740013114
0.0,0.0,0.0,0.002330097402571951
0.0,0.0,1.0,0.9051664722626303
1.0,0.0,0.0,0.02687795805521276
0.0,1.0,0.0,-0.012553772098222282
0.0,0.0,1.0,0.9782872846549306
1.0,0.0,0.0,-0.02090972130910007
0.0,0.0,1.0,0.9432737562777498
0.0,0.0,1.0,0.9757777502457614
0.0,0.0,1.0,1.0237128090363292
0.0,0.0,1.0,0.9489410904757021
0.0,0.0,1.0,0.9105842781646603
0.0,1.0,0.0,0.0008943836635628699
0.0,0.0,1.0,0.8093243161296906
0.0,0.0,1.0,1.0334341889306842
0.0,0.0,1.0,0.6421226928576047
0.0,1.0,0.0,0.07330212595286678
0.0,0.0,1.0,1.0210083187492458
0.0,0.0,1.0,0.9588089630100574
0.0,0.0,1.0,1.0661132293039874
0.0,0.0,1.0,0.9793175120704305
0.0,0.0,1.0,0.9972712096725891
0.0,0.0,1.0,1.006588949216395
1.0,0.0,0.0,0.12376958360459867
0.0,0.0,1.0,0.9874017136163742
0.0,0.0,1.0,1.013276995371625
0.0,0.0,1.0,1.0018168817962358
0.0,0.0,1.0,1.001487596607102
0.0,0.0,1.0,0.9821652911379317
1.0,0.0,0.0,0.009636083917373028
0.0,0.0,1.0,0.9849837436362936
0.0,0.0,1.0,0.9974937874563512
0.0,0.0,0.0,0.03116970592896795
0.0,0.0,1.0,0.9689734796003844
0.0,1.0,0.0,0.060338664017239196
0.0,0.0,1.0,1.0016505543129446
0.0,1.0,0.0,-0.04381434563666797
0.0,0.0,1.0,0.9839042516455159
0.0,0.0,1.0,1.0098091955978727
0.0,0.0,0.0,0.05377195845653038
0.0,0.0,1.0,1.0475659283695045
0.0,0.0,1.0,0.983272227615184
0.0,0.0,1.0,0.9701155454851995
0.0,0.0,1.0,0.985917531081347
0.0,0.0,1.0,0.9508148196384596
1.0,0.0,0.0,0.1147535642012043
0.0,0.0,1.0,1.0396340877863026
0.0,0.0,1.0,0.9518253884502363
0.0,0.0,1.0,1.0026287371963325
0.0,0.0,0.0,-0.06916573439148621
0.0,0.0,1.0,0.9880064789278507
0.0,0.0,0.0,-0.02214123102353316
0.0,0.0,1.0,0.973124222297661
1.0,0.0,0.0,-0.011789918650673137
0.0,0.0,0.0,0.005925663807522241
0.0,0.0,1.0,0.9706382881583382
0.0,0.0,1.0,0.9208710924359265
0.0,0.0,1.0,0.9633860302681034
1.0,0.0,0.0,0.06838538136125827
0.0,0.0,0.0,-0.042591666706706555
0.0,0.0,1.0,1.0184287540763188
0.0,0.0,1.0,0.9848739830340465
1.0,0.0,0.0,0.014112952491738717
0.0,0.0,1.0,0.9997340049166556
0.0,0.0,1.0,1.0264874812987186
0.0,0.0,1.0,1.012593992576237
0.0,0.0,1.0,0.9925682055780669
0.0,0.0,1.0,1.0118697733658526
0.0,0.0,1.0,0.877980924461764
0.0,0.0,1.0,0.9667462249922263
0.0,0.0,1.0,0.9427720206008905
0.0,0.0,0.0,0.0037267551896489337
1.0,0.0,0.0,-0.36571600690882233
0.0,0.0,1.0,0.9866941371300673
0.0,0.0,1.0,0.9791822917023811
0.0,0.0,1.0,1.0276262187828786
1.0,0.0,0.0,0.033881057820413396
0.0,0.0,1.0,1.0438517456356826
0.0,0.0,1.0,0.9863505754090087
0.0,0.0,1.0,0.997204506505057
0.0,0.0,0.0,0.01392282120118793
1.0,0.0,0.0,0.1410818424634277
0.0,0.0,1.0,1.0168696072598986
0.0,0.0,1.0,0.9581010355266857
0.0,0.0,1.0,0.9501283916123651
0.0,0.0,1.0,0.9926295614822407
0.0,0.0,1.0,0.9945441379743514
0.0,0.0,1.0,0.9764447156269958
0.0,0.0,1.0,1.0350611633953273
0.0,0.0,1.0,0.9359087029174398
0.0,0.0,1.0,1.0074687538730274
1.0,0.0,0.0,-0.3004667299889183
0.0,0.0,0.0,0.02985112817746849
1.0,0.0,0.0,-0.031967907970512854
0.0,0.0,0.0,0.0018162190994912564
0.0,0.0,1.0,1.0073938857342708
0.0,0.0,1.0,1.0472447397161173
0.0,0.0,1.0,1.023971386030237
0.0,0.0,1.0,0.8870760692251611
0.0,0.0,0.0,0.0029229134838777426
0.0,0.0,1.0,1.0522870223757579
1.0,0.0,0.0,0.06833201164378444
0.0,1.0,0.0,-0.040877691305969854
0.0,0.0,1.0,0.9625939967709263
0.0,0.0,0.0,-0.058666903556319205
0.0,0.0,1.0,1.0278825156739617
0.0,0.0,0.0,0.025296428005186833
0.0,0.0,1.0,0.9621559765385004
0.0,0.0,1.0,0.9650348841190945
1.0,0.0,0.0,0.06429217342787918
0.0,0.0,0.0,0.019276709791413715
0.0,0.0,1.0,0.9924359368125169
0.0,1.0,0.0,0.008352518704821676
0.0,0.0,0.0,-0.03126970152392783
0.0,0.0,1.0,1.0211203798228285
0.0,0.0,1.0,0.9722610363502944
0.0,0.0,1.0,0.9758331184667375
0.0,0.0,1.0,0.9827605310040788
1.0,0.0,0.0,0.007734435587281041
0.0,0.0,1.0,0.9736821470506918
0.0,0.0,1.0,1.0681046286738858
0.0,0.0,0.0,-0.05200732487250104
0.0,0.0,1.0,0.9835309912953676
0.0,0.0,1.0,0.9924999018608696
0.0,0.0,1.0,0.9544429561761323
0.0,0.0,1.0,0.9293634080304987
0.0,0.0,0.0,0.237203507628859
0.0,0.0,1.0,0.9866991999900634
0.0,0.0,1.0,0.9692633755166185
0.0,0.0,1.0,0.9519806569322062
0.0,0.0,1.0,1.0267909031184268
0.0,0.0,0.0,0.006570590702295043
0.0,0.0,1.0,0.9921168213285876
0.0,0.0,1.0,0.9858343217123813
0.0,0.0,0.0,-0.012978933996694586
0.0,0.0,0.0,0.010468206437973748
0.0,0.0,1.0,1.0177010511027507
0.0,0.0,0.0,0.06248273567157092
0.0,0.0,1.0,0.9815638039436507
0.0,0.0,1.0,1.029243569554347
0.0,0.0,1.0,0.9688614646338789
0.0,0.0,0.0,0.026785914819851264
0.0,0.0,0.0,-0.005226654932696029
0.0,0.0,1.0,1.0056377312783824
0.0,0.0,1.0,0.9792776805846817
1.0,0.0,0.0,-0.19260352833999939
0.0,0.0,0.0,-0.027163979796628546
0.0,0.0,1.0,0.9956996807566365
0.0,0.0,0.0,0.04212030884086726
0.0,0.0,0.0,-0.007610210527774441
1.0,0.0,0.0,-0.017340891514973755
0.0,0.0,1.0,1.000526293425656
1.0,0.0,0.0,0.02822824929940282
1.0,0.0,0.0,0.01245759847825223
0.0,0.0,1.0,1.0073586761796571
1.0,0.0,0.0,0.09971372935781275
0.0,0.0,1.0,1.0087003524578888
0.0,0.0,0.0,-0.01692582099364337
0.0,0.0,1.0,1.0076466582839663
0.0,0.0,1.0,0.9224869193621243
0.0,0.0,1.0,1.0260849756675539
1.0,0.0,0.0,0.023907590538524204
0.0,0.0,1.0,1.0100158291166554
0.0,0.0,1.0,1.0152337200816652
1.0,0.0,0.0,0.142318805603856
0.0,0.0,1.0,0.9977431490829907
0.0,0.0,0.0,-0.004061763483199421
0.0,0.0,0.0,-0.038618183026195574
0.0,0.0,0.0,-0.013492961071291276
0.0,0.0,1.0,0.9909993511690551
0.0,0.0,1.0,0.9351137173897026
0.0,0.0,0.0,-0.018537400946534888
0.0,0.0,0.0,-0.0068115105251669306
0.0,0.0,0.0,0.013476207834723475
0.0,0.0,1.0,1.0271610340472201
0.0,0.0,0.0,-0.014845292590107917
0.0,1.0,0.0,0.03787829670256482
0.0,0.0,1.0,1.0930447011926363
0.0,0.0,0.0,-0.08655169278546015
0.0,0.0,1.0,1.0169950780239745
0.0,0.0,0.0,0.00100520375363633
0.0,0.0,1.0,1.0164446850308821
0.0,0.0,1.0,0.8882438333051352
0.0,0.0,1.0,1.0477835769533739
0.0,0.0,1.0,0.9575937207432519
0.0,0.0,1.0,0.9373350825933371
0.0,0.0,1.0,0.9509253033755347
0.0,0.0,1.0,1.0244210392033475
0.0,0.0,1.0,0.94512192970861
0.0,0.0,1.0,0.9892304390829896
0.0,0.0,1.0,1.0818326092917152
0.0,1.0,0.0,0.07557211986123757
0.0,0.0,0.0,0.0003807633997379156
0.0,0.0,1.0,0.9790848491936153
1.0,0.0,0.0,0.0829395690426642
1.0,0.0,0.0,0.12499708728036119
0.0,0.0,1.0,1.0081098638902621
0.0,0.0,1.0,0.9606064444427531
0.0,0.0,1.0,1.0480089848144396
0.0,0.0,1.0,0.9940802044592267
0.0,0.0,1.0,1.008399739335477
1.0,0.0,0.0,0.03861424453399831
0.0,0.0,1.0,0.9981360768355758
0.0,0.0,0.0,-0.007765134945576513
0.0,0.0,0.0,0.015103853470042061
1.0,0.0,0.0,0.02751896216627081
0.0,0.0,0.0,0.03973629098950582
0.0,0.0,0.0,-0.00013472306858464123
0.0,0.0,0.0,0.006614352566812087
0.0,0.0,1.0,0.9938649870270004
0.0,0.0,1.0,1.008150648137378
0.0,0.0,0.0,-0.056758273757499644
0.0,0.0,0.0,-0.05142820178198626
0.0,1.0,0.0,-0.22242655311144865
0.0,0.0,0.0,-0.0003058258829335969
0.0,0.0,0.0,-0.044201832774157346
1.0,0.0,0.0,0.008238685617836694
0.0,0.0,1.0,1.0060471412928766
0.0,0.0,1.0,0.9958364866868035
0.0,0.0,0.0,0.027641229709804982
0.0,0.0,1.0,0.8271942623068993
1.0,0.0,0.0,-0.08295926296750356
0.0,0.0,1.0,1.027769438740549
1.0,0.0,0.0,0.0363264025673109
0.0,0.0,1.0,0.9886439446430373
0.0,0.0,1.0,0.9900324558313636
0.0,0.0,1.0,0.9924666899968795
0.0,0.0,1.0,0.9938053202070298
0.0,0.0,1.0,1.0503404648061094
1.0,0.0,0.0,0.033576531735720394
0.0,0.0,1.0,0.9629606142934888
1.0,0.0,0.0,0.10332020988196078
0.0,0.0,1.0,1.0259024929588332
0.0,0.0,1.0,0.9659823892743367
1.0,0.0,0.0,0.021814291966597565
1.0,0.0,0.0,0.005443550370042516
1.0,0.0,0.0,0.018826586121368116
0.0,0.0,1.0,1.009891065128751
0.0,0.0,0.0,-0.016679749033297497
0.0,0.0,0.0,-0.005964613388639073
0.0,0.0,0.0,-0.013677343931171038
0.0,0.0,1.0,0.9943109736878752
0.0,0.0,1.0,0.9745291365956286
0.0,0.0,0.0,0.00765686926013931
0.0,0.0,1.0,0.9828424946404666
0.0,0.0,1.0,0.9693036306472589
0.0,0.0,1.0,0.9401865125882427
0.0,0.0,1.0,1.0112098694756524
0.0,0.0,1.0,0.9734130293356236
0.0,1.0,0.0,0.03962728281792316
0.0,0.0,1.0,1.0079410633687127
0.0,0.0,1.0,1.0101041007447522
0.0,0.0,1.0,0.9081908895545787
0.0,0.0,1.0,1.0200913610813203
0.0,0.0,1.0,1.0140120026483506
0.0,0.0,1.0,1.0015277225391266
0.0,0.0,1.0,0.9795397077957868
0.0,0.0,1.0,0.9747571412773861
1.0,0.0,0.0,-0.04585872571434457
0.0,0.0,1.0,0.9835861524442508
0.0,0.0,1.0,0.9273748592820441
0.0,0.0,1.0,0.9750957257751369
0.0,0.0,1.0,1.0076806092763877
0.0,1.0,0.0,0.013750192521577276
0.0,0.0,1.0,0.9929462365680948
0.0,0.0,1.0,0.9772838169255618
0.0,0.0,1.0,1.012480355834482
0.0,1.0,0.0,0.19756238752346889
0.0,0.0,0.0,-0.02370796474333048
1.0,0.0,0.0,0.08594775467717941
0.0,0.0,0.0,0.029622516912910513
0.0,0.0,0.0,-0.0024106364378511103
1.0,0.0,0.0,0.07535122015495421
0.0,1.0,0.0,0.18622326434638747
0.0,0.0,1.0,1.0033237145936238
0.0,0.0,0.0,-0.0036932718079878413
0.0,0.0,0.0,0.022741305145234314
0.0,0.0,1.0,1.033974555486008
0.0,0.0,1.0,0.9579014501273777
0.0,0.0,1.0,0.9953464007398751
0.0,0.0,1.0,0.9858872660951867
0.0,0.0,1.0,1.0087340270100071
0.0,0.0,1.0,0.9976791982304967
0.0,0.0,0.0,0.0058897510334467995
0.0,0.0,0.0,-0.01688147184932909
0.0,0.0,1.0,0.9718120761878586
0.0,0.0,1.0,1.005736981216415
0.0,0.0,0.0,0.0987298423117764
0.0,0.0,0.0,0.023970023228634396
0.0,0.0,1.0,0.9805687320729151
0.0,0.0,1.0,1.0067651445092594
0.0,0.0,1.0,0.9606587038339667
0.0,0.0,1.0,1.3333598580614945
1.0,0.0,0.0,0.02967594335790924
1.0,0.0,0.0,-0.09191102420567532
0.0,0.0,0.0,-0.17046075022436735
0.0,1.0,0.0,0.007158018581996828
1.0,0.0,0.0,0.13685640669496912
0.0,0.0,1.0,1.013683750288544
0.0,0.0,1.0,1.0035207906864114
0.0,0.0,1.0,1.0191724799278008
0.0,0.0,1.0,1.0094799817620155
0.0,0.0,0.0,0.0031570930729794
0.0,0.0,1.0,1.0215959239355938
0.0,0.0,1.0,1.0620518978361004
0.0,0.0,1.0,1.032317836778764
0.0,0.0,0.0,0.05323455558781287
0.0,0.0,0.0,0.017782221223855643
0.0,0.0,1.0,1.0606587604415165
0.0,0.0,0.0,-0.0160001508549934
1.0,0.0,0.0,-0.015342587528697216
0.0,0.0,1.0,0.9819269763009508
0.0,0.0,1.0,0.9534570622925238
0.0,0.0,1.0,0.9803348038695026
0.0,0.0,1.0,0.9850582510012011
1.0,0.0,0.0,-0.2749443551875066
1.0,0.0,0.0,-0.007032489654443808
0.0,0.0,1.0,0.9616300530025144
0.0,0.0,1.0,0.9850773556629973
0.0,0.0,1.0,0.9634886130867395
1.0,0.0,0.0,0.008122463294766291
0.0,0.0,0.0,-0.009639962796539336
0.0,0.0,0.0,-0.03999112958974749
0.0,0.0,1.0,1.0064175735662908
1.0,0.0,0.0,-0.08782700517658615
1.0,0.0,0.0,-0.0025429786010100486
0.0,0.0,1.0,1.0311976905062714
1.0,0.0,0.0,0.03723901039169952
0.0,0.0,1.0,1.0143398323243487
0.0,0.0,0.0,-0.026415775859355506
0.0,0.0,0.0,-0.023497333051162528
0.0,0.0,0.0,0.021609885588759425
0.0,0.0,1.0,0.9522640266327214
0.0,0.0,1.0,0.9512146290718935
0.0,0.0,0.0,-0.0033553635792769043
0.0,0.0,0.0,0.012115438992407412
1.0,0.0,0.0,-0.0023530074365787357
0.0,0.0,0.0,-0.029260014184671945
0.0,0.0,1.0,1.0074127758934108
0.0,0.0,1.0,0.9439039266210494
0.0,0.0,0.0,0.025727406510887008
0.0,0.0,1.0,1.0111623264368665
0.0,0.0,0.0,0.025041734075157862
0.0,0.0,0.0,0.014813127652907099
0.0,0.0,0.0,0.0280790737558414
0.0,0.0,0.0,0.0033151349418707454
0.0,0.0,1.0,0.9224766988399176
0.0,0.0,1.0,0.9838418586592956
0.0,0.0,1.0,0.9813431488222917
0.0,0.0,1.0,0.891404913689648
0.0,0.0,1.0,1.015144149967969
0.0,0.0,1.0,0.9617074246590578
0.0,1.0,0.0,0.11353256544898205
0.0,0.0,1.0,1.0166479059729765
0.0,0.0,1.0,0.9929568894890064
1.0,0.0,0.0,-0.17045663136290035
0.0,0.0,1.0,1.0091661929742388
0.0,0.0,0.0,-0.057179917590130636
0.0,0.0,1.0,0.9713938047363424
1.0,0.0,0.0,0.09182581515484323
1.0,0.0,0.0,-0.0027723455519286233
0.0,0.0,1.0,1.0133029793416966
0.0,0.0,0.0,0.023145774648097195
1.0,0.0,0.0,0.07358469224482
0.0,0.0,0.0,-0.001567657615305862
1.0,0.0,0.0,-0.003748122019968214
1.0,0.0,0.0,-0.014559152718127244
1.0,0.0,0.0,-0.026303004322932644
0.0,0.0,1.0,1.0150125700484298
0.0,0.0,1.0,0.9084230903951109
0.0,0.0,1.0,1.0569049706520794
0.0,0.0,1.0,0.983292964141695
0.0,0.0,1.0,0.9632456446261086
0.0,0.0,1.0,1.0192478799377191
0.0,0.0,1.0,0.8009079529807508
0.0,0.0,1.0,0.9985647193411835
0.0,0.0,0.0,-0.004049069256575777
0.0,0.0,1.0,1.0115024755223683
0.0,0.0,1.0,0.9865353409947843
1.0,0.0,0.0,0.0031915964440303313
0.0,1.0,0.0,-0.0043442886410582915
1.0,0.0,0.0,-0.0101053412612373
0.0,0.0,1.0,1.0079056583576946
1.0,0.0,0.0,0.0012094264250421816
0.0,0.0,1.0,1.0017425124974753
0.0,0.0,1.0,1.0365534167353583
0.0,0.0,1.0,1.0158721516716485
0.0,0.0,1.0,0.9866853722679672
0.0,0.0,0.0,0.004191400668010381
1.0,0.0,0.0,0.04319006571630357
0.0,0.0,1.0,0.9610134504828931
0.0,0.0,1.0,0.9095708659275452
0.0,0.0,1.0,1.0149862412694315
0.0,0.0,1.0,0.6874817914873197
0.0,0.0,0.0,-0.008084148736678287
0.0,0.0,0.0,-0.07670933886821185
0.0,1.0,0.0,0.0005464490562951951
0.0,1.0,0.0,0.10445271212335516
0.0,0.0,1.0,0.8793589039189826
0.0,0.0,0.0,-0.045490089739690376
0.0,0.0,1.0,0.9913564337735341
0.0,0.0,0.0,-0.009160282245444407
0.0,0.0,0.0,0.00013313501471223788
0.0,0.0,1.0,0.9907901801127394
0.0,0.0,1.0,1.0309692061431917
0.0,0.0,1.0,1.0069176228408576
1.0,0.0,0.0,-0.017271467807336016
0.0,0.0,1.0,1.0116623491869348
0.0,0.0,1.0,0.9955316462834243
0.0,0.0,0.0,-0.01898910805458698
0.0,0.0,0.0,-0.04722109547298281
0.0,0.0,1.0,0.9561086599994844
1.0,0.0,0.0,0.07979490848280602
0.0,0.0,0.0,0.003805681898866098
0.0,0.0,0.0,-0.01338493722747991
0.0,0.0,1.0,0.8921273848536391
0.0,0.0,1.0,0.9724860784177816
0.0,0.0,1.0,0.7153961159634479
0.0,0.0,0.0,-0.08667007703963048
0.0,0.0,0.0,-0.007289844099776843
0.0,0.0,1.0,0.8763999861045151
0.0,0.0,1.0,0.9814621633736262
1.0,0.0,0.0,-0.21977317617964776
0.0,0.0,0.0,-0.08197612498494955
0.0,0.0,1.0,1.006515998916309
1.0,0.0,0.0,-0.04614392245190668
0.0,0.0,0.0,0.018608764433972524
1.0,0.0,0.0,-0.0009003699410152777
1.0,0.0,0.0,0.0010446216952457732
0.0,0.0,0.0,0.04041728660239574
0.0,0.0,1.0,0.9073360139320448
1.0,0.0,0.0,0.3391544038246064
1.0,0.0,0.0,-0.027324066050433693
0.0,0.0,0.0,-0.0376655621826556
0.0,0.0,1.0,0.9876095528374216
0.0,0.0,1.0,0.9807048649592116
0.0,0.0,0.0,0.018796308423535635
0.0,0.0,1.0,1.0112715011584923
0.0,0.0,0.0,-0.03471655442509736
0.0,1.0,0.0,-0.0795285923638751
0.0,0.0,1.0,0.9845954953088167
0.0,0.0,1.0,1.00366155780985
0.0,0.0,1.0,0.995248552655303
1.0,0.0,0.0,-0.014973247281253599
1.0,0.0,0.0,0.050358537421144156
0.0,1.0,0.0,-0.03855916823894212
1.0,0.0,0.0,0.10050713356139074
0.0,0.0,0.0,0.6000289972373363
0.0,0.0,1.0,0.9834781289432559
0.0,0.0,1.0,0.9802862781986983
0.0,0.0,1.0,0.9597543833643956
1.0,0.0,0.0,0.10761653403864813
0.0,0.0,1.0,0.9671363289923667
0.0,0.0,0.0,-0.01825636425900523
0.0,0.0,1.0,1.0088552306424958
0.0,0.0,1.0,0.9927897714423657
0.0,1.0,0.0,0.025536599237406143
1.0,0.0,0.0,-0.004793781240461925
0.0,0.0,1.0,0.9483271345533106
1.0,0.0,0.0,0.03008472716403343
0.0,0.0,1.0,1.0017212536956182
1.0,0.0,0.0,0.1835996636597894
1.0,0.0,0.0,0.03403458589070851
0.0,0.0,1.0,0.9863894234626445
0.0,0.0,1.0,0.9887509321807526
0.0,0.0,1.0,0.9975498050390188
0.0,0.0,1.0,0.9814195264191241
0.0,0.0,1.0,0.9532234320231332
0.0,0.0,1.0,1.0115399960527713
1.0,0.0,0.0,0.05137964922567573
0.0,0.0,1.0,0.9794827879962984
0.0,0.0,0.0,-0.0008975236171497869
0.0,0.0,1.0,1.0070206447444896
0.0,0.0,1.0,1.016979584877049
0.0,0.0,1.0,0.9922173781324659
0.0,0.0,1.0,0.9936029957902601
0.0,0.0,1.0,0.9893117662187438
0.0,1.0,0.0,0.0006813340007179036
1.0,0.0,0.0,0.0894885416633695
0.0,0.0,0.0,-0.024675268268943285
0.0,0.0,1.0,1.016737103819389
0.0,0.0,1.0,0.999380346390744
0.0,0.0,1.0,1.0600520148239339
0.0,0.0,1.0,0.9571327110876138
1.0,0.0,0.0,-0.005205797882695151
0.0,0.0,1.0,0.9924740070317584
0.0,0.0,0.0,0.0003835589211202972
0.0,0.0,0.0,0.02295413713138217
0.0,0.0,0.0,-0.191111871543165
0.0,0.0,0.0,-0.012719055006105151
0.0,1.0,0.0,0.030850944605999686
0.0,0.0,0.0,-0.04934616933648073
0.0,0.0,0.0,0.0028024783145585985
0.0,0.0,0.0,-0.012801924803732767
0.0,0.0,1.0,0.9403060468086402
0.0,0.0,0.0,-0.0055446458862302705
0.0,0.0,1.0,0.9774587554699758
0.0,0.0,1.0,0.9805598344339068
0.0,0.0,1.0,1.0071525225331852
1.0,0.0,0.0,-0.01659060886585717
0.0,0.0,1.0,1.0108249315858053
1.0,0.0,0.0,-0.0003356102728426791
0.0,0.0,1.0,0.9773965021540016
0.0,0.0,1.0,1.004006850187578
0.0,0.0,1.0,1.0193793767146992
0.0,0.0,1.0,1.0554976105060039
0.0,0.0,0.0,0.000746112971972579
0.0,0.0,1.0,1.0257141380048047
0.0,0.0,1.0,0.9705201082066015
0.0,0.0,1.0,0.9720255921200844
0.0,0.0,0.0,0.007050999734498298
0.0,0.0,1.0,0.9861582067401478
0.0,0.0,1.0,0.9839386238301895
0.0,0.0,1.0,0.9404341603610367
1.0,0.0,0.0,0.006765061162142594
0.0,0.0,1.0,1.0216563296498213
0.0,0.0,0.0,0.01101626796616717
0.0,0.0,1.0,0.9784428797557947
0.0,0.0,1.0,0.9568868476075099
0.0,1.0,0.0,-0.04574789739553431
0.0,0.0,1.0,0.9818875270108043
0.0,0.0,1.0,0.9761408107942051
0.0,0.0,0.0,0.009303661659977536
0.0,0.0,1.0,1.0176307126809747
0.0,1.0,0.0,0.05340864291892178
1.0,0.0,0.0,-0.025313431968847055
0.0,0.0,1.0,0.9562724782574286
0.0,0.0,0.0,0.0153374822931438
0.0,1.0,0.0,0.010158150416731182
0.0,0.0,1.0,1.011638028133357
0.0,0.0,1.0,0.983950840118816
0.0,0.0,0.0,0.027032497920410847
0.0,0.0,0.0,-0.09143772989658672
0.0,0.0,0.0,0.011030853971692345
0.0,0.0,1.0,0.97765189684656
1.0,0.0,0.0,-0.036987258960500924
1.0,0.0,0.0,-0.05705833941943794
0.0,0.0,1.0,0.9474013463996807
0.0,0.0,1.0,1.0168002148255146
0.0,0.0,1.0,0.9995859717317748
0.0,0.0,0.0,0.014508044817007182
0.0,0.0,1.0,1.0041560114707462
0.0,0.0,1.0,1.0361462215825297
0.0,0.0,0.0,0.06765686761649725
0.0,0.0,1.0,0.9294225010151695
0.0,0.0,1.0,0.9899740504725267
1.0,0.0,0.0,0.04489391377816698
0.0,0.0,0.0,-0.014763220574399938
0.0,0.0,0.0,0.01069409424862755
1.0,0.0,0.0,-0.018519270996415038
0.0,0.0,1.0,0.9905987224832273
0.0,0.0,1.0,0.9777971845250004
0.0,0.0,0.0,0.28172316944834197
1.0,0.0,0.0,-0.007306645414157487
0.0,0.0,1.0,1.0244042756937892
0.0,0.0,1.0,1.0509946982962113
0.0,0.0,1.0,1.1213427829539255
0.0,0.0,0.0,-0.04335912099682826
0.0,0.0,1.0,0.9760172101712277
1.0,0.0,0.0,0.03540224927260649
1.0,0.0,0.0,-0.014842684193694389
0.0,0.0,0.0,0.07375552384917938
0.0,0.0,1.0,1.0086243106865815
0.0,0.0,1.0,0.993576675055678
0.0,0.0,1.0,1.0052825088321424
0.0,0.0,1.0,0.964227518199718
0.0,0.0,1.0,1.0103453620365586
0.0,0.0,1.0,0.9748830017579326
0.0,0.0,1.0,0.9033597235022306
0.0,0.0,1.0,1.003193898308445
0.0,0.0,0.0,-0.04573315701873426
1.0,0.0,0.0,-0.06000683971076981
1.0,0.0,0.0,0.015242514125884732
0.0,0.0,1.0,1.007981837076259
0.0,0.0,1.0,0.9359461568159562
1.0,0.0,0.0,0.14015434435787455
0.0,0.0,0.0,-0.002336500441802336
0.0,0.0,0.0,0.01637520632976841
0.0,0.0,0.0,0.14293753995084746
0.0,0.0,1.0,0.9525631831383188
0.0,0.0,1.0,1.0306921478878568
1.0,0.0,0.0,0.055209585030720376
0.0,0.0,1.0,1.0108140817405569
0.0,0.0,1.0,0.9660797465206921
0.0,0.0,1.0,1.0003558709455218
0.0,0.0,0.0,0.014283106621031827
0.0,0.0,1.0,1.0486213321288997
0.0,0.0,1.0,1.0099228785358108
1.0,0.0,0.0,0.11243890381856403
0.0,0.0,1.0,1.0034450751002018
0.0,0.0,1.0,1.0017046299423877
0.0,0.0,0.0,-0.009780600120695482
0.0,0.0,0.0,0.01113834674399694
0.0,0.0,1.0,0.991080154228428
0.0,0.0,1.0,0.9833106428811567
1.0,0.0,0.0,-0.049239590611426465
0.0,0.0,1.0,0.9980979762867337
0.0,0.0,1.0,0.9952203987383754
0.0,0.0,1.0,0.9744679588698126
0.0,0.0,1.0,1.00143945199566
0.0,0.0,0.0,-0.045076374886845905
0.0,0.0,0.0,0.014209502324470158
0.0,0.0,0.0,0.0024175113440021434
0.0,0.0,0.0,0.00209484207110755
1.0,0.0,0.0,0.031233604212056676
0.0,0.0,0.0,-0.0131042450864296
0.0,0.0,1.0,0.9969954342147487
0.0,0.0,0.0,-0.022312729270400844
1.0,0.0,0.0,0.10068364240175232
0.0,0.0,0.0,0.015203208325236695
0.0,0.0,1.0,0.9460946299866664
1.0,0.0,0.0,0.08615574849443597
0.0,0.0,1.0,1.0096585074615474
0.0,0.0,1.0,1.0151889077952099
0.0,0.0,1.0,1.0732203321557914
0.0,0.0,0.0,0.02709225060637266
0.0,0.0,0.0,-0.0050188925513268146
0.0,0.0,1.0,1.0145586526089119
0.0,0.0,1.0,0.9945682925607149
0.0,0.0,0.0,-0.04940677863970322
0.0,0.0,0.0,0.006792384356793413
0.0,0.0,1.0,1.0218736466440648
0.0,0.0,1.0,0.9995226156948758
0.0,0.0,1.0,1.0397838551641136
0.0,0.0,1.0,0.9702404594769742
1.0,0.0,0.0,0.040106818909737996
0.0,0.0,1.0,1.007761608479186
0.0,0.0,0.0,0.016452518147338502
0.0,0.0,1.0,0.9737438159248244
0.0,0.0,1.0,0.9883463178223604
0.0,0.0,0.0,-0.0014924508209297471
0.0,0.0,0.0,-0.0012248914739814154
0.0,0.0,1.0,1.0778974483857509
0.0,0.0,0.0,0.050733013295824136
1.0,0.0,0.0,0.06690704719840879
0.0,1.0,0.0,0.04029435705110185
0.0,0.0,0.0,0.047292778293729576
0.0,0.0,1.0,0.9969198639722423
0.0,0.0,1.0,1.0497369321442198
0.0,0.0,1.0,0.9793566450716846
0.0,0.0,1.0,1.0128222444397545
0.0,0.0,1.0,0.9565604239041212
0.0,0.0,0.0,0.03728372808629299
0.0,1.0,0.0,0.03216731791366545
0.0,0.0,1.0,0.9499732179480547
0.0,0.0,1.0,1.016029157168501
0.0,0.0,1.0,1.0052535000408236
0.0,0.0,1.0,1.0031705310448435
0.0,0.0,0.0,-0.014589378305623235
0.0,0.0,1.0,0.9622639246129876
0.0,0.0,0.0,0.019091099852738047
0.0,0.0,1.0,0.9677480937417196
1.0,0.0,0.0,0.036105066882503145
0.0,0.0,0.0,0.0087329546809789
0.0,0.0,1.0,0.9964614157983003
0.0,0.0,1.0,0.9633263188164518
0.0,0.0,1.0,1.0311832890173331
0.0,0.0,1.0,0.9733620888627388
0.0,0.0,0.0,-0.008510801776825616
1.0,0.0,0.0,-0.05515775576691517
0.0,0.0,1.0,0.998102020918092
0.0,0.0,1.0,0.9837427535618848
1.0,0.0,0.0,0.0003941115044803212
1.0,0.0,0.0,-0.006144109053184188
1.0,0.0,0.0,-0.03259850167438394
0.0,0.0,1.0,0.9769663223658149
1.0,0.0,0.0,0.11335214389496784
1.0,0.0,0.0,0.04859000444320882
0.0,0.0,0.0,0.02147528800298204
0.0,0.0,1.0,1.0022844558352393
0.0,0.0,1.0,1.0115827646707447
0.0,0.0,1.0,1.0001716009440944
0.0,0.0,0.0,0.04040773475245096
0.0,0.0,1.0,1.0143602750044276
0.0,0.0,1.0,1.0003235932881123
0.0,0.0,1.0,0.9927310912086473
0.0,0.0,1.0,1.0170812727523155
0.0,0.0,0.0,0.00046396529888248494
0.0,0.0,1.0,0.9975998502929162
0.0,0.0,1.0,0.9746864295182105
0.0,1.0,0.0,0.03103894991047529
0.0,1.0,0.0,-0.05346912942315285
0.0,0.0,1.0,0.9978559955861268
0.0,0.0,1.0,1.0285986765356516
0.0,1.0,0.0,-0.022533792319006096
0.0,0.0,1.0,0.9650298302940672
0.0,0.0,0.0,0.0038946977587261955
0.0,0.0,1.0,0.9982841057935752
0.0,0.0,0.0,-0.03645610844750369
0.0,0.0,1.0,0.9987767130008054
0.0,0.0,0.0,0.03163287639252843
0.0,0.0,1.0,0.8990747121906786
0.0,0.0,1.0,1.045673502470632
0.0,0.0,1.0,1.0061010830692796
0.0,0.0,1.0,0.9572421731245448
0.0,0.0,1.0,1.0464620545173742
0.0,0.0,1.0,0.9841042746244022
1.0,0.0,0.0,-0.08570671910534067
1.0,0.0,0.0,-0.03220565801365716
1.0,0.0,0.0,0.14868534890601737
1.0,0.0,0.0,-0.021067037496876218
0.0,0.0,1.0,1.0446615819528065
0.0,0.0,1.0,0.8641910020950503
0.0,0.0,1.0,1.0217545002325177
0.0,0.0,1.0,0.99944582969969
0.0,0.0,1.0,1.0132133429302042
0.0,0.0,1.0,0.9657563318494091
0.0,0.0,1.0,0.9687709657388739
0.0,0.0,1.0,1.0111347561090636
0.0,0.0,1.0,0.9960276672866124
0.0,0.0,0.0,0.04752822805242207
0.0,0.0,1.0,0.9969449410411864
1.0,0.0,0.0,0.023110529575668615
0.0,0.0,1.0,0.9523513757684032
0.0,0.0,0.0,0.05398970940439707
0.0,0.0,1.0,0.882128509995713
0.0,0.0,1.0,0.9230920407976226
0.0,0.0,1.0,1.0101171459177603
0.0,0.0,0.0,-0.02138697892849173
1.0,0.0,0.0,-0.004182895922058449
0.0,0.0,1.0,0.9621667880703839
0.0,0.0,1.0,0.9651143419403034
0.0,0.0,1.0,1.0175575787191011
0.0,0.0,0.0,-0.052876705669751445
0.0,0.0,1.0,0.9708340387483472
0.0,0.0,1.0,0.9852478624897998
1.0,0.0,0.0,0.04382204617372576
0.0,0.0,1.0,0.9509740424792938
0.0,0.0,1.0,1.0278809026012117
0.0,0.0,1.0,0.9930993575874139
1.0,0.0,0.0,-0.035337427514234854
0.0,0.0,1.0,1.000143821285942
0.0,0.0,1.0,0.8469117655770217
0.0,0.0,1.0,0.8771457473794579
0.0,1.0,0.0,0.04200016274803353
0.0,0.0,1.0,1.015706756234532
0.0,0.0,1.0,0.974971528805475
0.0,0.0,1.0,0.9937497031513218
0.0,0.0,1.0,0.9781480310948245
0.0,0.0,0.0,0.024567180550311818
0.0,0.0,0.0,0.017916989671032724
0.0,0.0,1.0,0.9810282383073288
1.0,0.0,0.0,0.08977050601543457
1.0,0.0,0.0,0.04102298549059569
0.0,0.0,0.0,0.005156460119999373
0.0,0.0,0.0,-0.024241721221538448
0.0,0.0,1.0,1.0024844528066978
0.0,0.0,1.0,0.9840249748843832
0.0,0.0,1.0,1.0075792655832503
0.0,0.0,0.0,0.010948771096524368
0.0,0.0,1.0,0.9725846772538711
0.0,0.0,1.0,0.999360487929887
0.0,0.0,0.0,0.06452771074335573
0.0,0.0,1.0,1.0732492355371894
0.0,0.0,1.0,0.9777231639673092
0.0,1.0,0.0,-0.031395938921052746
1.0,0.0,0.0,0.004583465517047358
0.0,0.0,1.0,0.9620771438559519
0.0,0.0,1.0,0.9839863537599571
1.0,0.0,0.0,0.09599567231612394
0.0,0.0,1.0,0.9672523675437601
0.0,0.0,1.0,0.9738799259026392
1.0,0.0,0.0,0.06751270617629235
0.0,0.0,1.0,0.9607496680569207
0.0,0.0,1.0,0.992394846321714
0.0,0.0,1.0,0.9722034410486202
0.0,0.0,1.0,1.000345367374285
0.0,0.0,1.0,0.9923994345796276
0.0,0.0,0.0,-1.4626229694059134e-06
0.0,0.0,1.0,0.9697950610987411
1.0,0.0,0.0,0.1388622738710663
0.0,0.0,1.0,0.9572843740995749
0.0,0.0,1.0,0.9921834910759713
0.0,0.0,1.0,0.9724787700730215
0.0,0.0,1.0,0.955862829073252
0.0,0.0,1.0,1.0119894016819249
1.0,0.0,0.0,-0.024656327802064837
0.0,0.0,0.0,-0.00848391822817085
0.0,0.0,1.0,1.0013180270144346
0.0,0.0,1.0,1.01176637914278
0.0,0.0,1.0,0.9884663072689994
0.0,0.0,1.0,1.0065159387200806
0.0,0.0,1.0,1.0065833734791032
1.0,0.0,0.0,0.0026388305589550853
1.0,0.0,0.0,0.12266725680462187
1.0,0.0,0.0,-0.03570357286785075
0.0,0.0,1.0,1.0272381092791254
0.0,0.0,1.0,1.01676552516237
1.0,0.0,0.0,-0.004791034267054073
0.0,0.0,1.0,1.0411937171209087
0.0,0.0,1.0,0.9684267603891463
0.0,0.0,1.0,1.0150802398594476
0.0,0.0,0.0,0.04285047186986368
0.0,0.0,0.0,0.03932910108251608
0.0,0.0,1.0,0.7902366334933975
1.0,0.0,0.0,-0.6913862780729536
0.0,0.0,0.0,-0.021010698250712778
0.0,0.0,1.0,1.0109253403523413
0.0,0.0,1.0,0.9579430118576244
1.0,0.0,0.0,-0.0011613472400000546
0.0,0.0,1.0,0.9941130051828724
1.0,0.0,0.0,-0.005267123354597558
1.0,0.0,0.0,0.15545402602579372
1.0,0.0,0.0,0.4447466802924289
0.0,0.0,1.0,0.9710372349778869
0.0,1.0,0.0,0.06269977651737513
0.0,0.0,1.0,0.9916670462269614
0.0,0.0,1.0,1.0145895370953077
0.0,0.0,1.0,0.9435719375699478
1.0,0.0,0.0,-0.010022604416124459
0.0,0.0,1.0,0.9692037271622613
1.0,0.0,0.0,0.0562142661809526
0.0,1.0,0.0,0.0006682164905145171
0.0,0.0,1.0,0.9420539891624378
0.0,0.0,0.0,0.0200533877728164
1.0,0.0,0.0,-0.023313281271214237
1.0,0.0,0.0,0.03195242739871773
0.0,0.0,1.0,1.0054836266408431
0.0,0.0,1.0,0.9509778667023272
0.0,0.0,1.0,0.97203906881581
0.0,0.0,1.0,0.9718736799483154
0.0,0.0,1.0,0.8594805447031533
0.0,0.0,1.0,1.0453216620433339
0.0,0.0,1.0,0.987792550274635
0.0,0.0,0.0,-0.02404726534781254
0.0,0.0,1.0,0.9286815312613523
0.0,0.0,0.0,0.0009592689042321467
0.0,0.0,1.0,0.9878209724470852
1.0,0.0,0.0,0.08982482335974407
0.0,0.0,1.0,1.0921650652084427
0.0,0.0,0.0,0.03095114140016353
0.0,0.0,1.0,1.0276688036920563
0.0,1.0,0.0,-0.019581600818984413
1.0,0.0,0.0,0.045500703585114266
1.0,0.0,0.0,0.0358685696333465
1.0,0.0,0.0,-0.03202463024352031
0.0,0.0,1.0,0.9062107728930542
0.0,0.0,1.0,1.0986634323941629
0.0,0.0,0.0,-0.004840907625830226
0.0,0.0,1.0,0.9844645377762324
1.0,0.0,0.0,0.3020682164963615
0.0,1.0,0.0,0.004174476090535784
1.0,0.0,0.0,0.15201620351420964
0.0,0.0,0.0,-0.011506575931880647
0.0,0.0,0.0,0.030162608361605336
0.0,0.0,1.0,0.9866678571885701
0.0,0.0,1.0,1.0209754836669789
1.0,0.0,0.0,0.02781811622053887
0.0,0.0,1.0,0.8158485977894809
0.0,0.0,1.0,0.9691627358720667
0.0,0.0,0.0,0.045686774549924536
0.0,0.0,1.0,0.9620703324767792
0.0,0.0,1.0,0.9379935334528664
0.0,0.0,1.0,1.0024402096819234
0.0,0.0,1.0,1.031580892175974
0.0,0.0,0.0,-0.028912876537473764
0.0,0.0,0.0,0.08131422829622537
0.0,0.0,1.0,0.8646773926325384
0.0,0.0,1.0,0.9606985117910378
0.0,0.0,0.0,0.0456422235529903
1.0,0.0,0.0,0.13459500370165056
0.0,1.0,0.0,0.0033155613386188776
0.0,0.0,1.0,1.0228391778066452
0.0,0.0,1.0,1.0146781820425734
0.0,0.0,1.0,0.9496886863384955
0.0,0.0,1.0,1.0069123014758743
1.0,0.0,0.0,-0.032710114323358574
0.0,0.0,1.0,1.0305566028116897
1.0,0.0,0.0,-0.09711023956226139
0.0,0.0,0.0,-0.09550808742004246
0.0,0.0,1.0,1.0092887095723748
0.0,0.0,1.0,1.036620509366088
0.0,0.0,1.0,0.9837896993872297
0.0,0.0,1.0,1.0094973755149041
0.0,0.0,1.0,1.0039225508842389
1.0,0.0,0.0,-0.033738293595635405
0.0,0.0,1.0,0.9486284482262839
0.0,0.0,1.0,0.9940952904878753
0.0,0.0,1.0,1.0285167198583993
0.0,0.0,1.0,1.0190733472158224
0.0,0.0,0.0,0.02139346051563873
0.0,0.0,1.0,1.002755107246931
0.0,0.0,1.0,0.9776828545521061
0.0,1.0,0.0,0.07083385722025604
0.0,0.0,1.0,1.0010922018820994
0.0,0.0,0.0,0.01637520632976841
0.0,0.0,0.0,0.013273325004893977
0.0,0.0,1.0,0.9906315990999941
1.0,0.0,0.0,0.009136809905641918
0.0,1.0,0.0,0.1116614023724587
0.0,0.0,1.0,0.9984682820395987
1.0,0.0,0.0,-0.016823044026094358
0.0,0.0,0.0,-0.09915507680997848
0.0,0.0,1.0,0.9763260334554431
0.0,0.0,0.0,0.046547167913089105
0.0,0.0,1.0,1.0262800396251857
0.0,0.0,1.0,0.9954280002587135
0.0,0.0,1.0,0.9686317332877934
1.0,0.0,0.0,0.034421016924111036
0.0,0.0,0.0,0.029129438875759917
0.0,0.0,1.0,0.976180509059926
0.0,0.0,1.0,1.0380875741993423
0.0,0.0,0.0,0.00649887231902202
0.0,0.0,1.0,0.974377921033335
0.0,0.0,1.0,0.9679437806350686
0.0,0.0,1.0,0.9371795577115272
1.0,0.0,0.0,-0.00046395657712405836
0.0,0.0,1.0,0.9984990096252151
0.0,0.0,1.0,1.005857081025189
1.0,0.0,0.0,0.15455067123449773
0.0,0.0,1.0,0.9538910208188218
0.0,0.0,0.0,-0.006941169560580995
0.0,0.0,0.0,-0.062143923650474164
0.0,0.0,1.0,0.9972712096725891
0.0,0.0,1.0,0.9461339017381398
0.0,0.0,1.0,0.9890813803393823
1.0,0.0,0.0,-0.005462835964276991
0.0,0.0,1.0,0.9356474031805675
1.0,0.0,0.0,0.05488462565091279
0.0,0.0,1.0,0.9397588880028378
0.0,0.0,1.0,0.9361301302968581
0.0,1.0,0.0,0.027647097015571553
0.0,0.0,1.0,0.9638621043985989
0.0,0.0,1.0,0.9836828237478272
0.0,0.0,1.0,0.8688016193757262
1.0,0.0,0.0,-0.012210603831134037
0.0,0.0,0.0,0.015312110893281883
0.0,0.0,0.0,0.008499926525574075
0.0,0.0,0.0,-0.00547614683529396
0.0,0.0,1.0,0.9715449670035632
0.0,0.0,1.0,1.0228344488845482
0.0,0.0,1.0,0.9337533648470737
0.0,0.0,1.0,0.9606823720657909
0.0,0.0,1.0,1.0828160113941085
0.0,0.0,1.0,0.9507332596048967
0.0,0.0,0.0,-0.013572022585083054
1.0,0.0,0.0,0.01755061717464379
0.0,0.0,1.0,0.9787817916992418
0.0,0.0,0.0,0.007832350173874403
0.0,0.0,1.0,0.9598120124590621
0.0,0.0,1.0,1.0037844136885985
1.0,0.0,0.0,0.15816769332991099
0.0,0.0,1.0,1.0030717323511484
1.0,0.0,0.0,0.08618672574950459
0.0,0.0,0.0,-0.03172060090183226
0.0,0.0,0.0,0.23229941104731822
0.0,0.0,1.0,0.973625534653201
0.0,0.0,1.0,0.9014191660467512
0.0,0.0,1.0,1.0319981827506823
0.0,0.0,0.0,0.012672913369757843
0.0,0.0,1.0,1.0234087739423043
0.0,0.0,0.0,-0.131534131544095
0.0,0.0,1.0,0.9492648620040702
0.0,0.0,0.0,0.01435557070028981
0.0,0.0,0.0,-0.03783978000931665
1.0,0.0,0.0,0.1377932109819815
0.0,0.0,1.0,0.9926323950391378
0.0,0.0,1.0,0.9945999390852185
0.0,0.0,1.0,1.0341855727396183
0.0,0.0,1.0,0.9514302532787755
0.0,0.0,1.0,1.0836816892492696
1.0,0.0,0.0,0.0017005104265495063
0.0,0.0,0.0,0.023915369251978014
0.0,0.0,1.0,1.0097408494819669
0.0,0.0,1.0,0.9853311930175481
0.0,1.0,0.0,-0.00793419866335121
0.0,0.0,1.0,1.0283977484013551
1.0,0.0,0.0,-0.010589521411882963
1.0,0.0,0.0,-0.004285797271314173
0.0,0.0,0.0,0.04007708193089066
0.0,0.0,1.0,0.979784417999845
0.0,0.0,1.0,0.9764949411790327
0.0,0.0,0.0,-0.032193495843825914
1.0,0.0,0.0,0.010184428912539012
1.0,0.0,0.0,0.08258593176506768
0.0,0.0,1.0,1.7389435734797303
0.0,0.0,1.0,1.0027665260495024
0.0,0.0,1.0,0.9092129252623451
0.0,0.0,0.0,0.0029535674120841904
0.0,0.0,0.0,0.033103730488170946
0.0,0.0,1.0,0.9884239996347257
1.0,0.0,0.0,-0.042512145442223925
0.0,0.0,1.0,1.0059070124284162
1.0,0.0,0.0,0.04694417578979948
1.0,0.0,0.0,0.32197726454584963
0.0,0.0,1.0,0.9369694503497006
0.0,0.0,0.0,-0.03998918921163952
1.0,0.0,0.0,0.08144546660447638
1.0,0.0,0.0,-0.06125811910330725
0.0,0.0,0.0,0.1776725994635333
0.0,0.0,1.0,1.0071000030399642
1.0,0.0,0.0,0.1747514344927188
1.0,0.0,0.0,0.005410042529522485
0.0,0.0,1.0,0.9641407237288897
1.0,0.0,0.0,0.00022300787229578845
0.0,0.0,1.0,0.9806409227323671
1.0,0.0,0.0,0.03008830168480614
1.0,0.0,0.0,-0.0009703504666944696
0.0,0.0,1.0,1.0258277728194458
0.0,0.0,0.0,-0.03014295968890135
0.0,0.0,1.0,0.9948903103885467
0.0,1.0,0.0,-0.042634621609018986
0.0,0.0,1.0,0.9938916859241012
0.0,0.0,0.0,-0.012881281171519987
0.0,0.0,1.0,1.0015658140001533
0.0,0.0,0.0,-0.018763069188949544
0.0,0.0,1.0,1.0468671902410898
0.0,0.0,0.0,0.009079057186467843
0.0,0.0,0.0,0.10606063303687296
0.0,0.0,1.0,1.0038164596207722
0.0,0.0,1.0,0.9839991956009708
0.0,0.0,1.0,1.004218559610285
0.0,0.0,1.0,0.9732604943891454
0.0,0.0,1.0,0.9759290641630338
0.0,0.0,1.0,1.019792900090068
0.0,0.0,1.0,0.9817208616574633
1.0,0.0,0.0,-0.017045513386607425
0.0,0.0,1.0,0.9576273722408044
0.0,0.0,1.0,0.9420657263443495
0.0,0.0,1.0,0.997784550437824
0.0,1.0,0.0,-0.03557452184312915
0.0,0.0,1.0,1.0243048879031473
0.0,0.0,0.0,-0.025214827958160768
0.0,1.0,0.0,0.07408591670659348
0.0,0.0,0.0,0.035802666669587424
0.0,0.0,1.0,1.0085353352357482
0.0,0.0,1.0,0.9208224822244491
0.0,1.0,0.0,0.06237399768323382
1.0,0.0,0.0,0.009747320835925777
0.0,1.0,0.0,0.01678566531923309
0.0,0.0,0.0,0.0657705981325627
0.0,0.0,0.0,0.017106752077764575
1.0,0.0,0.0,0.011852155262394248
0.0,0.0,1.0,0.8580024195228186
0.0,0.0,1.0,1.0392312711057619
1.0,0.0,0.0,-0.03495542262939999
0.0,0.0,1.0,0.9791699284126434
0.0,0.0,1.0,0.9721806032579807
0.0,0.0,0.0,-0.02257711408124674
1.0,0.0,0.0,-0.006014742760669378
0.0,0.0,0.0,-0.0324842605284168
0.0,1.0,0.0,0.04111523324750621
1.0,0.0,0.0,-0.004023462337221062
1.0,0.0,0.0,-0.1313303610478762
1.0,0.0,0.0,-0.019922321895900374
0.0,0.0,1.0,1.0083212840537774
0.0,0.0,1.0,1.0206561030594328
0.0,0.0,1.0,0.9841964912497412
0.0,0.0,1.0,0.9718345718010064
0.0,0.0,1.0,0.995912528384058
0.0,0.0,1.0,0.9647067947461538
0.0,0.0,0.0,0.009539014983247718
0.0,0.0,0.0,-0.017581675484806603
1.0,0.0,0.0,0.10938446309223959
0.0,0.0,1.0,0.9148287717754013
0.0,0.0,1.0,1.0513221171917602
0.0,0.0,0.0,0.013069457625447534
0.0,0.0,1.0,0.9910855514800794
0.0,0.0,1.0,1.016394741595557
0.0,0.0,1.0,0.9902968271380228
0.0,0.0,1.0,1.011099728768324
0.0,0.0,1.0,0.9820700027915716
0.0,0.0,1.0,0.995783291619663
1.0,0.0,0.0,0.2919266165789036
0.0,0.0,0.0,0.0017471998877525152
0.0,0.0,0.0,-0.013802858748388935
0.0,0.0,1.0,1.0100393993055041
0.0,0.0,1.0,0.9744046290365769
0.0,0.0,1.0,0.7707091061486002
0.0,0.0,1.0,0.8935898253067274
0.0,0.0,0.0,0.013566978713445366
0.0,0.0,1.0,0.973231821881523
0.0,0.0,1.0,0.9614497272138172
0.0,0.0,1.0,0.9965701709164669
0.0,0.0,1.0,1.0475791965459669
0.0,0.0,1.0,0.9721896065094238
0.0,0.0,1.0,0.8854918231973405
0.0,0.0,1.0,0.9214388839678094
0.0,0.0,1.0,1.0204298852130003
0.0,0.0,1.0,1.0268923840602469
0.0,0.0,1.0,0.9966821183399341
0.0,0.0,1.0,0.9885514046700417
0.0,0.0,1.0,1.0202066802876781
0.0,0.0,1.0,1.0332965157313883
0.0,0.0,1.0,1.012553131451667
0.0,0.0,0.0,-0.020231354747607178
1.0,0.0,0.0,0.013012491535008941
0.0,0.0,1.0,0.9945721383263018
0.0,0.0,0.0,-0.01269526027440282
0.0,0.0,1.0,0.9978861741203287
1.0,0.0,0.0,0.03234535573913622
0.0,0.0,1.0,0.9938077971442905
0.0,0.0,1.0,1.0085636448705837
1.0,0.0,0.0,0.03302742087990573
0.0,0.0,1.0,0.9910025708790924
0.0,0.0,1.0,1.013795759696551
0.0,0.0,1.0,1.049501199460639
1.0,0.0,0.0,-0.005944578292957914
0.0,0.0,1.0,1.0157719708422368
0.0,0.0,0.0,-0.02067169628301002
0.0,0.0,1.0,0.9725120773394091
0.0,0.0,1.0,1.0007695559891268
0.0,0.0,1.0,0.9690645196175338
1.0,0.0,0.0,0.2014078695425967
0.0,0.0,0.0,0.01872431218095283
0.0,0.0,1.0,1.0094966947030528
0.0,0.0,0.0,-0.0005908665011462588
0.0,1.0,0.0,0.15130687915064556
0.0,0.0,1.0,1.0645780778342142
0.0,0.0,1.0,1.018270016078064
0.0,0.0,1.0,0.9608923079151137
0.0,0.0,1.0,1.0017290911779835
1.0,0.0,0.0,-0.015249281213073118
0.0,1.0,0.0,-0.056773873924013785
0.0,1.0,0.0,0.1365275623753197
0.0,0.0,0.0,0.04695336153950613
1.0,0.0,0.0,0.005575429160525225
0.0,0.0,0.0,-0.02267917875325054
1.0,0.0,0.0,0.09188019285377802
0.0,0.0,0.0,-0.021801169845935497
0.0,0.0,0.0,-0.019994222444836396
1.0,0.0,0.0,0.03300635459722834
0.0,0.0,1.0,0.982946696337164
0.0,0.0,1.0,1.0235158451160018
0.0,0.0,1.0,0.9867960451785702
0.0,0.0,1.0,0.9869630062687937
0.0,0.0,1.0,0.9659806036999461
0.0,0.0,1.0,0.9808729343721483
0.0,0.0,1.0,1.0035552768510954
0.0,0.0,1.0,0.9728220968878878
0.0,0.0,1.0,0.9475282771041309
0.0,0.0,1.0,0.8732616154313195
1.0,0.0,0.0,-0.058129597955446144
0.0,0.0,1.0,0.9969836752860175
1.0,0.0,0.0,0.021140436885882963
0.0,0.0,1.0,1.0175754433896746
0.0,1.0,0.0,-0.09958713562572186
0.0,0.0,1.0,1.0241328939081487
0.0,0.0,1.0,0.796845657853229
1.0,0.0,0.0,-0.01692864665583116
0.0,0.0,1.0,0.8383094233766464
1.0,0.0,0.0,-0.047049104001569475
0.0,0.0,1.0,1.0609310798858629
0.0,0.0,1.0,0.9487066598849276
0.0,0.0,0.0,0.012877760950891215
0.0,0.0,1.0,0.9930101266089073
0.0,1.0,0.0,-0.022949637238751208
0.0,0.0,1.0,0.999284629708177
0.0,0.0,1.0,0.9857526915936314
0.0,0.0,1.0,1.0216603933303912
0.0,0.0,1.0,1.011794112389376
0.0,0.0,1.0,0.9686449314489263
0.0,0.0,1.0,0.9871353152480045
0.0,1.0,0.0,-0.004948609245372992
1.0,0.0,0.0,0.025265647573397665
0.0,0.0,1.0,0.973626936953822
0.0,0.0,1.0,0.9932877671929847
0.0,0.0,0.0,-0.033279128758527676
0.0,0.0,0.0,-0.07053109187037254
0.0,0.0,1.0,0.9976607036767069
0.0,0.0,1.0,0.9768189975416952
1.0,0.0,0.0,0.029159285523965295
0.0,0.0,1.0,0.9895519508595028
0.0,0.0,1.0,1.0060269119555305
0.0,0.0,1.0,0.953107375343841
0.0,0.0,1.0,1.013193803465291
1.0,0.0,0.0,-0.008722682860060615
0.0,1.0,0.0,0.022785820371685972
0.0,0.0,1.0,0.9343966332686042
0.0,0.0,0.0,0.017204534440548258
0.0,0.0,1.0,1.053783880265113
0.0,0.0,0.0,-0.02158965556935666
0.0,0.0,1.0,0.8024505450856285
0.0,0.0,0.0,-0.038523972989690236
1.0,0.0,0.0,-0.014235052887816124
0.0,0.0,1.0,1.0267607489886634
0.0,0.0,0.0,-0.018497798955884548
0.0,0.0,1.0,1.0323326892173101
0.0,0.0,1.0,0.9892734352001669
0.0,0.0,1.0,0.9969074941398892
0.0,0.0,1.0,0.9711975840341309
0.0,0.0,1.0,0.985524659408556
0.0,0.0,1.0,0.9943402851456593
0.0,0.0,1.0,0.9289459119682841
0.0,1.0,0.0,0.1307691878847237
0.0,0.0,1.0,0.8695797169076425
0.0,0.0,1.0,0.9634984410905956
0.0,0.0,1.0,0.9998613780672239
0.0,0.0,0.0,0.005434701092118743
1.0,0.0,0.0,0.07130583523267475
0.0,0.0,0.0,-0.018445745310599726
0.0,0.0,1.0,0.954012147242147
0.0,0.0,1.0,1.0133184599080476
0.0,0.0,1.0,1.0801574454439207
0.0,0.0,1.0,1.033417441236208
0.0,0.0,1.0,1.0078578335289663
0.0,0.0,1.0,0.939456605919359
0.0,0.0,1.0,0.9349590318575083
0.0,1.0,0.0,0.024439132115938733
0.0,0.0,1.0,0.9880335908183389
0.0,0.0,1.0,1.0288037191954942
0.0,0.0,0.0,0.05689748622155655
0.0,0.0,1.0,1.0123498539719291
0.0,0.0,1.0,1.0238864287543077
0.0,0.0,1.0,0.9488126690025283
0.0,0.0,1.0,1.0273274868289484
0.0,0.0,1.0,0.9425770937249345
0.0,0.0,0.0,0.019881446480393805
0.0,0.0,1.0,0.9889283149057997
0.0,0.0,1.0,0.990335593625371
0.0,0.0,1.0,1.0345287095937445
0.0,0.0,0.0,0.043992928450002466
1.0,0.0,0.0,0.03815496440596089
0.0,0.0,0.0,0.04847869871165411
0.0,0.0,0.0,0.033356529766501275
0.0,0.0,0.0,-0.10340013399492687
0.0,0.0,1.0,0.9998135817288065
0.0,0.0,1.0,0.9682098635262686
0.0,0.0,1.0,1.0885775548996213
0.0,0.0,0.0,4.901878783947211e-05
0.0,0.0,0.0,-0.049549655608013055
1.0,0.0,0.0,-0.008826558947828467
0.0,0.0,1.0,0.9886244747559747
1.0,0.0,0.0,0.03852614906574914
0.0,0.0,1.0,0.9330224557824058
1.0,0.0,0.0,0.02430738607825944
0.0,0.0,1.0,1.0025286783063478
0.0,0.0,1.0,0.949002557601704
0.0,0.0,0.0,0.03585618720215322
0.0,0.0,1.0,0.9724560056074671
1.0,0.0,0.0,0.09272758778025114
0.0,0.0,1.0,0.9327763610020616
0.0,0.0,1.0,0.9535372984951263
0.0,0.0,1.0,1.0269562934616703
0.0,0.0,1.0,0.964267391741692
0.0,0.0,1.0,0.953675181601545
0.0,0.0,1.0,0.9611737255285653
0.0,0.0,1.0,1.0008239265778887
0.0,0.0,0.0,-0.03868601083101453
0.0,1.0,0.0,0.03194801794329738
0.0,0.0,0.0,-0.0016159362349448259
0.0,0.0,1.0,0.9947116487697514
0.0,0.0,0.0,0.070606612388878
0.0,0.0,1.0,1.0325998308623863
0.0,0.0,1.0,1.0192634855578593
0.0,0.0,1.0,0.8868871332641222
0.0,0.0,1.0,0.9809098159788103
0.0,1.0,0.0,0.009718645765396161
1.0,0.0,0.0,-0.00456854981159438
0.0,0.0,0.0,0.03942748036580124
0.0,0.0,0.0,-0.022580475315253423
0.0,0.0,1.0,1.0026259815728533
0.0,0.0,1.0,0.9537229808344403
0.0,0.0,0.0,-0.03650609481576961
0.0,0.0,0.0,-0.023767256188631514
0.0,0.0,1.0,1.058816649766806
0.0,0.0,0.0,0.005789836727825737
0.0,0.0,0.0,-0.03727786283944301
0.0,0.0,0.0,0.012478513470888686
0.0,0.0,1.0,0.9603915172620727
0.0,0.0,0.0,-0.10397393484341322
0.0,0.0,1.0,0.9186994740281631
0.0,0.0,1.0,0.9934468631971867
0.0,0.0,1.0,0.9397425616344082
0.0,0.0,1.0,0.9560833272001248
1.0,0.0,0.0,0.047235844095622426
0.0,0.0,1.0,0.624830027639061
0.0,0.0,1.0,0.9759067444799783
0.0,0.0,0.0,0.05014765796276688
0.0,0.0,1.0,1.01424872776958
0.0,0.0,0.0,-0.048666112625883606
0.0,0.0,1.0,0.9854350775044045
0.0,1.0,0.0,-0.014229036247297877
1.0,0.0,0.0,-0.001186379418729011
0.0,0.0,1.0,0.9630549647594142
0.0,0.0,1.0,1.0173773001877633
1.0,0.0,0.0,0.046988705863479474
0.0,0.0,1.0,0.9304453548786418
0.0,0.0,1.0,0.9843331466775407
0.0,0.0,1.0,0.982289050420456
0.0,0.0,1.0,1.0268055946698986
1.0,0.0,0.0,0.01734038861063336
0.0,0.0,1.0,1.0067916823341991
0.0,0.0,1.0,0.9608061021799834
1.0,0.0,0.0,-0.06392240505182745
0.0,0.0,1.0,0.982487298411109
0.0,0.0,1.0,0.986775571011747
0.0,0.0,1.0,1.0024356282937164
1.0,0.0,0.0,-0.04801729920324682
0.0,0.0,1.0,1.0014185249059526
0.0,0.0,1.0,0.950796312341943
0.0,0.0,1.0,1.0208828452557661
0.0,0.0,0.0,-0.027091021604888077
0.0,0.0,1.0,0.9998498425505176
0.0,0.0,1.0,0.990436049515393
0.0,0.0,0.0,-0.024714269539801492
0.0,0.0,1.0,0.940721704781823
0.0,0.0,0.0,-0.010829133295741755
0.0,0.0,1.0,0.9884691486284298
0.0,0.0,0.0,-0.008945463425420463
1.0,0.0,0.0,0.1253406017220735
0.0,0.0,1.0,1.022626529279941
1.0,0.0,0.0,0.03052540757875466
0.0,0.0,0.0,0.0027067708895973652
0.0,0.0,1.0,1.0093832814995847
0.0,0.0,0.0,-0.01121687379484726
0.0,0.0,0.0,-0.033048449995938256
0.0,0.0,1.0,0.9670535440017747
0.0,0.0,1.0,0.9920186942037255
0.0,1.0,0.0,-0.04620263773781197
0.0,0.0,0.0,-0.01954612813749712
0.0,0.0,0.0,-0.038607299965095265
0.0,0.0,0.0,-0.017918010253798577
0.0,0.0,1.0,0.9615564458269046
0.0,0.0,1.0,1.0643476279263062
0.0,0.0,1.0,0.9596503275854813
1.0,0.0,0.0,-0.008414443280152284
0.0,0.0,0.0,-0.017154448632036967
0.0,0.0,1.0,1.0021188974438964
0.0,0.0,1.0,0.989790932381319
0.0,0.0,1.0,1.0067656734661923
1.0,0.0,0.0,0.0023541590259155143
1.0,0.0,0.0,-0.047740866046921404
0.0,0.0,1.0,1.010289538349586
0.0,1.0,0.0,-0.045185514816592054
0.0,0.0,0.0,0.02463137635697432
0.0,0.0,0.0,-0.01264376663006228
0.0,0.0,0.0,-0.15169288851658802
0.0,0.0,1.0,0.9738906330203649
1.0,0.0,0.0,0.039445854002023495
1.0,0.0,0.0,0.013637904949217017
1.0,0.0,0.0,-0.015984835072664794
0.0,0.0,1.0,0.9656930617445991
0.0,0.0,1.0,0.3909900663767871
1.0,0.0,0.0,0.018576074872870052
1.0,0.0,0.0,0.14080790989536496
1.0,0.0,0.0,-0.04638642420539085
1.0,0.0,0.0,0.00870020593907217
0.0,0.0,1.0,0.9537595667294143
0.0,1.0,0.0,0.12284984131078946
0.0,0.0,1.0,1.0374981435876127
0.0,0.0,1.0,0.9966963806419944
0.0,0.0,1.0,1.0075554595392457
0.0,0.0,0.0,0.13450193460718385
0.0,0.0,1.0,1.0055431217174853
0.0,0.0,1.0,0.9566071668138045
1.0,0.0,0.0,0.04109087983791326
0.0,0.0,1.0,0.9755223099623707
0.0,0.0,1.0,1.0258465190150963
1.0,0.0,0.0,0.06429621519444595
0.0,0.0,1.0,1.029222380336022
0.0,0.0,0.0,0.08109031604518702
0.0,0.0,1.0,1.4368564311781173
0.0,0.0,1.0,1.0825045991409294
0.0,0.0,1.0,1.0133184599080476
0.0,0.0,1.0,1.0180543465091225
0.0,0.0,1.0,1.0196077459091066
0.0,0.0,1.0,0.9570728839990363
0.0,0.0,1.0,0.8835881708027085
0.0,0.0,1.0,1.0092533663279437
0.0,0.0,1.0,0.9913754233588508
0.0,0.0,0.0,0.03072396792239296
0.0,0.0,0.0,0.0172167265967742
0.0,0.0,1.0,0.9917322269322133
0.0,0.0,1.0,0.9676699150845849
0.0,0.0,1.0,0.9785320853489323
0.0,0.0,1.0,0.9707803138733375
1.0,0.0,0.0,0.04056163458457451
0.0,0.0,1.0,0.9896093088094546
0.0,0.0,1.0,0.9932045066225061
0.0,0.0,1.0,1.0065325232675555
0.0,1.0,0.0,0.03782982475913155
0.0,0.0,0.0,0.014992176030435012
0.0,0.0,1.0,1.0408265208595044
0.0,0.0,1.0,0.9292722128516404
0.0,0.0,1.0,1.0063786516616502
1.0,0.0,0.0,0.013101730178521898
0.0,0.0,0.0,-0.04841479075151156
0.0,0.0,1.0,0.9568241207150274
0.0,0.0,1.0,1.0279183256148245
0.0,0.0,1.0,0.9817665955014077
0.0,0.0,0.0,-0.00667008376779421
0.0,0.0,0.0,0.016509629331232567
0.0,0.0,1.0,1.0083859087704266
0.0,0.0,0.0,0.046234189107631884
0.0,0.0,1.0,0.9673127843193656
0.0,0.0,0.0,0.011034404734617809
0.0,0.0,0.0,0.006272959902652531
1.0,0.0,0.0,0.048060335620545125
0.0,0.0,1.0,0.9709423125498824
0.0,0.0,1.0,1.0462765104258924
0.0,0.0,1.0,0.9889284925791908
0.0,0.0,0.0,0.061015256408940566
0.0,0.0,1.0,0.9973781180880992
0.0,0.0,1.0,0.9402978401690976
0.0,0.0,1.0,1.0383746011036892
0.0,0.0,1.0,0.9328803849248883
0.0,0.0,0.0,-0.024325860972818525
0.0,0.0,1.0,0.9789492502098538
0.0,0.0,1.0,1.0717643715686127
0.0,0.0,1.0,1.0556508581770578
1.0,0.0,0.0,-0.10877480491459046
0.0,0.0,1.0,0.9850190012032636
0.0,0.0,1.0,1.2486206472790702
1.0,0.0,0.0,0.01245759847825223
0.0,0.0,1.0,0.9679791402147933
0.0,0.0,0.0,-0.02280474582243297
0.0,0.0,1.0,0.9682967033686403
0.0,0.0,1.0,1.0207968644877399
0.0,0.0,1.0,1.0813186640107508
0.0,0.0,0.0,0.04434981278236183
1.0,0.0,0.0,-0.018285787701722178
0.0,0.0,1.0,1.0334173845418717
1.0,0.0,0.0,0.014066590846771199
0.0,0.0,1.0,0.9747893285265574
0.0,0.0,0.0,-0.058461580920604383
0.0,0.0,1.0,0.9412210426571894
0.0,0.0,0.0,-0.04355401344609877
0.0,0.0,1.0,0.9473139496736094
0.0,0.0,1.0,0.99278967872903
0.0,0.0,1.0,0.9380115513459177
0.0,0.0,1.0,1.0605928190798672
0.0,0.0,0.0,0.0645416407288657
0.0,0.0,1.0,1.008203066076331
1.0,0.0,0.0,0.14687851278365027
0.0,0.0,1.0,1.0050204312011877
1.0,0.0,0.0,-0.006518814290848773
0.0,0.0,1.0,0.9922770040621813
0.0,0.0,1.0,1.05326907847145
0.0,0.0,0.0,0.0304853386752324
0.0,0.0,0.0,0.09834959183038094
0.0,0.0,0.0,0.049260127178865964
0.0,0.0,1.0,1.024955140333201
0.0,0.0,0.0,0.01970590482760226
0.0,0.0,1.0,0.9786353504360727
0.0,0.0,0.0,-0.13466121603807313
0.0,0.0,1.0,0.9927775378363473
0.0,0.0,1.0,1.0064250655792875
0.0,0.0,1.0,0.9966856305527498
0.0,0.0,1.0,1.0099413341917418
0.0,0.0,1.0,0.9964847872485363
0.0,0.0,1.0,1.0177264985583925
1.0,0.0,0.0,0.009543387943845794
0.0,0.0,1.0,0.9789343713236733
0.0,0.0,1.0,1.0089602487008742
0.0,0.0,1.0,1.007211151183962
0.0,0.0,1.0,1.0111027568691937
0.0,0.0,1.0,0.8265854289022423
1.0,0.0,0.0,0.10696194676649817
1.0,0.0,0.0,-0.010704284374071449
0.0,0.0,1.0,1.0075849337471925
1.0,0.0,0.0,-0.0037797434324255974
0.0,0.0,0.0,0.042551490656800084
0.0,0.0,1.0,0.975243188446397
0.0,0.0,0.0,-0.05162293498941661
0.0,0.0,1.0,0.8864826124740923
0.0,0.0,0.0,0.05495328916681608
0.0,0.0,0.0,0.000473446688912027
0.0,0.0,1.0,1.0227658308582153
0.0,0.0,1.0,0.9540883671058662
0.0,0.0,0.0,-0.01872201480010549
0.0,0.0,0.0,-0.03467780115313879
0.0,0.0,1.0,0.8661639515487805
1.0,0.0,0.0,0.0008334394011892954
0.0,0.0,0.0,-0.033765850736251934
1.0,0.0,0.0,0.008537826006620008
0.0,0.0,0.0,-0.01678317200867596
0.0,0.0,1.0,1.0047553835843455
0.0,0.0,1.0,1.0213515986328812
0.0,0.0,1.0,0.9854994444237999
0.0,0.0,0.0,0.03989452593283449
0.0,0.0,1.0,0.9953477249560718
0.0,0.0,1.0,1.0048697113017502
0.0,0.0,1.0,1.0058441151474407
1.0,0.0,0.0,0.0034070999332422858
1.0,0.0,0.0,0.0197703546712118
1.0,0.0,0.0,0.10471130042970422
0.0,1.0,0.0,0.026431477869864217
0.0,0.0,0.0,-0.02840696961573652
0.0,1.0,0.0,0.16991037167101375
1.0,0.0,0.0,0.11384639359421733
0.0,1.0,0.0,0.029702236230233936
0.0,0.0,1.0,0.9925660295118899
0.0,0.0,0.0,0.006494649148208076
1.0,0.0,0.0,0.019468288989870075
0.0,0.0,1.0,1.0065468271496392
0.0,0.0,0.0,0.009835719889141892
1.0,0.0,0.0,0.03825167287548226
0.0,0.0,0.0,-0.03176876138810858
0.0,0.0,1.0,0.9736719722612537
0.0,0.0,1.0,0.9732852217967736
0.0,0.0,1.0,0.9869099280588749
0.0,0.0,1.0,0.9997101593524604
0.0,0.0,0.0,-0.05944135284623542
0.0,0.0,1.0,1.005857975316677
0.0,0.0,0.0,-0.022495862156084456
0.0,0.0,0.0,0.04955480616731478
1.0,0.0,0.0,0.035150453531271
0.0,0.0,1.0,0.9691833443083331
1.0,0.0,0.0,0.13173723456167163
0.0,0.0,0.0,-0.018585972016725627
0.0,0.0,1.0,0.9383322084369778
0.0,0.0,1.0,1.0121455892977713
0.0,1.0,0.0,0.03103894991047529
0.0,0.0,1.0,1.002819316252996
0.0,0.0,1.0,0.9744537012649959
1.0,0.0,0.0,0.003004717001899415
0.0,0.0,1.0,1.0384237006552706
1.0,0.0,0.0,0.11905981230724283
0.0,0.0,1.0,1.016850987043215
0.0,0.0,1.0,0.9812784245300974
1.0,0.0,0.0,-0.06608707332921515
0.0,0.0,1.0,1.0111784038962321
0.0,0.0,0.0,-0.001556048587807446
0.0,0.0,1.0,1.0307616327516302
0.0,0.0,0.0,-0.048537979634463824
0.0,0.0,1.0,0.9801487640414979
0.0,0.0,1.0,1.0038910666266183
0.0,0.0,1.0,0.9575702486837612
1.0,0.0,0.0,-0.057265464499161034
1.0,0.0,0.0,0.026301382780517635
0.0,0.0,1.0,0.9532616045606819
0.0,1.0,0.0,-0.04461473308779951
0.0,0.0,1.0,0.9921765608336401
0.0,0.0,1.0,0.9481647816718941
1.0,0.0,0.0,1.3012323778106296
0.0,0.0,1.0,0.8909878319373155
0.0,0.0,1.0,0.9936454408234274
0.0,1.0,0.0,0.12804002336278764
0.0,0.0,1.0,1.0267150041589712
0.0,0.0,0.0,0.031499203995086766
1.0,0.0,0.0,-0.031533193466199094
0.0,0.0,1.0,0.9946870558498917
1.0,0.0,0.0,-0.013557437974601072
1.0,0.0,0.0,0.015618980867104781
0.0,0.0,0.0,-0.025069202870538376
0.0,0.0,1.0,1.0183910491070125
0.0,0.0,1.0,0.9432592355286271
0.0,0.0,1.0,0.9881541623713472
1.0,0.0,0.0,-0.13801687454448697
0.0,0.0,1.0,1.0014385822392962
0.0,0.0,1.0,1.025264449569065
0.0,0.0,1.0,0.8839166125456979
0.0,1.0,0.0,-0.23832639431811575
0.0,0.0,1.0,0.9642421671361441
0.0,0.0,0.0,0.014294446144810458
0.0,0.0,1.0,1.0001235586379602
1.0,0.0,0.0,0.08917813241572414
0.0,0.0,1.0,1.0199645244191942
1.0,0.0,0.0,-0.004749380221693578
0.0,0.0,0.0,-0.05808843568655497
0.0,0.0,1.0,0.9917180224397177
0.0,0.0,1.0,1.0039283868856534
0.0,0.0,0.0,-0.006462915944069891
0.0,0.0,1.0,0.973796889760798
1.0,0.0,0.0,-0.0147651578275374
0.0,0.0,0.0,-0.0042698395482503315
0.0,0.0,1.0,0.9692232379712418
0.0,0.0,1.0,0.9892999604729402
1.0,0.0,0.0,-0.00772672604317215
0.0,0.0,1.0,0.9551081190175097
0.0,0.0,0.0,0.047884604662131736
1.0,0.0,0.0,0.0893091924639462
0.0,0.0,1.0,1.0167147964846976
0.0,0.0,0.0,-0.013142356688860879
0.0,0.0,1.0,1.0046297945686478
0.0,0.0,1.0,1.0113847272466852
0.0,0.0,0.0,-0.013996948717926117
0.0,0.0,1.0,0.934941805262655
0.0,0.0,1.0,0.9758720634531715
1.0,0.0,0.0,-0.002378493291367967
0.0,0.0,1.0,1.0235574174809576
0.0,0.0,0.0,-0.05293580592510061
0.0,1.0,0.0,0.016456145983437587
0.0,1.0,0.0,-0.07773577114223151
0.0,0.0,0.0,0.0016969659116012892
0.0,0.0,0.0,-0.007357039763515871
1.0,0.0,0.0,0.01588745319435514
0.0,0.0,1.0,1.0183256486988546
0.0,1.0,0.0,0.07875681034066773
0.0,0.0,1.0,0.915827215564315
0.0,0.0,1.0,0.969573834497484
1.0,0.0,0.0,-0.006797124869758697
0.0,0.0,1.0,1.091623610841442
1.0,0.0,0.0,0.05185515488419501
0.0,0.0,1.0,0.92907375024045
0.0,1.0,0.0,0.07542991599990856
0.0,0.0,0.0,-0.025528122136759812
0.0,0.0,1.0,0.9482948674777747
0.0,0.0,1.0,0.9654674236496126
0.0,0.0,1.0,1.0305475607062426
0.0,0.0,1.0,1.0014258542264
0.0,0.0,1.0,0.9973277666776634
0.0,0.0,1.0,0.9689987629810108
0.0,0.0,1.0,1.0497723456881984
0.0,0.0,1.0,0.9589915661159054
0.0,0.0,0.0,-0.01050386026352168
1.0,0.0,0.0,0.03649101561218515
0.0,0.0,1.0,1.0773903451827405
0.0,0.0,1.0,0.8877460837321198
0.0,0.0,1.0,0.9869058507184771
1.0,0.0,0.0,0.12752422720959444
1.0,0.0,0.0,0.009183062620325089
0.0,0.0,0.0,0.031533398720053896
0.0,0.0,1.0,1.0169684194350581
0.0,0.0,1.0,0.9731763321124305
1.0,0.0,0.0,-0.04556346260769484
0.0,0.0,1.0,1.0630989756766986
0.0,0.0,1.0,1.0541052588044426
0.0,0.0,1.0,1.5252398871163835
0.0,0.0,0.0,0.06327272792100125
1.0,0.0,0.0,-0.005481795650541521
0.0,0.0,0.0,0.014295334799067305
0.0,0.0,0.0,0.028749361576997146
0.0,0.0,0.0,0.014857180928570912
0.0,0.0,1.0,0.9784759836459935
0.0,0.0,1.0,1.393156237042033
0.0,0.0,1.0,1.0054207257593801
0.0,1.0,0.0,0.10266884250870678
0.0,0.0,1.0,0.9933533598414868
0.0,0.0,1.0,0.9543912224562652
1.0,0.0,0.0,-0.010914625033085379
0.0,0.0,1.0,1.0070668726098555
1.0,0.0,0.0,0.08306589178177415
0.0,0.0,1.0,0.882783522637208
0.0,0.0,1.0,0.9956540226648549
0.0,0.0,1.0,0.866779169641295
0.0,0.0,1.0,1.29553911616388
0.0,0.0,1.0,0.9886439446430373
0.0,0.0,1.0,0.9603594709650554
1.0,0.0,0.0,-0.02218664835002837
0.0,0.0,1.0,0.9657486282162742
0.0,1.0,0.0,-0.05074967307227407
0.0,0.0,0.0,0.04627041548359312
0.0,0.0,0.0,-0.004355437128662487
0.0,0.0,1.0,0.9509658549461304
0.0,0.0,1.0,0.9462369665282262
0.0,0.0,1.0,0.8291186271310469
0.0,0.0,0.0,-0.014990824985839701
1.0,0.0,0.0,0.0232749570629327
0.0,0.0,0.0,-0.02393177336873631
0.0,0.0,0.0,-0.019365950296620582
1.0,0.0,0.0,0.10029441748823231
0.0,0.0,1.0,1.005676120978459
1.0,0.0,0.0,0.02719485475543859
0.0,0.0,0.0,0.012291415948466167
0.0,0.0,1.0,0.9997344402723023
0.0,0.0,0.0,-0.029991754759376654
0.0,0.0,1.0,1.0372980411498465
0.0,1.0,0.0,-0.02659780855602545
0.0,0.0,1.0,1.0236004664087548
0.0,0.0,1.0,0.9971238991497429
0.0,0.0,0.0,0.0386701599481345
0.0,0.0,1.0,1.0310697843703727
0.0,0.0,1.0,0.9873460440523418
0.0,0.0,1.0,0.9948051863514018
0.0,0.0,1.0,0.9199837865463141
0.0,0.0,1.0,1.0034206523204254
0.0,0.0,1.0,1.0013755727914875
0.0,0.0,1.0,0.9917847468182197
0.0,0.0,1.0,0.951296944165013
0.0,0.0,1.0,0.9843013109544114
0.0,0.0,1.0,1.0134426122111577
1.0,0.0,0.0,0.046654993303742565
0.0,0.0,1.0,0.9879166870099305
1.0,0.0,0.0,-0.022130402547007932
0.0,0.0,1.0,0.9263848814047222
1.0,0.0,0.0,0.08111660502048101
0.0,0.0,1.0,0.9661344729977741
1.0,0.0,0.0,-0.03985407690557263
1.0,0.0,0.0,0.0025467791397018047
0.0,0.0,0.0,0.024456169331718236
0.0,0.0,1.0,1.035578092737266
0.0,0.0,1.0,1.042521245015037
0.0,0.0,1.0,1.0348965949477242
1.0,0.0,0.0,0.20051207779237146
0.0,0.0,1.0,0.9937468736493198
0.0,0.0,0.0,0.09541008195320533
0.0,0.0,0.0,-0.02908934488667292
0.0,0.0,0.0,0.06894953273797011
0.0,0.0,1.0,1.0061806163155085
0.0,0.0,1.0,1.2772045270136907
0.0,0.0,1.0,1.0194696468334965
0.0,0.0,1.0,0.879893783576148
0.0,0.0,1.0,1.005490676850552
0.0,0.0,0.0,0.01475405985110001
0.0,0.0,1.0,0.8966064285840387
0.0,0.0,1.0,1.0210016914846345
0.0,0.0,1.0,0.9920810655368348
1.0,0.0,0.0,0.10715059175008967
0.0,0.0,1.0,1.0350650076166703
0.0,0.0,1.0,0.9697683754933779
0.0,0.0,0.0,-0.028096296310192947
0.0,1.0,0.0,-0.013808291259863381
0.0,0.0,1.0,0.9988074042020174
0.0,0.0,1.0,0.9694958188395608
0.0,0.0,1.0,0.9777193697660964
0.0,0.0,0.0,-0.034424941187316094
0.0,0.0,1.0,1.0085513706397986
0.0,0.0,0.0,-0.034948070611603654
0.0,0.0,1.0,1.0034870055708165
0.0,0.0,1.0,1.0099702264521677
0.0,0.0,1.0,1.020669436606072
0.0,0.0,1.0,0.9894043820573923
0.0,0.0,1.0,0.976266350990751
0.0,0.0,1.0,0.9696277387951282
1.0,0.0,0.0,0.027298124311923466
0.0,0.0,1.0,1.0360929593713175
0.0,0.0,1.0,1.0289070974216847
0.0,0.0,1.0,1.020922606915812
0.0,0.0,1.0,1.006455349052314
1.0,0.0,0.0,0.016796193545484783
0.0,0.0,1.0,1.0100833056966105
0.0,0.0,0.0,0.023925818384949338
0.0,0.0,1.0,1.000997472707231
0.0,0.0,0.0,-0.024889340688404538
0.0,0.0,0.0,0.0984946961567621
0.0,0.0,0.0,-0.006128301009349357
0.0,0.0,1.0,1.0447686130447398
1.0,0.0,0.0,0.01333794497019003
0.0,0.0,0.0,0.0025382272641101267
0.0,0.0,1.0,0.9744872503440689
0.0,0.0,1.0,0.9687508222201071
0.0,0.0,1.0,0.998453423289348
0.0,0.0,1.0,0.9334417154374677
0.0,0.0,1.0,0.9581703931448327
0.0,0.0,1.0,0.8958827381774075
0.0,0.0,1.0,1.0061010830692796
0.0,0.0,1.0,0.9252805984772285
0.0,0.0,1.0,1.057025413213509
0.0,0.0,1.0,0.9639623042531609
0.0,0.0,1.0,0.977956710176886
0.0,0.0,1.0,0.9972519396874469
0.0,0.0,1.0,0.8910684557443593
1.0,0.0,0.0,0.06548970440172663
0.0,1.0,0.0,0.016958174312659224
1.0,0.0,0.0,0.11174858376439012
1.0,0.0,0.0,0.03597256952390904
0.0,0.0,1.0,0.9277111546258241
1.0,0.0,0.0,0.3907608395159228
0.0,1.0,0.0,0.003674055736839321
0.0,0.0,1.0,1.0021896467004394
0.0,0.0,1.0,0.9957222640727359
0.0,0.0,1.0,0.9761817887046793
0.0,0.0,1.0,0.9650875667529926
0.0,0.0,0.0,-0.06921729932922371
0.0,1.0,0.0,0.07560329985932412
1.0,0.0,0.0,0.03887533486583461
0.0,1.0,0.0,-0.01106529165285064
1.0,0.0,0.0,0.02317172223038977
0.0,0.0,1.0,0.9899116744744179
0.0,0.0,1.0,0.7764180172900428
0.0,1.0,0.0,0.005328710933848235
0.0,0.0,1.0,0.9578434173350265
0.0,0.0,1.0,0.9860642081411757
0.0,0.0,1.0,0.9572926001591489
0.0,1.0,0.0,0.05099165818139717
1.0,0.0,0.0,0.29590356041313637
0.0,0.0,1.0,0.9784146404816436
0.0,1.0,0.0,-0.0033633082082680232
0.0,0.0,0.0,0.009095703956601753
0.0,0.0,0.0,-0.04835599408409674
0.0,0.0,0.0,-0.0064910899248511456
0.0,0.0,1.0,0.9350224886993397
1.0,0.0,0.0,0.06625676983175133
0.0,0.0,0.0,0.013782993817105904
0.0,0.0,0.0,-0.05758337704227312
0.0,0.0,1.0,0.9716972041336147
0.0,0.0,0.0,0.004311395107899685
0.0,0.0,1.0,1.0150056453212692
0.0,0.0,0.0,0.06157986422865758
0.0,0.0,1.0,1.0201914872142117
0.0,0.0,1.0,0.897462975781874
0.0,1.0,0.0,0.017842211002627728
0.0,0.0,1.0,1.012727963868386
0.0,0.0,1.0,0.5460146824987193
0.0,0.0,0.0,0.004821333685198326
1.0,0.0,0.0,0.0026288576182293966
1.0,0.0,0.0,0.011628922847129353
1.0,0.0,0.0,-0.021993955524344244
0.0,0.0,1.0,0.9832684416384065
0.0,0.0,1.0,1.0084919981773637
0.0,0.0,1.0,0.963926192716853
0.0,0.0,1.0,0.9969836752860175
0.0,0.0,1.0,0.9664447987852967
0.0,1.0,0.0,0.16369542959527017
0.0,0.0,0.0,-0.02664045597070075
1.0,0.0,0.0,0.014099728466503869
0.0,0.0,1.0,1.031092191222728
0.0,0.0,1.0,0.9722586528473403
0.0,0.0,0.0,0.0058671790399307255
0.0,0.0,0.0,-0.00015810073315325468
0.0,0.0,1.0,1.0152008044873622
0.0,0.0,0.0,-0.0032102192462373225
1.0,0.0,0.0,-0.03748041463484153
0.0,0.0,1.0,0.9896043538697206
1.0,0.0,0.0,0.0002847565518839801
0.0,0.0,1.0,0.9535336254420983
0.0,0.0,0.0,0.02670108104398672
0.0,0.0,1.0,0.9996194166418491
1.0,0.0,0.0,0.07759587091633868
0.0,0.0,0.0,0.039457106449536816
0.0,0.0,1.0,1.0037778015580452
0.0,0.0,0.0,0.0022764602825775526
0.0,0.0,1.0,1.021553941261328
0.0,0.0,1.0,1.0131053662019438
0.0,0.0,1.0,0.9893212176476585
0.0,0.0,1.0,1.0287387009579962
0.0,0.0,1.0,0.9629676838730044
0.0,0.0,1.0,1.0133595027033744
1.0,0.0,0.0,0.09355518435773913
0.0,0.0,1.0,0.9830428166721283
0.0,0.0,1.0,0.9009611944331937
0.0,0.0,1.0,0.981739071103104
0.0,0.0,0.0,-0.010222383888098818
0.0,0.0,1.0,1.0022161867752728
0.0,0.0,1.0,0.9806707962055716
0.0,0.0,1.0,0.9937028078150583
0.0,0.0,1.0,1.0438954920389767
0.0,0.0,1.0,1.0252474880662943
1.0,0.0,0.0,-0.0053777934608483235
0.0,0.0,1.0,0.9979456167515366
1.0,0.0,0.0,0.35836869561916185
0.0,0.0,1.0,0.9781485132184726
0.0,0.0,1.0,0.9885103565027578
0.0,0.0,1.0,1.0266275758058985
0.0,0.0,1.0,0.9419404761526957
0.0,0.0,0.0,0.014995268951069285
0.0,0.0,1.0,0.987588113576304
1.0,0.0,0.0,0.004826567445231689
0.0,0.0,1.0,0.8845013744393642
1.0,0.0,0.0,0.011091454030281334
0.0,0.0,1.0,0.9961800744489144
1.0,0.0,0.0,0.0011436993398978856
0.0,0.0,1.0,1.0026024472148345
1.0,0.0,0.0,-0.05046063664763256
1.0,0.0,0.0,0.0033166620545133085
0.0,0.0,0.0,0.23887737549635535
0.0,0.0,0.0,-0.04169850580623358
0.0,0.0,1.0,0.975821925803428
1.0,0.0,0.0,0.10611280134526968
0.0,1.0,0.0,0.0011505358531689325
0.0,0.0,1.0,1.0176035295929875
0.0,0.0,0.0,-0.0378339383058055
0.0,0.0,1.0,0.9441846305563351
0.0,0.0,0.0,0.04477795109145433
0.0,0.0,0.0,0.030182258909019488
0.0,0.0,1.0,0.9848612669371035
0.0,1.0,0.0,0.10144941871320245
0.0,0.0,0.0,0.013707952976102611
0.0,0.0,1.0,1.022528563518418
0.0,0.0,1.0,1.0385783808169453
0.0,0.0,1.0,1.046111711584405
1.0,0.0,0.0,0.05891949680988606
0.0,0.0,1.0,1.0047840499033147
0.0,0.0,1.0,0.9644151013070372
0.0,0.0,1.0,1.0174253267859967
0.0,0.0,1.0,1.0514152682517146
0.0,0.0,1.0,0.8648835861162159
0.0,0.0,1.0,1.0354264949252463
0.0,0.0,0.0,-0.031247230404827242
0.0,0.0,0.0,-0.0719592941405729
0.0,0.0,0.0,-0.017409869960224533
0.0,0.0,1.0,0.9874145601171995
0.0,0.0,0.0,0.010285914209577918
0.0,1.0,0.0,0.048454238624686674
0.0,0.0,1.0,1.0109113386248203
1.0,0.0,0.0,-0.28829536595904415
0.0,0.0,1.0,1.0154316756182515
0.0,1.0,0.0,0.027010496182705346
1.0,0.0,0.0,-0.020073445496011644
0.0,0.0,0.0,-0.08651927397583403
0.0,0.0,1.0,0.9844617428154088
0.0,0.0,1.0,1.0207049847600946
0.0,0.0,1.0,0.9693036306472589
0.0,0.0,1.0,0.9992938549568504
0.0,0.0,0.0,0.08136927033463692
0.0,0.0,1.0,1.0000031650782804
1.0,0.0,0.0,0.02402667088100152
1.0,0.0,0.0,0.28484254482209526
0.0,0.0,1.0,0.9879185829611483
0.0,0.0,1.0,0.9688367913033118
0.0,0.0,1.0,1.0012620226721847
0.0,0.0,1.0,1.0061010830692796
0.0,0.0,0.0,0.035447243744981094
0.0,0.0,1.0,0.9676859064751282
0.0,0.0,1.0,1.0201057453723488
0.0,0.0,1.0,0.8548609972629002
0.0,0.0,1.0,0.9816147959012373
0.0,0.0,0.0,-0.06427586681202335
1.0,0.0,0.0,0.04035675014324891
0.0,0.0,1.0,1.017192307811909
0.0,0.0,1.0,0.999794829096027
0.0,0.0,1.0,1.0091444781921792
1.0,0.0,0.0,0.007267473862124341
0.0,0.0,1.0,0.848097654704107
0.0,0.0,1.0,1.0312443431525344
0.0,0.0,0.0,0.16614675137648138
0.0,0.0,1.0,0.9809191954752778
0.0,0.0,1.0,0.9747179449615166
0.0,0.0,1.0,1.0083605356384981
0.0,0.0,1.0,0.9188000889897596
0.0,0.0,1.0,0.9542202944653395
0.0,0.0,1.0,0.9765269576738107
0.0,0.0,1.0,1.0230605272091853
1.0,0.0,0.0,-0.03194893881825145
0.0,0.0,0.0,-0.04041910187459141
1.0,0.0,0.0,0.10559902476801053
0.0,0.0,0.0,0.07897499485351567
0.0,0.0,1.0,0.9974595234174854
0.0,0.0,1.0,1.0106510045591586
0.0,1.0,0.0,-0.003493400295377036
0.0,1.0,0.0,-0.01778521822173129
0.0,0.0,1.0,0.9822067511719705
1.0,0.0,0.0,0.031435443326306434
0.0,0.0,1.0,1.0816632523700132
0.0,0.0,1.0,1.004006850187578
0.0,0.0,1.0,0.9548516123957862
0.0,0.0,1.0,1.0122926680084623
0.0,0.0,1.0,1.0114903693711215
0.0,0.0,1.0,0.9613262032585119
0.0,0.0,0.0,0.11097322299966983
0.0,0.0,0.0,-0.00026792240130646405
0.0,0.0,1.0,0.9831505202908843
0.0,0.0,1.0,0.968188633495239
0.0,0.0,0.0,0.010967828363479981
0.0,0.0,1.0,1.0456310108700122
0.0,0.0,1.0,1.0360713660367762
0.0,0.0,1.0,1.0006088460639933
