User,Recommended Item 1,Predicted Rating 1,Recommended Item 2,Predicted Rating 2,Recommended Item 3,Predicted Rating 3,Recommended Item 4,Predicted Rating 4,Recommended Item 5,Predicted Rating 5
01cdd813d9a8bea5d70455a917c91e63,PEO_SILVER_PLUS,0.6398778557777405,PEO_ENTERTAINMENT,0.5994986891746521,LOTUS,0.5349482297897339,SLTStaff_PEO_SILVER,0.5210584998130798,PRANAMA,0.5021501779556274
0201ee9b60de662cdd16c885f178feea,PEO_ENTERTAINMENT,0.5884380340576172,PEO_SILVER_PLUS,0.5760375261306763,PRANAMA,0.5632812976837158,PEO_UTHAYAM,0.559398889541626,LOTUS,0.5441985726356506
02ab436dc7b5a63579a44641db682ab1,PEO_SILVER_PLUS,0.6403705477714539,LOTUS,0.5837761759757996,PEO_ENTERTAINMENT,0.5792070627212524,SLTStaff_PEO_SILVER,0.5385589599609375,PEO_UNNATHAM,0.5308538675308228
038cdb8e2cf30acfc74d55b65cd104ba,PEO_SILVER_PLUS,0.6745857000350952,PEO_ENTERTAINMENT,0.6099244952201843,PEO_UTHAYAM,0.6028738021850586,PRANAMA,0.5730884075164795,SLTStaff_PEO_SILVER,0.5637749433517456
03bc1136d3e235ded705f9536c5cfc69,PEO_SILVER_PLUS,0.5994511842727661,PRANAMA,0.5651422739028931,PEO_ENTERTAINMENT,0.5465078353881836,PEO_UTHAYAM,0.532753586769104,SLTStaff_PEO_SILVER,0.5078138709068298
040a46cf1c79e9719a4c8825d987862c,PEO_SILVER_PLUS,0.6401759386062622,PRANAMA,0.6136949062347412,PEO_ENTERTAINMENT,0.6041725277900696,LOTUS,0.5999854207038879,PEO_UNNATHAM,0.5871797204017639
04c1392db3b2efd47d6d748b1f8d38e5,PEO_SILVER_PLUS,0.6399956941604614,PEO_ENTERTAINMENT,0.5788142085075378,SLTStaff_PEO_SILVER,0.5781118869781494,PRANAMA,0.571015477180481,NEW_SLT_STAFF_PACKAGE,0.5404807329177856
05401b227d4dd007a258cd9fdad008f2,PEO_SILVER_PLUS,0.6403638124465942,PEO_ENTERTAINMENT,0.6105152368545532,PRANAMA,0.5736830234527588,LOTUS,0.535462498664856,PEO_UTHAYAM,0.5329470634460449
05e0cba81525bce9a685b7adf6bcbb7f,PEO_SILVER_PLUS,0.6559606194496155,PEO_ENTERTAINMENT,0.5790503621101379,PRANAMA,0.5735296010971069,PEO_SILVER,0.5639930963516235,PEO_UTHAYAM,0.5327935814857483
072e86cf7f026f5ebca848613a972ae1,PEO_SILVER_PLUS,0.6401674151420593,PEO_ENTERTAINMENT,0.6290483474731445,PRANAMA,0.5734703540802002,LOTUS,0.5352498292922974,PEO_UTHAYAM,0.5327343940734863
07eb568fb2c5969b4628bbbe85d2ab0a,PEO_SILVER_PLUS,0.640211820602417,PEO_ENTERTAINMENT,0.5921066999435425,PEO_UNNATHAM,0.5769080519676208,PRANAMA,0.5735173225402832,PEO_SILVER,0.5407482981681824
0850d48202846f17c43552aab10cc436,PEO_SILVER_PLUS,0.644481360912323,PEO_UNNATHAM,0.5910884141921997,PEO_UTHAYAM,0.5874344706535339,PEO_ENTERTAINMENT,0.5795949101448059,PRANAMA,0.574079155921936
095ac3252f78dd10587f675cccda669d,PEO_SILVER_PLUS,0.6847454309463501,PEO_ENTERTAINMENT,0.5791126489639282,LOTUS,0.5781819224357605,PEO_UNNATHAM,0.5693886876106262,SLTStaff_PEO_SILVER,0.5214825868606567
09c78989d21febb16d71f52534dbedcd,PEO_SILVER_PLUS,0.6401883363723755,PEO_ENTERTAINMENT,0.6318884491920471,PEO_UTHAYAM,0.6169465780258179,PRANAMA,0.6151961088180542,SLTStaff_PEO_SILVER,0.5808085203170776
0ad1096ea64a642b250ce05469b7149a,PRANAMA,0.6257441639900208,PEO_ENTERTAINMENT,0.5952879786491394,PEO_SILVER,0.5816702246665955,PEO_SILVER_PLUS,0.5620852708816528,LOTUS,0.5350812077522278
0c43717f6cafdee05899b9e7e6ad8972,PEO_SILVER_PLUS,0.640389621257782,PRANAMA,0.621070146560669,PEO_ENTERTAINMENT,0.6035770773887634,SLTStaff_PEO_SILVER,0.5332056283950806,PEO_UTHAYAM,0.5329797267913818
0cff0b18c28ab6c37c132155b1b40dc2,PEO_SILVER_PLUS,0.63987135887146,PEO_ENTERTAINMENT,0.6324460506439209,SLTStaff_PEO_SILVER,0.6146063208580017,LOTUS,0.5923774242401123,PRANAMA,0.5731583833694458
0d00747e051eedc776d2e6ec242910cd,PEO_ENTERTAINMENT,0.6844786405563354,PEO_SILVER_PLUS,0.6402101516723633,PRANAMA,0.5954116582870483,LOTUS,0.5353010296821594,PEO_UTHAYAM,0.5327855348587036
0e70111f460fc72e45e24d34a2593ef9,PEO_SILVER_PLUS,0.6399215459823608,PEO_ENTERTAINMENT,0.5824726819992065,SLTStaff_PEO_SILVER,0.5427644848823547,LOTUS,0.5349904894828796,PEO_UNNATHAM,0.5304836630821228
0f7c0733b6955c6248bf23a8c46ad04f,PEO_ENTERTAINMENT,0.57904052734375,PRANAMA,0.5735200643539429,PEO_SILVER_PLUS,0.5689699649810791,LOTUS,0.5622824430465698,PEO_UTHAYAM,0.532784104347229
11b66a5b2fc9fec3449910ac1413c556,PEO_SILVER_PLUS,0.5948715209960938,PEO_ENTERTAINMENT,0.578740656375885,PRANAMA,0.5732194185256958,PEO_UNNATHAM,0.5304955840110779,SLTStaff_PEO_SILVER,0.5013216137886047
121a6f05e28800e6b08ba896b9d72425,SLTStaff_PEO_SILVER,0.5968890190124512,PEO_UTHAYAM,0.5599964261054993,PEO_SILVER_PLUS,0.5552011132240295,PEO_ENTERTAINMENT,0.5373384952545166,LOTUS,0.5355290770530701
133189b4fa62edf1a91c5be4cd36584d,PEO_ENTERTAINMENT,0.6500579714775085,PEO_SILVER_PLUS,0.639962375164032,PEO_UTHAYAM,0.5919393301010132,PRANAMA,0.5732530951499939,PEO_UNNATHAM,0.5585112571716309
136d9d25f1eb59d89840de3a9f7f61b5,PEO_SILVER_PLUS,0.640165388584137,PEO_ENTERTAINMENT,0.6387033462524414,PEO_UNNATHAM,0.6063786745071411,PRANAMA,0.573474109172821,SLTStaff_PEO_SILVER,0.5633305311203003
1442247ba6d019cd40c065ee349934f9,PEO_SILVER_PLUS,0.6575193405151367,PEO_UTHAYAM,0.6261454820632935,PEO_SILVER,0.5929114818572998,PRANAMA,0.5733233094215393,PEO_ENTERTAINMENT,0.5521439909934998
15ace260d1588b466730521e4c12be67,PEO_SILVER_PLUS,0.639798641204834,PEO_ENTERTAINMENT,0.6326914429664612,PRANAMA,0.6142187118530273,PEO_UNNATHAM,0.5503284335136414,LOTUS,0.5348577499389648
16195107431d4bf91071113c02e7f959,PEO_SILVER_PLUS,0.6404972076416016,PRANAMA,0.5874757766723633,SLTStaff_PEO_SILVER,0.5598591566085815,LOTUS,0.5556799173355103,PEO_UNNATHAM,0.5309571027755737
16d9c308f2af512eb10bac235f3e1157,PEO_ENTERTAINMENT,0.68475341796875,PEO_SILVER_PLUS,0.6404780149459839,PEO_UTHAYAM,0.5368006229400635,LOTUS,0.535575807094574,PEO_UNNATHAM,0.5309422016143799
171dac6dcb8dc43fdaee2a0150b82464,PEO_ENTERTAINMENT,0.6146245002746582,PEO_UTHAYAM,0.6078768968582153,PEO_SILVER_PLUS,0.5781391859054565,PRANAMA,0.5732966661453247,PEO_UNNATHAM,0.5506237745285034
17ccd35e1f309471c94ef68c9f2d8e60,PEO_SILVER_PLUS,0.6932367086410522,PEO_ENTERTAINMENT,0.636786162853241,PEO_UNNATHAM,0.5621651411056519,PEO_UTHAYAM,0.5461058020591736,LOTUS,0.535459041595459
18191da190fc76c860e699d6cc810cf6,PEO_SILVER_PLUS,0.678351104259491,PRANAMA,0.6594802737236023,PEO_UTHAYAM,0.5816885232925415,PEO_ENTERTAINMENT,0.5789966583251953,LOTUS,0.5484595894813538
181e25f778e05ad6ddaa29d4df7af8d9,PEO_SILVER_PLUS,0.6325746774673462,PEO_UTHAYAM,0.6007242202758789,PEO_ENTERTAINMENT,0.5793762803077698,LOTUS,0.5356379747390747,PRANAMA,0.5350672006607056
1864a9172017fde8c5489191090965d3,PEO_SILVER_PLUS,0.6400598883628845,LOTUS,0.5873640775680542,PEO_UNNATHAM,0.5853743553161621,PEO_UTHAYAM,0.5785222053527832,PRANAMA,0.5621469020843506
18a02e6eed633623ac7cde115ab7c0de,PEO_ENTERTAINMENT,0.6386532187461853,PRANAMA,0.6259402632713318,LOTUS,0.5825587511062622,PEO_SILVER,0.5655620694160461,PEO_SILVER_PLUS,0.5623975992202759
1968edca13c5b44566d781283a6793fd,PEO_ENTERTAINMENT,0.5789217352867126,PRANAMA,0.5734007358551025,PEO_SILVER_PLUS,0.5688619613647461,LOTUS,0.5344294309616089,PEO_UNNATHAM,0.5259554982185364
1aa6f660df808e025a851439d423b2bb,PEO_SILVER_PLUS,0.6965015530586243,PRANAMA,0.6132813692092896,PEO_UNNATHAM,0.5854601263999939,PEO_ENTERTAINMENT,0.5790045857429504,LOTUS,0.5352646112442017
1afc6fb5b800c4bb24fd25e59e39d5f5,PEO_SILVER_PLUS,0.6940631866455078,SLTStaff_PEO_SILVER,0.597963809967041,PRANAMA,0.5731468796730042,PEO_SILVER,0.5670813322067261,PEO_UTHAYAM,0.5345253348350525
1bce2a4e81b1c339ad30a72baf90f103,PEO_SILVER_PLUS,0.6501433253288269,PRANAMA,0.568604588508606,PEO_UTHAYAM,0.5485771894454956,PEO_ENTERTAINMENT,0.5475961565971375,LOTUS,0.5357093811035156
1bebe9b84f3b614f86f4d05db49e680b,PEO_SILVER_PLUS,0.5936973690986633,PEO_ENTERTAINMENT,0.5794527530670166,PRANAMA,0.5739352703094482,PEO_UNNATHAM,0.5339392423629761,PEO_UTHAYAM,0.5331993103027344
1c79fbb02867bfaa9a4e9f574051552f,PEO_SILVER_PLUS,0.6422762274742126,PRANAMA,0.6235204935073853,PEO_ENTERTAINMENT,0.6234889626502991,PEO_UNNATHAM,0.5306911468505859,PEO_SILVER,0.5293878316879272
1cb1b5a48dc07fc3df4ac206b8960454,PEO_SILVER_PLUS,0.6052210330963135,PRANAMA,0.5981043577194214,LOTUS,0.5800249576568604,PEO_ENTERTAINMENT,0.5789679884910583,SLT_STAFF_TRIPLE_PLAY,0.532865047454834
1d6f0ffdce6d98064083dcd7b2d4db13,LOTUS,0.5913042426109314,PRANAMA,0.5730351209640503,PEO_SILVER_PLUS,0.563279390335083,PEO_SILVER,0.5406067967414856,PEO_UTHAYAM,0.5322991609573364
1dfb413e48d4784433ff4b0f75cdc2c9,PEO_SILVER_PLUS,0.6401704549789429,PEO_ENTERTAINMENT,0.5789920091629028,LOTUS,0.5533713102340698,PEO_UNNATHAM,0.5461676120758057,PEO_UTHAYAM,0.5459397435188293
1f576c5e12c070fe23fbed5e87c553a6,PEO_SILVER_PLUS,0.6401669979095459,PEO_UTHAYAM,0.5846244096755981,PEO_ENTERTAINMENT,0.5789961814880371,PRANAMA,0.5358936786651611,PEO_UNNATHAM,0.5306820869445801
1f5b13e62d39286122444190ffc78388,PRANAMA,0.6332424283027649,PEO_SILVER_PLUS,0.6055786609649658,PEO_ENTERTAINMENT,0.5613723993301392,SLTStaff_PEO_SILVER,0.5452591180801392,LOTUS,0.53513503074646
20185ad8377173060c67ad5edf8b3e8c,PEO_SILVER_PLUS,0.6399217844009399,SLTStaff_PEO_SILVER,0.5765932202339172,PRANAMA,0.573508620262146,PEO_UTHAYAM,0.5487148761749268,PEO_SILVER,0.5460513830184937
2031f5fd7926d62e0c08f1c7aafa0723,PEO_UNNATHAM,0.6177475452423096,PRANAMA,0.594896674156189,PEO_ENTERTAINMENT,0.5794565677642822,LOTUS,0.5592564344406128,PEO_SILVER_PLUS,0.5559102892875671
2125d0465254419b4141d16ba493a7a1,PEO_SILVER_PLUS,0.6401199102401733,PEO_ENTERTAINMENT,0.5789371132850647,PEO_SILVER,0.5404359698295593,SLTStaff_PEO_SILVER,0.5370457172393799,PEO_UTHAYAM,0.5326805710792542
2150d16170ec0dd1f202a196b14897c6,PEO_SILVER_PLUS,0.6397740840911865,PEO_UNNATHAM,0.6094576120376587,PEO_ENTERTAINMENT,0.5785826444625854,PRANAMA,0.5373015999794006,LOTUS,0.5348400473594666
22cc771a7d6bca13485e3d12ffe31c30,PEO_SILVER_PLUS,0.6679512858390808,PEO_ENTERTAINMENT,0.6349931955337524,PEO_UNNATHAM,0.6056514978408813,PEO_UTHAYAM,0.5825915336608887,PRANAMA,0.5732696652412415
24c3c7ca6e772ca95aa25afe4eecb0bb,PEO_SILVER_PLUS,0.6401234865188599,PRANAMA,0.6162508726119995,PEO_ENTERTAINMENT,0.6109896898269653,PEO_UTHAYAM,0.5534990429878235,LOTUS,0.5258741974830627
25bb001a9a7d38b64b7c97d98b82ef73,PEO_SILVER_PLUS,0.5855295658111572,PEO_ENTERTAINMENT,0.5784850716590881,PRANAMA,0.5729619264602661,PEO_UNNATHAM,0.5566093921661377,PEO_UTHAYAM,0.5322259664535522
263025921a4dc3adc95698bd37c0c964,PEO_SILVER_PLUS,0.7402666807174683,PEO_UNNATHAM,0.5884244441986084,PRANAMA,0.5740019083023071,LOTUS,0.5512621402740479,SLTStaff_PEO_SILVER,0.5362047553062439
26652311392358534ac8d9840b10d33e,PEO_SILVER_PLUS,0.6572226881980896,PRANAMA,0.5878732204437256,PEO_SILVER,0.544700026512146,LOTUS,0.5354248285293579,PEO_UNNATHAM,0.522016167640686
26a87af2622ab681238a991a2c8ac33c,PEO_SILVER_PLUS,0.6973510980606079,PEO_ENTERTAINMENT,0.6066514849662781,PRANAMA,0.5514784455299377,LOTUS,0.5496388673782349,SLTStaff_PEO_SILVER,0.5377510786056519
26d958f4d90003b4d086aa022376f177,PEO_SILVER_PLUS,0.6398860216140747,PRANAMA,0.5940758585929871,PEO_ENTERTAINMENT,0.578693687915802,PEO_UTHAYAM,0.5611473321914673,PEO_UNNATHAM,0.5304483771324158
2728b95cea80b75e4e540e52d5f0f736,PEO_SILVER_PLUS,0.6204440593719482,PEO_ENTERTAINMENT,0.578620195388794,PRANAMA,0.573097825050354,PEO_UTHAYAM,0.5323618650436401,PEO_UNNATHAM,0.5303824543952942
27f1f54e3518d36eaebe736ee2169a37,PEO_SILVER_PLUS,0.6403761506080627,PEO_UTHAYAM,0.5877317786216736,PEO_ENTERTAINMENT,0.5858479738235474,LOTUS,0.5616729259490967,SLTStaff_PEO_SILVER,0.5385634899139404
2a96e4160e20229fd81b4c5d8746565a,PEO_SILVER_PLUS,0.6401849389076233,SLTStaff_PEO_SILVER,0.6268218755722046,PRANAMA,0.6004758477210999,PEO_ENTERTAINMENT,0.5790133476257324,LOTUS,0.5441322326660156
2ab20dc0b9187fcea613b3a90619282a,PEO_ENTERTAINMENT,0.5957261323928833,PEO_SILVER_PLUS,0.5758059024810791,PRANAMA,0.5731009244918823,LOTUS,0.5350039005279541,PEO_UTHAYAM,0.5324884057044983
2b884ca156dfdb98db03f8c7e33ab656,PRANAMA,0.6442490816116333,PEO_ENTERTAINMENT,0.6016814708709717,PEO_SILVER_PLUS,0.5949339866638184,LOTUS,0.5896021127700806,PEO_UNNATHAM,0.5302878618240356
2c01afd5ea76bec3b15164ab40b95948,PEO_SILVER_PLUS,0.739703893661499,PRANAMA,0.5795192122459412,PEO_UTHAYAM,0.5366214513778687,PEO_UNNATHAM,0.5306311845779419,SLTStaff_PEO_SILVER,0.5212846398353577
2c2938180da1015773240d3979fc9b35,PEO_SILVER_PLUS,0.6454421877861023,PEO_ENTERTAINMENT,0.594976544380188,PRANAMA,0.5737193822860718,LOTUS,0.5646778345108032,PEO_UTHAYAM,0.5609622001647949
2c2dbb8b5a437da56522ad3655ee63a9,PEO_SILVER_PLUS,0.6395615935325623,PEO_ENTERTAINMENT,0.578353762626648,PRANAMA,0.572830319404602,LOTUS,0.5346097946166992,PEO_UNNATHAM,0.5301735997200012
2c925278e2e4288abead3c465b5339bd,PEO_SILVER_PLUS,0.6398524641990662,PEO_ENTERTAINMENT,0.5786617994308472,LOTUS,0.5651882886886597,PEO_UNNATHAM,0.5484084486961365,PRANAMA,0.5348195433616638
2cacd49987694a9a2ee3b95301c47aa7,PEO_ENTERTAINMENT,0.6544747948646545,PEO_SILVER_PLUS,0.6247671246528625,PRANAMA,0.5956870317459106,PEO_SILVER,0.5389164686203003,LOTUS,0.5357616543769836
2cec67820baa3ee08a95ab5ccf91cf49,PEO_ENTERTAINMENT,0.6538206338882446,PEO_SILVER_PLUS,0.6400233507156372,PRANAMA,0.605779230594635,LOTUS,0.5351041555404663,PEO_UTHAYAM,0.5322060585021973
2d64cc72845887e17dd0697b45d5e27c,PEO_SILVER_PLUS,0.6915476322174072,LOTUS,0.611472487449646,PEO_ENTERTAINMENT,0.5785439014434814,SLTStaff_PEO_SILVER,0.5782170295715332,PRANAMA,0.5730213522911072
2e6063d9b6214dfa907890a17afbd354,PEO_SILVER_PLUS,0.7025811076164246,PRANAMA,0.6462917923927307,PEO_ENTERTAINMENT,0.5517787337303162,PEO_UNNATHAM,0.530746340751648,SLTStaff_PEO_SILVER,0.5214370489120483
2f2e50bb97dd0fa859b3a5ca27e3276e,PEO_SILVER_PLUS,0.6395357847213745,PRANAMA,0.6305747032165527,LOTUS,0.5877553224563599,PEO_UTHAYAM,0.5581282377243042,PEO_ENTERTAINMENT,0.5297843813896179
2f6f098cbf442fbf76c2068a6906943e,PEO_SILVER_PLUS,0.5864635705947876,PEO_UTHAYAM,0.5840464234352112,PEO_ENTERTAINMENT,0.5837388038635254,LOTUS,0.5752219557762146,PRANAMA,0.5731709003448486
30576ca16275a38f6bb4491015edb96c,PEO_SILVER_PLUS,0.6610385179519653,PEO_UNNATHAM,0.6109591126441956,PEO_ENTERTAINMENT,0.5968927145004272,PEO_UTHAYAM,0.5603939294815063,LOTUS,0.5515803098678589
308dabd86365d5946aca4595697bd872,PEO_SILVER_PLUS,0.6403079032897949,PRANAMA,0.5736165642738342,PEO_ENTERTAINMENT,0.5650244951248169,LOTUS,0.5353960990905762,PEO_UNNATHAM,0.5308059453964233
313c6deac83fed20faab9c4b98eb568b,PEO_SILVER_PLUS,0.6492566466331482,PRANAMA,0.5742654204368591,PEO_ENTERTAINMENT,0.544021487236023,LOTUS,0.5360449552536011,PEO_UTHAYAM,0.5335294604301453
31b61afc9151420ae301c7cfe62cddff,PEO_SILVER_PLUS,0.6404125690460205,PEO_ENTERTAINMENT,0.6146368980407715,PRANAMA,0.5737338662147522,PEO_SILVER,0.5413159728050232,LOTUS,0.5355133414268494
31d81594d0d66ee9b731988dd5e10ef8,PEO_ENTERTAINMENT,0.5792405605316162,PEO_SILVER_PLUS,0.5758137106895447,PRANAMA,0.5737223029136658,SLTStaff_PEO_SILVER,0.5350908041000366,PEO_UNNATHAM,0.5308855175971985
32492eb64920204f3e07d0de9e228289,PEO_UTHAYAM,0.5934730768203735,PEO_SILVER_PLUS,0.58864426612854,SLTStaff_PEO_SILVER,0.5812589526176453,PEO_ENTERTAINMENT,0.5789992809295654,PRANAMA,0.573479950428009
324b6478038fe15841292e164a7a549d,PEO_SILVER_PLUS,0.6402193903923035,PEO_UTHAYAM,0.5327948331832886,SLTStaff_PEO_SILVER,0.5214205980300903,PRANAMA,0.4937215745449066,PEO_SILVER,0.47402769327163696
3324db5f571a98a73c0e0289f9b700ff,PEO_SILVER_PLUS,0.6575966477394104,PEO_ENTERTAINMENT,0.579463005065918,PRANAMA,0.5739463567733765,PEO_UTHAYAM,0.5531635880470276,LOTUS,0.5357258319854736
336657610cd356d01ec29676e7c09e03,PEO_SILVER_PLUS,0.6049376726150513,PEO_ENTERTAINMENT,0.5781338810920715,PRANAMA,0.5740336179733276,PEO_UTHAYAM,0.5332976579666138,PEO_SILVER,0.528917670249939
358ac2b2fd5500469f2f2b18df111306,PEO_SILVER_PLUS,0.7028898000717163,PEO_ENTERTAINMENT,0.6318328380584717,PRANAMA,0.5738716721534729,LOTUS,0.5422857403755188,PEO_UNNATHAM,0.5310035943984985
35bb5b30b49d290a8a44867af8f4859b,PEO_SILVER_PLUS,0.6238522529602051,SLTStaff_PEO_SILVER,0.5815913677215576,PRANAMA,0.5738124251365662,PEO_ENTERTAINMENT,0.5444096326828003,PEO_UTHAYAM,0.5330764055252075
35cb5e55e2024324f3dfa852b72af597,PRANAMA,0.6543455719947815,PEO_SILVER_PLUS,0.6397054195404053,PEO_ENTERTAINMENT,0.5785087943077087,PEO_UNNATHAM,0.5650891065597534,LOTUS,0.5347651243209839
35d58cd76f95f9fee963f57f1d25b733,PEO_SILVER_PLUS,0.6312207579612732,PEO_ENTERTAINMENT,0.5788423418998718,SLTStaff_PEO_SILVER,0.5463343858718872,LOTUS,0.5351013541221619,PEO_UTHAYAM,0.532585859298706
35f69e6ad0294c250534e687a6d506c2,PEO_SILVER_PLUS,0.7075836062431335,PEO_ENTERTAINMENT,0.579401433467865,LOTUS,0.57044917345047,PEO_UTHAYAM,0.5331478118896484,NEW_SLT_STAFF_PACKAGE,0.5129897594451904
37e8a5b1fe64f26c65093a423af1bf75,PEO_ENTERTAINMENT,0.6657338738441467,PEO_SILVER_PLUS,0.6402331590652466,PEO_UTHAYAM,0.6097300052642822,PRANAMA,0.5735387802124023,PEO_UNNATHAM,0.5307448506355286
38e30e587d665e0c8ef43facdabb3f38,PEO_SILVER_PLUS,0.6396936178207397,PEO_ENTERTAINMENT,0.6339151263237,PRANAMA,0.5887041091918945,PEO_UNNATHAM,0.5831524133682251,PEO_SILVER,0.5745209455490112
38fa17c37f34b7c3cbab423c31f21c13,PEO_SILVER_PLUS,0.6483202576637268,PEO_ENTERTAINMENT,0.5992019772529602,PEO_UTHAYAM,0.590300440788269,LOTUS,0.5892328023910522,PRANAMA,0.5736871361732483
3915d7f877608ede0b0547eaf7d72914,PEO_SILVER_PLUS,0.6495682001113892,PRANAMA,0.5733226537704468,LOTUS,0.5618593096733093,PEO_ENTERTAINMENT,0.5521422624588013,PEO_UTHAYAM,0.5428089499473572
39658442adc0681655607aac80bca7d3,PEO_SILVER_PLUS,0.6405560970306396,PEO_UNNATHAM,0.5909024477005005,PEO_SILVER,0.5882561802864075,PRANAMA,0.5738797187805176,PEO_ENTERTAINMENT,0.5532849431037903
3a41dd3efb28bec3a7acc406dff4e0c8,SLTStaff_PEO_SILVER,0.6352342367172241,PRANAMA,0.6303377151489258,PEO_SILVER_PLUS,0.5896021723747253,PEO_ENTERTAINMENT,0.5795263648033142,PEO_UTHAYAM,0.5749372243881226
3a66a987cdcb122d99b3c55efeb2a608,PEO_SILVER_PLUS,0.6396627426147461,PEO_ENTERTAINMENT,0.5784600973129272,PEO_SILVER,0.5738357305526733,PEO_UNNATHAM,0.5519239902496338,PEO_UTHAYAM,0.5454050302505493
3a6e8c896fdb51324a059db9b3f0276d,PEO_SILVER_PLUS,0.6566217541694641,PEO_ENTERTAINMENT,0.6307778358459473,PRANAMA,0.5734924077987671,PEO_UTHAYAM,0.5713717937469482,LOTUS,0.5352718830108643
3b243a0b7e610b79712a8fb19eb6f555,PEO_SILVER_PLUS,0.7302268743515015,LOTUS,0.5743627548217773,PRANAMA,0.5728716850280762,PEO_UTHAYAM,0.5321357250213623,SLTStaff_PEO_SILVER,0.5207614898681641
3c5c0a8e66986de15c0c8ddb49227f1b,PEO_ENTERTAINMENT,0.5787224769592285,PRANAMA,0.5732019543647766,PEO_SILVER_PLUS,0.5661612749099731,LOTUS,0.5519618988037109,PEO_UTHAYAM,0.5216621160507202
3d08552dea86e84bb28ebe73413d850b,PEO_SILVER_PLUS,0.6072536706924438,PEO_ENTERTAINMENT,0.5995491743087769,PRANAMA,0.5730555653572083,PEO_UNNATHAM,0.5521169304847717,PEO_SILVER,0.5486412644386292
3d16766153a7f1a91cc44a5489265d1f,PEO_SILVER_PLUS,0.6399223804473877,PRANAMA,0.5827564001083374,PEO_UTHAYAM,0.5362145304679871,PEO_UNNATHAM,0.530471682548523,SLTStaff_PEO_SILVER,0.5210999250411987
3dadd983dc499293e2e16ecae7d2fe87,PEO_SILVER_PLUS,0.6636624336242676,PEO_ENTERTAINMENT,0.6169208288192749,PRANAMA,0.5704107284545898,SLTStaff_PEO_SILVER,0.5344898700714111,PEO_UNNATHAM,0.5309355854988098
3dfa13b8dfa415d584b467a463c68b7f,PEO_SILVER_PLUS,0.6402969360351562,PRANAMA,0.5736036896705627,PEO_ENTERTAINMENT,0.5618482828140259,PEO_UTHAYAM,0.5545163154602051,LOTUS,0.5391235947608948
3ea09545cb1b14a99269cecdf63dce06,PEO_SILVER_PLUS,0.684699535369873,PRANAMA,0.6162951588630676,PEO_ENTERTAINMENT,0.5790178775787354,LOTUS,0.5352780222892761,PEO_UTHAYAM,0.5327625274658203
3ec6441eb5df6ef9ba2bdd63f919ce8b,PRANAMA,0.6161257028579712,PEO_SILVER_PLUS,0.5671733617782593,LOTUS,0.5317132472991943,PEO_UNNATHAM,0.5305627584457397,PEO_SILVER,0.5267344117164612
3ef273fb46a66fa5a50cd71caa585d5b,PRANAMA,0.6594829559326172,PEO_SILVER_PLUS,0.6401695609092712,PEO_ENTERTAINMENT,0.6218229532241821,LOTUS,0.5352581739425659,PEO_UNNATHAM,0.5306791067123413
3f457223b4ab99aca778c3ffc45d35fb,PEO_SILVER_PLUS,0.6409624814987183,PEO_ENTERTAINMENT,0.5987166166305542,PRANAMA,0.5743143558502197,LOTUS,0.5259974598884583,SLTStaff_PEO_SILVER,0.5222041606903076
405b7cd1117a3d185a8f244d83879eb2,PEO_SILVER_PLUS,0.6491718888282776,PEO_ENTERTAINMENT,0.57901930809021,PEO_UTHAYAM,0.5739027261734009,PRANAMA,0.5734983086585999,PEO_UNNATHAM,0.5658421516418457
4066b858ce7ca2f0956fa4a16d3d00cb,PEO_SILVER_PLUS,0.6669826507568359,PEO_ENTERTAINMENT,0.6188313364982605,PRANAMA,0.5735316276550293,PEO_UNNATHAM,0.5516923069953918,LOTUS,0.535311222076416
407cb486e0c27e988e30472450906bac,PEO_SILVER_PLUS,0.697289228439331,PEO_ENTERTAINMENT,0.5974138379096985,PRANAMA,0.5960575342178345,PEO_SILVER,0.5477538704872131,PEO_UTHAYAM,0.5325406789779663
408d1b9b9f4bea5d5c27fb761070b48f,PEO_SILVER_PLUS,0.6278907656669617,PEO_ENTERTAINMENT,0.6085153818130493,PRANAMA,0.5976158976554871,LOTUS,0.5347384810447693,PEO_UTHAYAM,0.5322229862213135
4171e831a4e5edadb1ada3d9f0408f5b,PEO_SILVER_PLUS,0.662116289138794,PRANAMA,0.650279700756073,PEO_ENTERTAINMENT,0.579249918460846,PEO_UNNATHAM,0.5308912992477417,PEO_SILVER,0.5016511082649231
41b126062cfcfd5e909511675878bacd,PEO_ENTERTAINMENT,0.579086184501648,PEO_SILVER_PLUS,0.5738242864608765,PRANAMA,0.5735676884651184,PEO_UNNATHAM,0.55519700050354,PEO_UTHAYAM,0.5418114066123962
41df640f48b213517f8c2d9c220be760,PEO_SILVER_PLUS,0.6403933763504028,PEO_ENTERTAINMENT,0.588775634765625,PEO_UTHAYAM,0.5787889957427979,PRANAMA,0.5737106800079346,LOTUS,0.570406436920166
424baee0988942315871218fec44eec2,PEO_SILVER_PLUS,0.6487605571746826,PEO_UTHAYAM,0.5754086375236511,PRANAMA,0.5737422704696655,LOTUS,0.5355218052864075,PEO_UNNATHAM,0.5308962464332581
43481df9fe5e8b9b6b9b76b5c0ed2caf,PEO_SILVER_PLUS,0.640221357345581,PRANAMA,0.6304558515548706,PEO_ENTERTAINMENT,0.5790470838546753,PEO_UNNATHAM,0.5558587312698364,SLTStaff_PEO_SILVER,0.5505965948104858
4379a739b23fd8baff7dd1f918743125,PEO_SILVER_PLUS,0.640299379825592,PEO_ENTERTAINMENT,0.5911349058151245,PEO_SILVER,0.5789732933044434,PRANAMA,0.5736133456230164,LOTUS,0.5735750198364258
43e8ce750aa9bfb5e545408ce862ce6d,PRANAMA,0.6313397288322449,LOTUS,0.6109412312507629,PEO_UTHAYAM,0.5825327634811401,PEO_ENTERTAINMENT,0.5790773630142212,SLTStaff_PEO_SILVER,0.5743198394775391
456ae9c08b9340289f35828d9d110ec2,PEO_SILVER_PLUS,0.6143724322319031,PRANAMA,0.6041158437728882,PEO_UNNATHAM,0.5497425198554993,LOTUS,0.5355942845344543,PEO_UTHAYAM,0.5330787897109985
467d47b47a4a51717ffce0043c4a23de,PEO_SILVER_PLUS,0.5698760151863098,SLTStaff_PEO_SILVER,0.5484440326690674,LOTUS,0.5348105430603027,PEO_UNNATHAM,0.5303339958190918,PEO_ENTERTAINMENT,0.5132490396499634
46dc42814032143f31fdc05d02bd199f,PEO_SILVER_PLUS,0.6924012899398804,PEO_ENTERTAINMENT,0.5907042026519775,PRANAMA,0.5734793543815613,PEO_UTHAYAM,0.5588017702102661,PEO_UNNATHAM,0.5306926369667053
477fd1f06505d76a90ad2d64fec325ab,PEO_SILVER_PLUS,0.6789224147796631,PRANAMA,0.5733529329299927,LOTUS,0.5351325273513794,PEO_UTHAYAM,0.5326169729232788,PEO_UNNATHAM,0.5305953621864319
4899015ae0dd7611f74317801a2c160a,PEO_SILVER_PLUS,0.6640838980674744,PEO_ENTERTAINMENT,0.5859030485153198,PEO_UTHAYAM,0.5431185960769653,PEO_UNNATHAM,0.5308379530906677,SLTStaff_PEO_SILVER,0.5215663909912109
4934f6949e8de1fc44432cfc1e39a9d8,PEO_SILVER_PLUS,0.6398146152496338,PRANAMA,0.5540192127227783,PEO_UTHAYAM,0.5323669910430908,PEO_UNNATHAM,0.5303868055343628,PEO_ENTERTAINMENT,0.5253601670265198
4976ddb987f9a5f0ce6c2b218af5278f,PEO_SILVER_PLUS,0.644456148147583,PEO_ENTERTAINMENT,0.6032031774520874,PRANAMA,0.5959399938583374,PEO_UNNATHAM,0.5773630738258362,PEO_UTHAYAM,0.5691208839416504
4c37d3a84b9a2176c911fef1ad5dab0d,PEO_SILVER_PLUS,0.6940009593963623,PEO_UNNATHAM,0.5871580839157104,PEO_ENTERTAINMENT,0.578598141670227,PRANAMA,0.5730763077735901,PEO_SILVER,0.5381611585617065
4cf60a0b7b212669cf42523d6dcd92bb,PEO_SILVER_PLUS,0.6399608254432678,PRANAMA,0.614570140838623,PEO_ENTERTAINMENT,0.5787762403488159,LOTUS,0.5595794916152954,SLTStaff_PEO_SILVER,0.5446799397468567
4d01972e689720b94ebfb5b796873857,PEO_SILVER_PLUS,0.6978499889373779,PRANAMA,0.6161835789680481,PEO_ENTERTAINMENT,0.5676835775375366,LOTUS,0.5351535081863403,PEO_UTHAYAM,0.5326379537582397
4dd51155385e44fdf8d82be5630963f8,PRANAMA,0.6257503032684326,PEO_SILVER_PLUS,0.6083586812019348,PEO_UNNATHAM,0.5804212093353271,LOTUS,0.535057783126831,PEO_ENTERTAINMENT,0.534496009349823
4ff8d2b22ff67ab69f7c4bb5f4d1fb0b,PEO_SILVER_PLUS,0.7076544761657715,PEO_ENTERTAINMENT,0.5788732767105103,PEO_UTHAYAM,0.5490491390228271,LOTUS,0.5351321697235107,PEO_UNNATHAM,0.5305884480476379
502dc489645005511c55b1d0eea775bb,PEO_SILVER_PLUS,0.6407232284545898,PRANAMA,0.6322445869445801,LOTUS,0.6161829233169556,PEO_ENTERTAINMENT,0.5795786380767822,PEO_UTHAYAM,0.5333269834518433
5040a7dbb832d70bd5a750d4f3144420,PEO_UTHAYAM,0.5849664807319641,PEO_SILVER_PLUS,0.5702191591262817,PRANAMA,0.5543913841247559,LOTUS,0.535254716873169,PEO_ENTERTAINMENT,0.5233170390129089
50c421ecb82e3381ee98d5978d6ea9f3,PEO_UTHAYAM,0.638351559638977,PEO_ENTERTAINMENT,0.5923712253570557,PRANAMA,0.5736484527587891,PEO_SILVER_PLUS,0.5617995262145996,LOTUS,0.535427987575531
50dae4c3a0ee465e13bc17ee64e006ab,PEO_SILVER_PLUS,0.6430671811103821,LOTUS,0.6065590381622314,PEO_UNNATHAM,0.5983177423477173,PEO_ENTERTAINMENT,0.5790162086486816,SLTStaff_PEO_SILVER,0.5710986852645874
5104397be42acb8cf6993c6c2f5c9722,PEO_SILVER_PLUS,0.6405550241470337,PEO_UNNATHAM,0.5862095355987549,PEO_ENTERTAINMENT,0.5793970227241516,PRANAMA,0.5738798379898071,LOTUS,0.5356593728065491
53b4176f374f284764a53d379bafb483,PEO_SILVER_PLUS,0.6985782384872437,PRANAMA,0.5734927654266357,PEO_SILVER,0.5412544012069702,LOTUS,0.5352723598480225,PEO_UNNATHAM,0.5306984186172485
546c09fc89a36271cbb6b262ec16aab5,PEO_SILVER_PLUS,0.6401812434196472,PRANAMA,0.5951972007751465,LOTUS,0.5819371342658997,PEO_UNNATHAM,0.5732311010360718,PEO_ENTERTAINMENT,0.5528957843780518
54c4bae4450dada905c5ac4c87fa9a40,PEO_SILVER_PLUS,0.6994552612304688,PEO_ENTERTAINMENT,0.5787175297737122,SLTStaff_PEO_SILVER,0.5392058491706848,LOTUS,0.5349754095077515,PEO_UTHAYAM,0.5324599742889404
5767930cf4c2a38175a91ed16607f83e,PEO_SILVER_PLUS,0.6404819488525391,PRANAMA,0.6128554344177246,PEO_UTHAYAM,0.5820178985595703,PEO_ENTERTAINMENT,0.5793240070343018,SLTStaff_PEO_SILVER,0.543182373046875
5776cd31f5a867b85ea10067dc5b914b,PEO_SILVER_PLUS,0.6906272172927856,PRANAMA,0.6017069220542908,SLTStaff_PEO_SILVER,0.5892038941383362,PEO_ENTERTAINMENT,0.5792306065559387,LOTUS,0.5354918837547302
57f81eff21ce3f03dd69d2837cf9b038,PEO_SILVER_PLUS,0.6402771472930908,PEO_ENTERTAINMENT,0.5791079998016357,PRANAMA,0.5594780445098877,PEO_SILVER,0.5493704080581665,LOTUS,0.5353689789772034
57fd5d0fd4a5a64994dcef7be5cb3409,PEO_SILVER_PLUS,0.6758762001991272,PRANAMA,0.600589394569397,PEO_ENTERTAINMENT,0.5788540840148926,LOTUS,0.5638236403465271,PEO_UNNATHAM,0.5305883288383484
58dce7eb653a4f602ea2eea38e21fe88,PEO_SILVER_PLUS,0.6892409324645996,PRANAMA,0.6133127808570862,SLTStaff_PEO_SILVER,0.590430736541748,PEO_UTHAYAM,0.5888364315032959,PEO_ENTERTAINMENT,0.5791206359863281
5900167d739a64c37a4e2e131d4dc107,PEO_SILVER_PLUS,0.6771929264068604,PRANAMA,0.6493215560913086,PEO_ENTERTAINMENT,0.5791382193565369,SLTStaff_PEO_SILVER,0.5779991149902344,LOTUS,0.5667121410369873
5958e36e6cc57fd43ce5562e415e9c23,PEO_ENTERTAINMENT,0.6187664866447449,PRANAMA,0.598588764667511,PEO_SILVER_PLUS,0.5928530097007751,PEO_UTHAYAM,0.5804145336151123,LOTUS,0.5352455377578735
5b6781b3d400c6cb73f5f86afb101e79,PEO_SILVER_PLUS,0.6400747299194336,PEO_ENTERTAINMENT,0.5788856148719788,LOTUS,0.5351455211639404,PEO_UTHAYAM,0.5326299667358398,SLT_STAFF_TRIPLE_PLAY,0.5081038475036621
5be8e1d39f6ab638d17b91c96d96b1cb,PEO_ENTERTAINMENT,0.6289471983909607,PEO_SILVER_PLUS,0.5917603969573975,LOTUS,0.5826084613800049,PRANAMA,0.5737183690071106,PEO_UTHAYAM,0.532982349395752
5c2404429cf1622f0031708a08f83077,PEO_SILVER_PLUS,0.6403695344924927,LOTUS,0.6110724806785583,PEO_ENTERTAINMENT,0.6055423021316528,PRANAMA,0.5736880302429199,PEO_UNNATHAM,0.5331956744194031
5d31f2054c05a79ef438c73dc2724174,PEO_SILVER_PLUS,0.6906290054321289,LOTUS,0.5896196365356445,PEO_ENTERTAINMENT,0.5795893669128418,PRANAMA,0.5740740299224854,PEO_SILVER,0.5512476563453674
5d73c583df881ac4fa122fc09532bffc,PEO_SILVER_PLUS,0.6404308676719666,PEO_ENTERTAINMENT,0.5792708396911621,PRANAMA,0.5737528800964355,PEO_UNNATHAM,0.5308984518051147,PEO_UTHAYAM,0.4974934756755829
5e823d5bb1afd23a9a5386deb1825d29,PEO_SILVER_PLUS,0.6399507522583008,PRANAMA,0.6122985482215881,PEO_ENTERTAINMENT,0.6015135645866394,LOTUS,0.5350281000137329,PEO_UTHAYAM,0.5325126647949219
5f813fd7bb9d9f90f2db92929cb6ee77,PEO_SILVER_PLUS,0.7012946009635925,PRANAMA,0.5798627138137817,PEO_UNNATHAM,0.5440630912780762,PEO_ENTERTAINMENT,0.5416741371154785,PEO_SILVER,0.5210763812065125
60344a111a607288c9a98e0961f99752,PEO_SILVER_PLUS,0.6810367107391357,PEO_ENTERTAINMENT,0.5790274143218994,PEO_UNNATHAM,0.5578773021697998,PEO_SILVER,0.5574650168418884,LOTUS,0.5352874994277954
61951c50f24fae789131f6653b3cbd7a,PEO_SILVER_PLUS,0.6402270793914795,PRANAMA,0.6007922291755676,PEO_UNNATHAM,0.5831841230392456,PEO_ENTERTAINMENT,0.5790558457374573,PEO_UTHAYAM,0.5327997207641602
62d617d062ff27092d431d0d98f842fa,PEO_SILVER_PLUS,0.6561077833175659,PEO_UTHAYAM,0.579834520816803,PEO_ENTERTAINMENT,0.5789957642555237,PRANAMA,0.5734751224517822,LOTUS,0.5352546572685242
67cd37f67020995ad034ef0ca1abcdf7,PEO_SILVER_PLUS,0.7172999382019043,PRANAMA,0.6213244199752808,PEO_ENTERTAINMENT,0.6209052801132202,PEO_UTHAYAM,0.5858137607574463,PEO_UNNATHAM,0.5678713917732239
68f1cc3395db1cb0ab0aa8c1a3339dfc,PEO_ENTERTAINMENT,0.614613950252533,PEO_SILVER_PLUS,0.601750910282135,LOTUS,0.5963289141654968,PEO_UNNATHAM,0.5664721727371216,PEO_UTHAYAM,0.5427660942077637
6953074125422a5fca58110a45dfd4e4,PEO_UNNATHAM,0.5829796195030212,PEO_ENTERTAINMENT,0.5787637233734131,LOTUS,0.5350210070610046,PEO_UTHAYAM,0.5325055122375488,PEO_SILVER_PLUS,0.5140461921691895
6a6867045a566a58d5a1690476492383,PEO_SILVER_PLUS,0.6398220062255859,PEO_ENTERTAINMENT,0.6070281267166138,SLTStaff_PEO_SILVER,0.5441488027572632,LOTUS,0.5352945327758789,PEO_UTHAYAM,0.5327789783477783
6aa0beeb0226622462e95030241f2d45,PEO_SILVER_PLUS,0.6400914788246155,PRANAMA,0.5887091159820557,PEO_UTHAYAM,0.5879765152931213,PEO_ENTERTAINMENT,0.5789111852645874,LOTUS,0.5351701378822327
6aba770c6735588dd7bb3b3fbfff53ae,PEO_SILVER_PLUS,0.6534877419471741,PEO_ENTERTAINMENT,0.5791603922843933,PRANAMA,0.5736415982246399,SLTStaff_PEO_SILVER,0.5566679835319519,LOTUS,0.5354211330413818
6ac26fd83441985c98f8f28b1a88d737,PEO_SILVER_PLUS,0.6140795946121216,PRANAMA,0.5766041278839111,PEO_ENTERTAINMENT,0.568118155002594,LOTUS,0.5352864265441895,PEO_UNNATHAM,0.5307066440582275
6b0e86d6b587585ff740cd64322e0ccc,PEO_ENTERTAINMENT,0.6780619621276855,PEO_SILVER_PLUS,0.6584669947624207,SLTStaff_PEO_SILVER,0.5831668972969055,PRANAMA,0.5729308128356934,LOTUS,0.5347104072570801
6d50dd40b6b8251ff66487c089980d69,PEO_ENTERTAINMENT,0.6340082883834839,PRANAMA,0.5888509750366211,PEO_UNNATHAM,0.568628191947937,PEO_SILVER_PLUS,0.5650566816329956,LOTUS,0.5506831407546997
6d6e71780151e01915a1fe8aa99b1665,PEO_SILVER_PLUS,0.6398850083351135,PRANAMA,0.6273744702339172,PEO_ENTERTAINMENT,0.5786902904510498,PEO_UTHAYAM,0.5714817643165588,PEO_SILVER,0.5346755385398865
6dbd4370f1c7fd52b4d5729c06decb2b,PEO_SILVER_PLUS,0.6398903131484985,PRANAMA,0.6295070648193359,PEO_ENTERTAINMENT,0.5787016749382019,PEO_UNNATHAM,0.5304561853408813,PEO_UTHAYAM,0.5200684070587158
6ed838c1eaa2ccd08e2577f884bf2c43,PEO_SILVER_PLUS,0.6617457866668701,PEO_ENTERTAINMENT,0.6261526942253113,PRANAMA,0.5752796530723572,PEO_UNNATHAM,0.5581151843070984,PEO_UTHAYAM,0.5325415730476379
7071e795260f367bf5a3c06b5e211dbf,PEO_SILVER_PLUS,0.6397323608398438,PEO_ENTERTAINMENT,0.5785382390022278,PEO_UTHAYAM,0.5647339224815369,PRANAMA,0.5606399178504944,LOTUS,0.5534107685089111
7073b54e76c43d4a6bc53804c63bd312,PEO_SILVER_PLUS,0.6335196495056152,PRANAMA,0.6043391227722168,LOTUS,0.5774343013763428,PEO_ENTERTAINMENT,0.5758597254753113,PEO_UTHAYAM,0.5570039749145508
709a16609909fee6377b3940451bff12,PEO_SILVER_PLUS,0.6999900341033936,PRANAMA,0.5735936164855957,LOTUS,0.558117151260376,PEO_UTHAYAM,0.5538138151168823,PEO_SILVER,0.541304349899292
70d7089a840256ad28912710e9cdc608,PEO_SILVER_PLUS,0.6850874423980713,LOTUS,0.6223657131195068,PEO_ENTERTAINMENT,0.5794277787208557,PEO_UTHAYAM,0.5519680380821228,PEO_SILVER,0.5386425256729126
70d92d50ccae2cc0eb30ae99b4fda3fa,PRANAMA,0.6321686506271362,PEO_SILVER_PLUS,0.6321243643760681,PEO_ENTERTAINMENT,0.579502522945404,LOTUS,0.5357666015625,PEO_UTHAYAM,0.5332510471343994
710d8b9aa5ef8f9895fff27ed9218c1d,PEO_SILVER_PLUS,0.6544105410575867,LOTUS,0.535265326499939,PEO_UTHAYAM,0.5327498316764832,PEO_UNNATHAM,0.530697226524353,PRANAMA,0.5165473222732544
714e0d64c57f1a295f615f136873c19d,PEO_SILVER_PLUS,0.6367194056510925,PEO_UTHAYAM,0.585632860660553,PEO_ENTERTAINMENT,0.5789201855659485,PRANAMA,0.5771400928497314,PEO_UNNATHAM,0.5373413562774658
71c09d09bffaa69aa4c1d6fdf3f2ed1e,PEO_SILVER_PLUS,0.6403876543045044,LOTUS,0.5762041211128235,PEO_UTHAYAM,0.5755055546760559,PEO_ENTERTAINMENT,0.570701539516449,PRANAMA,0.5619217753410339
720d7851d1a7b812c7546cd7b72f11ff,PEO_SILVER_PLUS,0.6403781175613403,LOTUS,0.5930620431900024,PEO_ENTERTAINMENT,0.5792131423950195,PRANAMA,0.5736952424049377,PEO_UTHAYAM,0.5329592227935791
7248506853bbb566e6148b92d8572d14,PEO_SILVER_PLUS,0.6401842832565308,SLTStaff_PEO_SILVER,0.5489073991775513,LOTUS,0.5352739095687866,PEO_UTHAYAM,0.5327584743499756,PEO_UNNATHAM,0.5306978821754456
72a0d0bbb0b7fb1a1b94db9b404fc997,LOTUS,0.5864018201828003,PEO_ENTERTAINMENT,0.5798693895339966,PRANAMA,0.574356734752655,PEO_SILVER_PLUS,0.5726803541183472,PEO_UNNATHAM,0.5515404939651489
74057b6f0f98ea0af82d1670f0892f2c,PEO_SILVER_PLUS,0.6892949342727661,LOTUS,0.5992319583892822,SLTStaff_PEO_SILVER,0.5804988741874695,PRANAMA,0.5727221965789795,PEO_SILVER,0.5685608983039856
76346dc12d94874da111a5a651b4520d,PEO_SILVER_PLUS,0.6403293013572693,PRANAMA,0.6225923299789429,PEO_ENTERTAINMENT,0.5791634321212769,PEO_UTHAYAM,0.5545716881752014,LOTUS,0.5354233980178833
7656cf707af47d49fc5daeb45ee70e74,PEO_SILVER_PLUS,0.6402046084403992,PEO_ENTERTAINMENT,0.5790313482284546,PRANAMA,0.5735108852386475,LOTUS,0.5352904796600342,PEO_UTHAYAM,0.5327749252319336
76f0f232dc066a78d4f1b6ad03bc7865,PEO_SILVER_PLUS,0.6204191446304321,PEO_ENTERTAINMENT,0.5789108276367188,PRANAMA,0.5735146999359131,PEO_UTHAYAM,0.5327787399291992,PEO_UNNATHAM,0.49470826983451843
7756e362c167db41164a2d62064f80e8,PEO_SILVER_PLUS,0.6404504776000977,PEO_UTHAYAM,0.6082886457443237,PRANAMA,0.5737749934196472,PEO_ENTERTAINMENT,0.5537619590759277,LOTUS,0.5355545282363892
77cbd27327c44fe8f39948a37227f976,PEO_SILVER_PLUS,0.6401752233505249,PEO_ENTERTAINMENT,0.5885415077209473,PEO_UNNATHAM,0.5534310340881348,LOTUS,0.5352609753608704,PRANAMA,0.5261707305908203
77cf90ebaec238d99aedf09bb839bca1,PEO_SILVER_PLUS,0.6714928150177002,PRANAMA,0.6345228552818298,PEO_UTHAYAM,0.5906580686569214,LOTUS,0.5877830982208252,PEO_ENTERTAINMENT,0.5790086984634399
7846e2baddde68a65c6eb2d47c843131,PEO_SILVER_PLUS,0.696577787399292,PEO_ENTERTAINMENT,0.6593517065048218,SLTStaff_PEO_SILVER,0.596128523349762,PRANAMA,0.5812617540359497,PEO_UTHAYAM,0.545231282711029
78fedb82918e857463c5b3cfad3cb673,PEO_SILVER_PLUS,0.6404746174812317,PRANAMA,0.5738011002540588,PEO_UTHAYAM,0.5330650806427002,PEO_UNNATHAM,0.5309414863586426,SLTStaff_PEO_SILVER,0.5216909050941467
790806024f2f9c231ec98c6de29aca1b,PEO_SILVER_PLUS,0.6402130126953125,LOTUS,0.6213046312332153,PEO_UTHAYAM,0.5470129251480103,PEO_UNNATHAM,0.5466663241386414,SLTStaff_PEO_SILVER,0.5214107036590576
7ac53b79900228ff2392af4e3cc6cf77,PRANAMA,0.6210083365440369,PEO_ENTERTAINMENT,0.5792944431304932,PEO_SILVER_PLUS,0.574022114276886,LOTUS,0.535555899143219,PEO_UTHAYAM,0.5330404043197632
7b75a031bd8fd5f345347948d2143189,PEO_SILVER_PLUS,0.6581165194511414,PEO_ENTERTAINMENT,0.5788068175315857,PEO_UNNATHAM,0.561608076095581,LOTUS,0.5350643396377563,PEO_UTHAYAM,0.5325487852096558
7b8939302a332fc17a3c7a3262850ed3,PEO_SILVER_PLUS,0.6903735399246216,PEO_ENTERTAINMENT,0.5971205830574036,PRANAMA,0.5729813575744629,LOTUS,0.5716476440429688,PEO_SILVER,0.5484359264373779
7b9db6e4cf0b3fd39e83c093172e0aca,PEO_SILVER_PLUS,0.6675758361816406,SLTStaff_PEO_SILVER,0.6103012561798096,LOTUS,0.5954046249389648,PEO_ENTERTAINMENT,0.5792551040649414,PRANAMA,0.573738157749176
7c3ef713055f0d38a9ff266ce65e5e30,PEO_SILVER_PLUS,0.6402031779289246,PRANAMA,0.6211933493614197,PEO_UTHAYAM,0.5935019254684448,PEO_ENTERTAINMENT,0.5906289219856262,LOTUS,0.5352882742881775
7c42adbaf02b9c3175b620d3978a0e5b,PEO_SILVER_PLUS,0.6447203159332275,PRANAMA,0.6067243814468384,PEO_UNNATHAM,0.566292405128479,SLTStaff_PEO_SILVER,0.5512447357177734,PEO_UTHAYAM,0.5331214666366577
7cecad30e63ce83626b238551f975f60,PEO_SILVER_PLUS,0.7204275131225586,PEO_ENTERTAINMENT,0.5789113640785217,PRANAMA,0.5733930468559265,PEO_UNNATHAM,0.5642809867858887,LOTUS,0.5351725816726685
7d1d77b583c84806a0f4eef4855cc599,PEO_SILVER_PLUS,0.6443474888801575,PRANAMA,0.6237738728523254,PEO_UNNATHAM,0.5816773772239685,PEO_ENTERTAINMENT,0.5793956518173218,SLTStaff_PEO_SILVER,0.5217677354812622
7d272823f519a1fa0d27d6f6dc1ffd28,PEO_UNNATHAM,0.5898544192314148,PEO_ENTERTAINMENT,0.5795371532440186,PEO_SILVER_PLUS,0.573864221572876,LOTUS,0.5358008742332458,SLTStaff_PEO_SILVER,0.5219111442565918
7d9d875f1a26e7017f03e434a5d484ac,PEO_ENTERTAINMENT,0.6350259184837341,PRANAMA,0.5827896595001221,PEO_SILVER_PLUS,0.5745466947555542,SLTStaff_PEO_SILVER,0.5644622445106506,PEO_UTHAYAM,0.5385653972625732
7ddee188bf3d936aa0877c566a05349f,PEO_SILVER_PLUS,0.6431342959403992,PEO_ENTERTAINMENT,0.5786972045898438,SLTStaff_PEO_SILVER,0.5770357251167297,PEO_UTHAYAM,0.5713081359863281,PEO_SILVER,0.5353609323501587
7e18108a246044bda9cc638f797649cf,PEO_SILVER_PLUS,0.6401895880699158,PEO_ENTERTAINMENT,0.6201955080032349,PRANAMA,0.603792667388916,LOTUS,0.5352710485458374,PEO_UTHAYAM,0.5327555537223816
7e48e7ff814222f21347e80cc993f1d9,PEO_SILVER_PLUS,0.6858149170875549,PEO_ENTERTAINMENT,0.5788224935531616,SLTStaff_PEO_SILVER,0.5580779910087585,LOTUS,0.5350809097290039,PEO_UNNATHAM,0.5305437445640564
7ed7a365c032b2bd0f2f5992391f90f7,PEO_SILVER_PLUS,0.6402105093002319,PEO_UTHAYAM,0.5857473015785217,PRANAMA,0.5735140442848206,PEO_UNNATHAM,0.5709936618804932,PEO_SILVER,0.5652049779891968
803d67e74499257cb99af1816d605aaf,PEO_SILVER_PLUS,0.6403722763061523,PEO_UTHAYAM,0.5903962850570679,LOTUS,0.5708569884300232,PEO_UNNATHAM,0.5440109968185425,PEO_SILVER,0.5431727170944214
805c9beeac9364af58fa626226c4c886,PEO_SILVER_PLUS,0.6404228210449219,PRANAMA,0.5865499973297119,PEO_ENTERTAINMENT,0.5792620778083801,LOTUS,0.5704398155212402,PEO_UNNATHAM,0.5308970808982849
80687240accd39f18fd847ee66faaa1d,PEO_SILVER_PLUS,0.6499586701393127,PEO_UNNATHAM,0.6226004958152771,PEO_ENTERTAINMENT,0.5795754790306091,PRANAMA,0.5740597248077393,PEO_UTHAYAM,0.5740415453910828
822e80e99936f1fc2271a393285870a6,PEO_SILVER_PLUS,0.6397349834442139,PEO_ENTERTAINMENT,0.5785372257232666,PRANAMA,0.5730139017105103,SLTStaff_PEO_SILVER,0.5706157088279724,LOTUS,0.5347934365272522
8422b48d418f6684c348f54894791495,PEO_SILVER_PLUS,0.695499837398529,PEO_ENTERTAINMENT,0.6090387105941772,LOTUS,0.5352652668952942,PEO_UTHAYAM,0.5327497720718384,PEO_UNNATHAM,0.5299431085586548
84e70b1a81e88086f2e2731d37bf38e7,PEO_SILVER_PLUS,0.6401768922805786,PEO_ENTERTAINMENT,0.5926635265350342,SLTStaff_PEO_SILVER,0.5611745715141296,PRANAMA,0.5584584474563599,LOTUS,0.5352679491043091
8729f0916b20cad43a1818ddc3cfac13,PRANAMA,0.6342220306396484,PEO_SILVER_PLUS,0.6259409189224243,PEO_ENTERTAINMENT,0.5754863023757935,LOTUS,0.5542441606521606,PEO_UNNATHAM,0.5440714955329895
87982c45d5c8ccde8b83f5c0a989106e,PEO_SILVER_PLUS,0.6938864588737488,PEO_ENTERTAINMENT,0.5797526836395264,PRANAMA,0.5742408037185669,LOTUS,0.5529816150665283,PEO_UTHAYAM,0.5335047841072083
894dd752010bc2d48cdd66faf5d8c606,PEO_SILVER_PLUS,0.6398887634277344,PEO_ENTERTAINMENT,0.6289427876472473,PRANAMA,0.5760475993156433,SLTStaff_PEO_SILVER,0.5608627796173096,LOTUS,0.5349560976028442
8976676934b74166fcd0c6769ef575ed,PEO_SILVER_PLUS,0.6401097774505615,PEO_UNNATHAM,0.6212692856788635,PEO_ENTERTAINMENT,0.5959718227386475,LOTUS,0.5742477178573608,PRANAMA,0.5734182000160217
8ac7b673c4a780f140d626ddb51463d6,PEO_SILVER_PLUS,0.6367678046226501,PRANAMA,0.6034892201423645,PEO_UNNATHAM,0.5835415720939636,PEO_ENTERTAINMENT,0.5789757966995239,SLTStaff_PEO_SILVER,0.552499532699585
8be03a45565c4d9b39053f51032cff6c,PEO_SILVER_PLUS,0.6398979425430298,SLTStaff_PEO_SILVER,0.5982214212417603,PRANAMA,0.5731928944587708,PEO_ENTERTAINMENT,0.5606149435043335,LOTUS,0.5349724292755127
8bfa801fa227d19d420e5164acc6161c,PEO_SILVER_PLUS,0.6636056900024414,PEO_ENTERTAINMENT,0.6234167814254761,PRANAMA,0.597447395324707,SLTStaff_PEO_SILVER,0.5902017951011658,PEO_UTHAYAM,0.5845097303390503
8c4d76d4bc58fbfcbef62dec2fc0bc0a,PEO_SILVER_PLUS,0.6943178176879883,SLTStaff_PEO_SILVER,0.6099884510040283,PEO_ENTERTAINMENT,0.5789457559585571,PRANAMA,0.5731450319290161,LOTUS,0.5352049469947815
8d83cf8c3756b71d3977672bfdc0eca4,PEO_SILVER_PLUS,0.6401865482330322,PEO_ENTERTAINMENT,0.6235206127166748,PEO_UTHAYAM,0.5924662947654724,PRANAMA,0.5734943151473999,LOTUS,0.5352737903594971
8e20aab0f0e51c138a87ae243817546e,PEO_SILVER_PLUS,0.6401430368423462,PEO_ENTERTAINMENT,0.6321394443511963,PEO_UTHAYAM,0.5906198620796204,PEO_UNNATHAM,0.5848580598831177,SLTStaff_PEO_SILVER,0.5791085958480835
8e9525921a1c1748b8973e36a8ecff31,PEO_SILVER_PLUS,0.6722398400306702,PEO_UTHAYAM,0.5914722681045532,PRANAMA,0.5735003352165222,PEO_UNNATHAM,0.5307088494300842,LOTUS,0.5296436548233032
8eb29f089dcd2f21b376610ccb427f8e,PEO_UTHAYAM,0.5843531489372253,SLTStaff_PEO_SILVER,0.5810559988021851,PRANAMA,0.5732769966125488,LOTUS,0.5589550733566284,PEO_UNNATHAM,0.544754147529602
8f26415cac022156eb8a3499e0261a29,PRANAMA,0.5935060381889343,PEO_ENTERTAINMENT,0.5790289640426636,PEO_SILVER_PLUS,0.5664559602737427,LOTUS,0.5352892875671387,PEO_UNNATHAM,0.5307252407073975
8fa795c6444abf22c696b1b87692c02e,PEO_SILVER_PLUS,0.6400565505027771,PRANAMA,0.6102239489555359,LOTUS,0.5351409316062927,SLTStaff_PEO_SILVER,0.5212512016296387,PEO_ENTERTAINMENT,0.5072630643844604
90dbdc30ef31706d21ee3970ddeaf001,PEO_SILVER_PLUS,0.6402326822280884,PRANAMA,0.6307070255279541,LOTUS,0.5826794505119324,PEO_ENTERTAINMENT,0.5790650844573975,PEO_UTHAYAM,0.5708081126213074
93229432c5743e75d7b890af7768a8c8,PEO_SILVER_PLUS,0.679012656211853,PEO_ENTERTAINMENT,0.629408597946167,PEO_UNNATHAM,0.5410925149917603,PEO_UTHAYAM,0.5329822301864624,PRANAMA,0.5151392221450806
93345eecb9e0d1d781fdc992ca3f7816,PEO_SILVER_PLUS,0.6069949865341187,PEO_UTHAYAM,0.5857830047607422,PEO_ENTERTAINMENT,0.5827795267105103,LOTUS,0.5352983474731445,PEO_UNNATHAM,0.5307227373123169
93913b28811d8258e2d324d38e81e0ae,PEO_ENTERTAINMENT,0.5718844532966614,PEO_SILVER_PLUS,0.5650683641433716,PRANAMA,0.5371644496917725,LOTUS,0.5349620580673218,PEO_UTHAYAM,0.5324465036392212
93b748e58ed1c88d4df9939ee77c41f4,PEO_SILVER_PLUS,0.6400899291038513,PEO_ENTERTAINMENT,0.6206057071685791,PEO_UNNATHAM,0.5859485864639282,PRANAMA,0.5733855962753296,PEO_UTHAYAM,0.5326496362686157
941327df607b83a81284ee823292a00a,PEO_SILVER_PLUS,0.6401002407073975,PRANAMA,0.6082824468612671,LOTUS,0.5850152373313904,PEO_ENTERTAINMENT,0.5789229869842529,PEO_UNNATHAM,0.5582562685012817
94382627a7b643f68a900fd275257543,PEO_SILVER_PLUS,0.6360624432563782,PRANAMA,0.589202344417572,PEO_ENTERTAINMENT,0.5831387042999268,LOTUS,0.5781332850456238,PEO_UTHAYAM,0.5608277916908264
948eb3b0232df0d549a4e1941c618936,PEO_SILVER_PLUS,0.6402060389518738,PRANAMA,0.5735100507736206,PEO_UNNATHAM,0.5705016255378723,LOTUS,0.5408837795257568,PEO_UTHAYAM,0.5327740907669067
94a004a3eaa31fe0bf41ef4d9ef43c2e,PEO_SILVER_PLUS,0.740060031414032,PEO_ENTERTAINMENT,0.6159522533416748,PRANAMA,0.6139965653419495,PEO_UNNATHAM,0.6082773208618164,PEO_UTHAYAM,0.5810967087745667
962eb7c3cf1e103a4409590b0b54a1ff,PEO_SILVER_PLUS,0.6402525305747986,PEO_ENTERTAINMENT,0.5890489816665649,PRANAMA,0.5735664963722229,LOTUS,0.5630906820297241,PEO_UTHAYAM,0.5619156956672668
98b3c87787af98c8b934e2f43b822b5f,PEO_SILVER_PLUS,0.6530184745788574,SLTStaff_PEO_SILVER,0.5682664513587952,LOTUS,0.5451465249061584,PEO_UTHAYAM,0.5324087142944336,PEO_UNNATHAM,0.5304248929023743
98fa06275a9f630480ddfc6c723c1b97,PEO_SILVER_PLUS,0.640174925327301,PEO_UTHAYAM,0.618752121925354,PRANAMA,0.5734838843345642,LOTUS,0.5352634191513062,PEO_ENTERTAINMENT,0.5333243608474731
993a2f0552161bb0a8f4798e9df8e23c,PEO_ENTERTAINMENT,0.5795408487319946,PEO_SILVER_PLUS,0.5745669603347778,PRANAMA,0.5740248560905457,PEO_UTHAYAM,0.5721582174301147,LOTUS,0.5358043909072876
9af01a9db0e0491baf3c39185065704d,PEO_SILVER_PLUS,0.5951114892959595,LOTUS,0.5879692435264587,SLTStaff_PEO_SILVER,0.5800744295120239,PEO_ENTERTAINMENT,0.5789982080459595,PRANAMA,0.5687917470932007
9d4c45d06d6aae62270336ec5502f437,PEO_SILVER_PLUS,0.6629714965820312,PEO_ENTERTAINMENT,0.6053891181945801,PRANAMA,0.5735338926315308,PEO_UTHAYAM,0.5579206943511963,PEO_SILVER,0.5405262112617493
9d7712f26743af58bf7fe9d1980dbd2a,PEO_ENTERTAINMENT,0.626262903213501,PRANAMA,0.5823675990104675,PEO_SILVER_PLUS,0.5759581923484802,SLTStaff_PEO_SILVER,0.5646603107452393,PEO_UTHAYAM,0.5446546077728271
9e9b57626a61d33c04d34c00f39ce741,PEO_SILVER_PLUS,0.6759657263755798,SLTStaff_PEO_SILVER,0.6210145354270935,PRANAMA,0.5951400995254517,PEO_ENTERTAINMENT,0.5789550542831421,PEO_UTHAYAM,0.5307638645172119
9f0a02155f92685e7b5d51dc51655d91,PEO_SILVER_PLUS,0.6397637724876404,PEO_ENTERTAINMENT,0.5785686373710632,PEO_UTHAYAM,0.5781242847442627,PRANAMA,0.5730459690093994,LOTUS,0.5610256791114807
9f24b41d34b6d7d6274889240ffa6908,PEO_SILVER_PLUS,0.6406416893005371,PEO_ENTERTAINMENT,0.5794870257377625,PEO_UNNATHAM,0.5769151449203491,PEO_UTHAYAM,0.5332340598106384,LOTUS,0.5128474235534668
9fb8b46719fb977ff1d99a786ba3937f,PEO_SILVER_PLUS,0.640929639339447,PEO_ENTERTAINMENT,0.6035229563713074,PEO_UTHAYAM,0.5733209252357483,LOTUS,0.536055862903595,SLTStaff_PEO_SILVER,0.5221661329269409
9fcbc6a640547b0d00ea8082ba0461d5,PEO_SILVER_PLUS,0.6403438448905945,PRANAMA,0.6326176524162292,PEO_ENTERTAINMENT,0.5399259924888611,PEO_UTHAYAM,0.5324593782424927,SLTStaff_PEO_SILVER,0.5210852026939392
a066ece1623463307e273455dde0436d,PEO_SILVER_PLUS,0.6418572664260864,PEO_UTHAYAM,0.6325182914733887,PRANAMA,0.6194610595703125,LOTUS,0.5482321977615356,SLTStaff_PEO_SILVER,0.5215365886688232
a29cc9a024962eb387717bd5563f8017,PEO_SILVER_PLUS,0.6402020454406738,PEO_ENTERTAINMENT,0.5790295600891113,LOTUS,0.5352890491485596,PEO_UTHAYAM,0.5327735543251038,PRANAMA,0.5093840956687927
a32d17c386488b46dc78dac9fda4348b,PEO_SILVER_PLUS,0.6880983114242554,PEO_ENTERTAINMENT,0.6216717958450317,PRANAMA,0.5416841506958008,LOTUS,0.5351205468177795,PEO_UTHAYAM,0.5326050519943237
a32ed20dc778b0ae330620357809d969,PEO_SILVER_PLUS,0.6468843817710876,PEO_ENTERTAINMENT,0.6314736604690552,PEO_UNNATHAM,0.5847910642623901,PRANAMA,0.5734824538230896,PEO_UTHAYAM,0.561457633972168
a444f3e3d27853c8b58a2584808d4323,PEO_SILVER_PLUS,0.6401311159133911,PRANAMA,0.6294091939926147,PEO_ENTERTAINMENT,0.6051580905914307,PEO_UTHAYAM,0.5708516836166382,LOTUS,0.5352175235748291
a4a7a596cbaf8cd93802488c61ae3b93,PEO_SILVER_PLUS,0.7169309854507446,PEO_UNNATHAM,0.6304764747619629,PRANAMA,0.54371577501297,PEO_ENTERTAINMENT,0.5404268503189087,PEO_UTHAYAM,0.5329640507698059
a684e61f4b6d49309fe972b58f7486aa,PEO_SILVER_PLUS,0.6782433390617371,PEO_UTHAYAM,0.6039448976516724,PEO_ENTERTAINMENT,0.5789182186126709,PRANAMA,0.5733981728553772,LOTUS,0.5515933036804199
a739969a9c08778569248da582dc5c63,PEO_ENTERTAINMENT,0.5790767669677734,PRANAMA,0.5735579133033752,PEO_UNNATHAM,0.5731521248817444,LOTUS,0.5330587029457092,SLTStaff_PEO_SILVER,0.5208585262298584
a7fc434b1478396f94a32062fad184e1,PEO_SILVER_PLUS,0.6104674339294434,PEO_ENTERTAINMENT,0.60847008228302,SLTStaff_PEO_SILVER,0.6083388328552246,PEO_UTHAYAM,0.5906248688697815,PRANAMA,0.5737735033035278
a85d3913a8deae4ab237eff5f2ffb754,PEO_ENTERTAINMENT,0.5791854858398438,PEO_SILVER_PLUS,0.5769635438919067,PRANAMA,0.5736660957336426,PEO_UTHAYAM,0.5715348124504089,LOTUS,0.5702314376831055
aad360cf75bf3e3d6994766843cc0b5c,PEO_SILVER_PLUS,0.6410068273544312,PEO_ENTERTAINMENT,0.6008528470993042,PRANAMA,0.5743684768676758,PEO_UTHAYAM,0.5336325168609619,SLTStaff_PEO_SILVER,0.5222582817077637
ab69da45efd668ce7bdc549f4449b97a,PEO_SILVER_PLUS,0.6924349665641785,PRANAMA,0.6311908960342407,PEO_ENTERTAINMENT,0.5780556797981262,PEO_SILVER,0.5569708943367004,LOTUS,0.5350645780563354
ab8e01b79df03b25a78f260f0c83a391,PEO_SILVER_PLUS,0.5901087522506714,PEO_ENTERTAINMENT,0.5787827968597412,PRANAMA,0.5732638239860535,PEO_UNNATHAM,0.5435860753059387,PEO_UTHAYAM,0.5287834405899048
ab97314f71804f7cc9fe63ab40d25d01,PEO_SILVER_PLUS,0.6964539289474487,PRANAMA,0.5640984773635864,SLTStaff_PEO_SILVER,0.5637226104736328,LOTUS,0.5552062392234802,PEO_UNNATHAM,0.5449667572975159
ac8d17782113fb666dc8d8804f46ceaa,PEO_SILVER_PLUS,0.640233039855957,PEO_ENTERTAINMENT,0.5811785459518433,PRANAMA,0.5735450983047485,PEO_SILVER,0.5656530261039734,PEO_UTHAYAM,0.5328090786933899
adf3030ac8f7e9ae0417adb6664329ac,PEO_SILVER_PLUS,0.6761682033538818,PRANAMA,0.6118305921554565,PEO_ENTERTAINMENT,0.6027050018310547,PEO_SILVER,0.5421412587165833,PEO_UTHAYAM,0.5329124331474304
ae41c38b08a9d2a54645d716afd35e4a,PEO_SILVER_PLUS,0.6401636600494385,PEO_UNNATHAM,0.5855391025543213,PEO_ENTERTAINMENT,0.5789921283721924,LOTUS,0.5728591084480286,PRANAMA,0.5608939528465271
af93b6d2a9d617a59a02238e3dcb50c4,PRANAMA,0.6638553142547607,PEO_ENTERTAINMENT,0.5787502527236938,PEO_SILVER_PLUS,0.5753465890884399,LOTUS,0.562637984752655,PEO_UNNATHAM,0.5458133220672607
b0c0f50e69ed2111ea1109183599acc3,PEO_SILVER_PLUS,0.7005645036697388,PRANAMA,0.5731217861175537,LOTUS,0.5715579390525818,PEO_ENTERTAINMENT,0.5659846067428589,PEO_UTHAYAM,0.5569320321083069
b129729e1a1cfc31daab03b2c4b274bf,PEO_ENTERTAINMENT,0.578989565372467,PEO_SILVER_PLUS,0.5741026997566223,PRANAMA,0.5734699964523315,PEO_SILVER,0.5379512906074524,LOTUS,0.5352494716644287
b2098cfa4095b95c9bdf865a15cbf320,PEO_SILVER_PLUS,0.6946923732757568,PRANAMA,0.5558351278305054,PEO_SILVER,0.5459344983100891,PEO_UNNATHAM,0.5310595631599426,PEO_ENTERTAINMENT,0.5111275911331177
b298d395b54ef9dce509dc58c12bc5a2,PEO_SILVER_PLUS,0.6259572505950928,PRANAMA,0.5735218524932861,PEO_ENTERTAINMENT,0.5654618144035339,PEO_UNNATHAM,0.5523731112480164,LOTUS,0.5353013277053833
b2d6992d42bd3d006a379677309f377a,PEO_SILVER_PLUS,0.6400883793830872,PEO_ENTERTAINMENT,0.578913152217865,PRANAMA,0.5733942985534668,LOTUS,0.535173773765564,PEO_UTHAYAM,0.5326582789421082
b3ab577f98b472d042eda0a4ac9883a5,LOTUS,0.6144157648086548,PEO_SILVER_PLUS,0.5917752385139465,PRANAMA,0.5766335129737854,SLTStaff_PEO_SILVER,0.5430748462677002,PEO_UTHAYAM,0.5328003764152527
b4ea13bfc04e89200ba503bc31c8c9aa,PEO_SILVER_PLUS,0.6401852965354919,PRANAMA,0.5975136160850525,PEO_ENTERTAINMENT,0.5790198445320129,PEO_UTHAYAM,0.5327638387680054,LOTUS,0.5273258686065674
b527259fa9608e4764f6770548532633,PEO_SILVER_PLUS,0.639962375164032,PRANAMA,0.6108585596084595,LOTUS,0.5350305438041687,PEO_UTHAYAM,0.5325149893760681,PEO_SILVER,0.5308673977851868
b5f7f42d923ee5670adb85c9471a83e7,PEO_SILVER_PLUS,0.6620656251907349,PEO_UNNATHAM,0.6056656241416931,PEO_ENTERTAINMENT,0.5790061950683594,PRANAMA,0.5562124848365784,PEO_UTHAYAM,0.5327504873275757
b65f27c59999e4111b8a8b0be69bff89,PEO_SILVER_PLUS,0.6406275033950806,PEO_ENTERTAINMENT,0.5794782638549805,PEO_UTHAYAM,0.577688455581665,PRANAMA,0.5759639739990234,PEO_UNNATHAM,0.5310864448547363
b760af1de5dfaef33ed735f6f75486af,PEO_SILVER_PLUS,0.639930248260498,SLTStaff_PEO_SILVER,0.6344407796859741,PEO_ENTERTAINMENT,0.5787384510040283,LOTUS,0.5747857093811035,PRANAMA,0.5732170343399048
b77149f3ae161de9a52d0f9f566d3fce,PEO_SILVER_PLUS,0.7092406749725342,PRANAMA,0.6000989675521851,PEO_UTHAYAM,0.5598622560501099,LOTUS,0.5351213216781616,PEO_ENTERTAINMENT,0.527330756187439
b77ef9ec0d9fe45c9e0b847e550c20bd,PEO_SILVER_PLUS,0.6663153171539307,PEO_UNNATHAM,0.5983595848083496,PEO_ENTERTAINMENT,0.5790894031524658,PRANAMA,0.5755723118782043,NEW_SLT_STAFF_PACKAGE,0.5350071787834167
b7f04f910abeebd5521f4a5fb9b7b2bd,PEO_SILVER_PLUS,0.6401973962783813,PRANAMA,0.6308343410491943,LOTUS,0.5797462463378906,PEO_ENTERTAINMENT,0.5790233612060547,SLTStaff_PEO_SILVER,0.5213940143585205
b86f0491c6f659918566f9b1110f6368,PEO_SILVER_PLUS,0.6403014063835144,PEO_UTHAYAM,0.6100141406059265,LOTUS,0.5843632221221924,PRANAMA,0.5642794370651245,PEO_ENTERTAINMENT,0.5433721542358398
b907e26bf888459f3ca214dee884b718,PEO_SILVER_PLUS,0.6466776728630066,PEO_ENTERTAINMENT,0.5787826776504517,PRANAMA,0.5732609629631042,LOTUS,0.5350404977798462,PEO_UTHAYAM,0.5322446227073669
bad986cca0f6570bc05db85ec44d5f01,PEO_SILVER_PLUS,0.6308748722076416,PEO_UNNATHAM,0.6056874990463257,SLTStaff_PEO_SILVER,0.5812870264053345,PEO_ENTERTAINMENT,0.5790306925773621,PRANAMA,0.5735104084014893
bae67336e0707624cdd552df5b25d6c3,PEO_SILVER_PLUS,0.6703251600265503,PEO_UNNATHAM,0.5895111560821533,PEO_ENTERTAINMENT,0.5791254639625549,SLTStaff_PEO_SILVER,0.5744655132293701,PRANAMA,0.5689306855201721
bb6a044ecacc35c5af46e01536032364,PEO_SILVER_PLUS,0.6981935501098633,PEO_ENTERTAINMENT,0.5796055793762207,PRANAMA,0.5740901231765747,PEO_UTHAYAM,0.5606106519699097,PEO_SILVER,0.5469366908073425
bd5b1e0ee71c2854397659fecc7b752b,PEO_SILVER_PLUS,0.6500987410545349,PRANAMA,0.6345590353012085,LOTUS,0.6165145635604858,PEO_UTHAYAM,0.590424120426178,PEO_ENTERTAINMENT,0.5793468952178955
bf48ef62084478509a1b4b1661c48025,PEO_SILVER_PLUS,0.6397902965545654,PEO_ENTERTAINMENT,0.5785977840423584,LOTUS,0.5348545908927917,PEO_UNNATHAM,0.5303675532341003,SLTStaff_PEO_SILVER,0.5209648609161377
c0564199fe79be15d6602cc47f265721,PEO_SILVER_PLUS,0.7247681021690369,PRANAMA,0.6296716928482056,PEO_ENTERTAINMENT,0.6218311786651611,PEO_UNNATHAM,0.5545172691345215,PEO_UTHAYAM,0.5331757068634033
c11f1d009d6877d4e656e65d843d06dd,PEO_SILVER_PLUS,0.6401230096817017,PEO_UTHAYAM,0.5740060806274414,PRANAMA,0.5734256505966187,LOTUS,0.5352051258087158,PEO_UNNATHAM,0.5321667194366455
c24e4b0d59f30769697a54947a34cf54,PEO_SILVER_PLUS,0.6978020668029785,PEO_ENTERTAINMENT,0.6214437484741211,LOTUS,0.5881639719009399,PEO_UNNATHAM,0.5848169326782227,PRANAMA,0.5735212564468384
c296e0338d14e071ee3cb572a29da60e,PEO_SILVER_PLUS,0.6996749639511108,LOTUS,0.5921326875686646,PEO_ENTERTAINMENT,0.5790875554084778,PRANAMA,0.5735688209533691,PEO_UNNATHAM,0.5449841022491455
c306b8fd818c0b58f6242d932bd751ba,PEO_SILVER_PLUS,0.6404677629470825,PEO_ENTERTAINMENT,0.574872612953186,PRANAMA,0.573788046836853,PEO_UNNATHAM,0.5471047163009644,LOTUS,0.5355675220489502
c376c199fa624c6bfc1eff4acf139c33,PEO_SILVER_PLUS,0.6405156254768372,LOTUS,0.604823112487793,PEO_ENTERTAINMENT,0.579363226890564,PRANAMA,0.5738462209701538,PEO_UTHAYAM,0.5701234340667725
c3fd03839e2e386ae4e81fb32722cf9a,PEO_SILVER_PLUS,0.6424494981765747,PEO_ENTERTAINMENT,0.6217039227485657,PRANAMA,0.573650598526001,PEO_UTHAYAM,0.5710967183113098,PEO_SILVER,0.5492590665817261
c4fc9cfb88b4fa55f003014c6176d681,PEO_SILVER_PLUS,0.6358668804168701,PRANAMA,0.6034262776374817,LOTUS,0.5959393382072449,PEO_ENTERTAINMENT,0.5786474943161011,PEO_UTHAYAM,0.5529429912567139
c5eefe86870a9bffac7af616670d72e5,PEO_SILVER_PLUS,0.6544687747955322,PRANAMA,0.5971912145614624,LOTUS,0.5619959235191345,PEO_UTHAYAM,0.5327232480049133,PEO_UNNATHAM,0.5306738615036011
c60b9c1db50236e4bf9537f375ba5959,PEO_SILVER_PLUS,0.639933705329895,PEO_ENTERTAINMENT,0.6219161152839661,PRANAMA,0.6068066954612732,LOTUS,0.5350050926208496,PEO_UTHAYAM,0.5324895977973938
c71cf6b3cac789eee59af3f7f2b24e2f,PEO_SILVER_PLUS,0.6398748755455017,PEO_ENTERTAINMENT,0.6365947127342224,PRANAMA,0.5731676816940308,LOTUS,0.5349471569061279,PEO_UNNATHAM,0.5304410457611084
c826982d1b7fa9a8f9b8c819c62e67b3,PEO_SILVER_PLUS,0.6398591995239258,PEO_ENTERTAINMENT,0.5786628127098083,PEO_UNNATHAM,0.5304259657859802,PEO_SILVER,0.5261318683624268,PRANAMA,0.49666547775268555
c8ee4dc963ac69e2e320068314dc6b65,PEO_SILVER_PLUS,0.6945613622665405,PEO_UNNATHAM,0.5849952697753906,PEO_ENTERTAINMENT,0.5785053968429565,PRANAMA,0.572981595993042,LOTUS,0.5449391007423401
c8fdf6fd8cd253cb5bed9bb3a4460b09,PEO_SILVER_PLUS,0.5982068777084351,PEO_ENTERTAINMENT,0.5789530873298645,PRANAMA,0.5734325647354126,PEO_UTHAYAM,0.5717465281486511,SLTStaff_PEO_SILVER,0.5213223099708557
c956c2dfbb0b793eebaeba43bdf9d398,PEO_SILVER_PLUS,0.6401257514953613,PEO_UNNATHAM,0.585500955581665,PEO_ENTERTAINMENT,0.5789474844932556,SLTStaff_PEO_SILVER,0.5624568462371826,PRANAMA,0.524775505065918
cbdef706d4af1ca980d750d74f742a89,PRANAMA,0.614343523979187,PEO_SILVER_PLUS,0.613499641418457,PEO_ENTERTAINMENT,0.5790250301361084,PEO_UTHAYAM,0.5459316968917847,LOTUS,0.5352849364280701
cd2b8a94cb7a9e45a08f17e9c24ddcba,PEO_ENTERTAINMENT,0.6342626810073853,PEO_SILVER_PLUS,0.5742108225822449,PRANAMA,0.5739716291427612,PEO_UTHAYAM,0.5735072493553162,PEO_UNNATHAM,0.5310996174812317
cdcb8afc1bb19d587c546d8e8b3dc04d,PEO_SILVER_PLUS,0.6555076241493225,PEO_ENTERTAINMENT,0.5790143013000488,PRANAMA,0.5734943151473999,LOTUS,0.5558276176452637,PEO_SILVER,0.5430326461791992
cf3f41d850ff9594bec1caf03db53fd3,PEO_SILVER_PLUS,0.5808196067810059,PEO_ENTERTAINMENT,0.5791471004486084,PRANAMA,0.5736285448074341,PEO_SILVER,0.5357202291488647,LOTUS,0.535408079624176
cf83cf9f8b7e4915ee41345fff5177da,PEO_SILVER_PLUS,0.6408606767654419,LOTUS,0.6163264513015747,PRANAMA,0.5654056072235107,PEO_UTHAYAM,0.5334704518318176,SLTStaff_PEO_SILVER,0.5220962762832642
cffa0eb141f739c2bda5d3b6489a4e9f,PEO_SILVER_PLUS,0.6401844620704651,PEO_ENTERTAINMENT,0.6030240654945374,PEO_UNNATHAM,0.5977311134338379,PRANAMA,0.5734909772872925,LOTUS,0.5352704524993896
d03bd3da16f893ab4da4fcbe566529d1,PEO_SILVER_PLUS,0.6320071816444397,PEO_ENTERTAINMENT,0.6241769194602966,LOTUS,0.5914014577865601,PRANAMA,0.5738620758056641,PEO_UTHAYAM,0.5689330101013184
d238b602b264cdab23399d618c111f2b,PEO_SILVER_PLUS,0.6406954526901245,PEO_ENTERTAINMENT,0.6212106347084045,PRANAMA,0.6138210892677307,PEO_UTHAYAM,0.5719007253646851,SLTStaff_PEO_SILVER,0.5219217538833618
d2b12d9ac9aaa5f4bd74da16287f5681,PEO_SILVER_PLUS,0.6997531652450562,PEO_ENTERTAINMENT,0.636702299118042,LOTUS,0.6057005524635315,PRANAMA,0.5733997225761414,PEO_UTHAYAM,0.5326637625694275
d2f7f43c7e647c1d175a285074985a83,PEO_SILVER_PLUS,0.6406738758087158,PEO_ENTERTAINMENT,0.5795276165008545,PRANAMA,0.574011504650116,LOTUS,0.5357910394668579,PEO_UTHAYAM,0.5332755446434021
d346998d810319a6f391843a475d1d13,PEO_SILVER_PLUS,0.6400128602981567,PEO_ENTERTAINMENT,0.6365973949432373,LOTUS,0.6217616200447083,PEO_UTHAYAM,0.5847978591918945,PRANAMA,0.5733066201210022
d3dcd67343ac37e0c12f24bbdff897b4,PRANAMA,0.6506716012954712,PEO_ENTERTAINMENT,0.5796387791633606,PEO_SILVER_PLUS,0.5715354084968567,LOTUS,0.5634825825691223,PEO_UTHAYAM,0.5333876609802246
d4fbe1bb4c97d1b5f5b94b13417fd4d2,PEO_SILVER_PLUS,0.639999508857727,SLTStaff_PEO_SILVER,0.61473548412323,PEO_ENTERTAINMENT,0.588107705116272,PRANAMA,0.5732876062393188,LOTUS,0.5642460584640503
d526566a66a4becb8bf4daa5cf1db036,PEO_ENTERTAINMENT,0.578998327255249,LOTUS,0.5769203901290894,PRANAMA,0.573478102684021,PEO_SILVER_PLUS,0.5549471378326416,PEO_UTHAYAM,0.5327421426773071
d585cb8fdc2430a39afc1551e5a13224,PEO_SILVER_PLUS,0.6402082443237305,PEO_UNNATHAM,0.6085646748542786,PEO_ENTERTAINMENT,0.5790368318557739,PRANAMA,0.5735172033309937,LOTUS,0.5352967977523804
d6aa1beb4731c60920a88171b5b09a35,PEO_ENTERTAINMENT,0.6459377408027649,PEO_SILVER_PLUS,0.6400839686393738,PEO_UTHAYAM,0.6079666614532471,PRANAMA,0.573386549949646,PEO_UNNATHAM,0.5306216478347778
d71bf695809a750d3b0e8a5b95001ab1,PEO_SILVER_PLUS,0.6402950286865234,LOTUS,0.6125273704528809,PEO_ENTERTAINMENT,0.5682612061500549,SLTStaff_PEO_SILVER,0.5631985664367676,PEO_UNNATHAM,0.5307934284210205
d7a1d292653740a10fb23657b5d5d679,PEO_SILVER_PLUS,0.6403757333755493,PEO_ENTERTAINMENT,0.5792097449302673,PRANAMA,0.5546070337295532,LOTUS,0.5354704260826111,PEO_UTHAYAM,0.521883487701416
d7f6eeaa2c916f27c885502ea094cb3b,PEO_SILVER_PLUS,0.6401578783988953,LOTUS,0.6400283575057983,PEO_ENTERTAINMENT,0.5822271108627319,PEO_UNNATHAM,0.5807369947433472,PRANAMA,0.5734615921974182
d8281711761a844b70e8027759cd3879,PEO_SILVER_PLUS,0.6357107758522034,PEO_UNNATHAM,0.6099644899368286,PEO_ENTERTAINMENT,0.5792235136032104,PRANAMA,0.5737059116363525,PEO_UTHAYAM,0.5530822277069092
d8c1319297ea3a43d5ebf6cc955d71c6,PEO_SILVER_PLUS,0.6402056813240051,PRANAMA,0.59515780210495,SLTStaff_PEO_SILVER,0.5810624361038208,PEO_ENTERTAINMENT,0.5790285468101501,LOTUS,0.5527803897857666
da7b90e46c9e5d7a73a5b482040c113d,PEO_SILVER_PLUS,0.6402114033699036,LOTUS,0.5811110734939575,PRANAMA,0.5735172629356384,PEO_UTHAYAM,0.5327812433242798,PEO_ENTERTAINMENT,0.530491054058075
daaf007efd87fa34ae726d86f0407580,PEO_SILVER_PLUS,0.6345610618591309,PRANAMA,0.5735110640525818,PEO_UNNATHAM,0.5373701453208923,PEO_UTHAYAM,0.5327750444412231,SLTStaff_PEO_SILVER,0.5214008688926697
dba22a3b15ba01c21705e5b9ca65d77e,PEO_SILVER_PLUS,0.6208153963088989,PRANAMA,0.5695205926895142,LOTUS,0.535273551940918,PEO_UTHAYAM,0.5327580571174622,PEO_ENTERTAINMENT,0.5119038224220276
dc04814da82eb1fc89aff2abb44f6775,PEO_ENTERTAINMENT,0.5790053606033325,PEO_SILVER_PLUS,0.571010947227478,LOTUS,0.5385113954544067,PEO_UTHAYAM,0.5327495336532593,PEO_UNNATHAM,0.5305343866348267
dd08f481ca45af72e7c8020a4a22b0a0,PEO_SILVER_PLUS,0.6946281790733337,PRANAMA,0.6289504766464233,PEO_ENTERTAINMENT,0.5792742967605591,LOTUS,0.5355351567268372,PEO_UTHAYAM,0.5330196619033813
ddab424974b1da3bb3af7f5e8e66f145,PEO_SILVER_PLUS,0.7004053592681885,PEO_ENTERTAINMENT,0.5773177742958069,PRANAMA,0.5740802884101868,PEO_UTHAYAM,0.5475722551345825,PEO_SILVER,0.4887429475784302
ddd8312662179a2c47d9c7cfae6490e5,PEO_SILVER_PLUS,0.5629307627677917,PEO_UNNATHAM,0.5306938290596008,SLT_STAFF_TRIPLE_PLAY,0.5280216932296753,LOTUS,0.5273150205612183,PEO_UTHAYAM,0.5184972286224365
de4a1fdf1880db54d5176095a99ed2ab,PEO_SILVER_PLUS,0.6401560306549072,PRANAMA,0.6162697076797485,PEO_ENTERTAINMENT,0.5598216652870178,LOTUS,0.535239577293396,PEO_UTHAYAM,0.5327240824699402
df06f421bfe860cb3759946614d1b838,PEO_SILVER_PLUS,0.6361041069030762,PEO_ENTERTAINMENT,0.6348639130592346,PEO_UTHAYAM,0.5899665951728821,LOTUS,0.5889180898666382,PEO_UNNATHAM,0.582219123840332
df2c50c392c89c4d6b9564ca9939eee0,PEO_SILVER_PLUS,0.6397793292999268,PEO_ENTERTAINMENT,0.578585147857666,LOTUS,0.5768077373504639,PRANAMA,0.5707828998565674,PEO_UTHAYAM,0.5323256254196167
df897cfecefffcd762793e988e050544,PRANAMA,0.6282981634140015,PEO_UTHAYAM,0.5875684022903442,SLTStaff_PEO_SILVER,0.582007646560669,PEO_ENTERTAINMENT,0.56797856092453,PEO_SILVER,0.5472078919410706
dfe3cebfc4e26591c25b32a3486ee6f4,PEO_SILVER_PLUS,0.6403859853744507,PEO_UNNATHAM,0.6087232828140259,SLTStaff_PEO_SILVER,0.5814734697341919,PEO_ENTERTAINMENT,0.5792156457901001,LOTUS,0.5519399046897888
dfe6e5ee1637f373cf5e350b58e293b2,PEO_SILVER_PLUS,0.6605697274208069,PRANAMA,0.631435751914978,PEO_UTHAYAM,0.5875028371810913,PEO_ENTERTAINMENT,0.5460637807846069,PEO_UNNATHAM,0.5303463935852051
e0d58c55c679a90f3af95ba4d49bcc67,PEO_SILVER_PLUS,0.640203595161438,PEO_ENTERTAINMENT,0.6386889219284058,PRANAMA,0.5904901623725891,LOTUS,0.5363095998764038,PEO_UTHAYAM,0.5327737331390381
e15d29cc06e8823c845f9c1daf56896d,PEO_SILVER_PLUS,0.6408965587615967,PEO_ENTERTAINMENT,0.5797616839408875,LOTUS,0.5779942274093628,PRANAMA,0.5742480754852295,PEO_UNNATHAM,0.5374778509140015
e181d57e8c8f20814151cb8a4fd6943d,PEO_ENTERTAINMENT,0.6322266459465027,PEO_SILVER_PLUS,0.6133743524551392,LOTUS,0.5889469981193542,PRANAMA,0.5739974975585938,PEO_UTHAYAM,0.5332615375518799
e1b457a1d5ae2ae498f1fda1c4496812,PEO_SILVER_PLUS,0.6322855949401855,PRANAMA,0.6317479014396667,PEO_ENTERTAINMENT,0.5794806480407715,SLTStaff_PEO_SILVER,0.5531246662139893,PEO_UNNATHAM,0.5310920476913452
e1f3509bfe584a0f84e858c4419d1840,PEO_SILVER_PLUS,0.6653794050216675,PEO_UNNATHAM,0.5914409160614014,PEO_ENTERTAINMENT,0.579029381275177,PRANAMA,0.5735094547271729,SLTStaff_PEO_SILVER,0.5520122051239014
e3e85f3f614872128b5c28da53006165,PEO_SILVER_PLUS,0.6550807356834412,PRANAMA,0.573508620262146,PEO_UNNATHAM,0.5498243570327759,LOTUS,0.5352881550788879,PEO_UTHAYAM,0.5327726602554321
e3eec15d2000b9210760ba6a296c7c04,PEO_SILVER_PLUS,0.6124351024627686,PEO_UNNATHAM,0.6052874326705933,PRANAMA,0.5939598083496094,PEO_ENTERTAINMENT,0.5785270929336548,LOTUS,0.5653961300849915
e494abb3b34e4c4b451efb968110aecf,PEO_SILVER_PLUS,0.6403579115867615,SLTStaff_PEO_SILVER,0.6075716614723206,PEO_ENTERTAINMENT,0.579196035861969,PRANAMA,0.573677659034729,PEO_UTHAYAM,0.5726532340049744
e6e8f0cf6b688754a6d105eebd33be28,PEO_SILVER_PLUS,0.6408931612968445,PRANAMA,0.6249134540557861,PEO_ENTERTAINMENT,0.5797569751739502,PEO_SILVER,0.5406587719917297,LOTUS,0.536021888256073
e735d79cfcbc9fd949d660b8f031ea28,PEO_SILVER_PLUS,0.6400437355041504,PEO_ENTERTAINMENT,0.6016092896461487,SLTStaff_PEO_SILVER,0.5737064480781555,PRANAMA,0.5733445286750793,LOTUS,0.5351240634918213
e7db9ad89aa2931fe5972f6d35458010,PRANAMA,0.6272995471954346,LOTUS,0.5839682817459106,PEO_ENTERTAINMENT,0.5787293314933777,PEO_UNNATHAM,0.5752788782119751,PEO_SILVER_PLUS,0.5585142374038696
e82f9bafe75f2eefac769f8e963cb69b,PRANAMA,0.5834928750991821,PEO_ENTERTAINMENT,0.5794152021408081,SLTStaff_PEO_SILVER,0.5787161588668823,PEO_SILVER_PLUS,0.5559731125831604,PEO_UNNATHAM,0.5310271382331848
e8411f7ef62e67c892d0af49d2d0ea44,PEO_SILVER_PLUS,0.6403523087501526,LOTUS,0.6128066778182983,PRANAMA,0.5577870607376099,PEO_UNNATHAM,0.5559641122817993,SLTStaff_PEO_SILVER,0.5215585827827454
e8becdad5963558d99bcf47351255c88,PEO_SILVER_PLUS,0.6398796439170837,PEO_ENTERTAINMENT,0.6257997751235962,PEO_UNNATHAM,0.5580743551254272,PRANAMA,0.5504026412963867,LOTUS,0.534946084022522
e8c6b0301c38b32f026b856c30f74d71,PEO_SILVER_PLUS,0.664831280708313,PEO_ENTERTAINMENT,0.5790009498596191,PRANAMA,0.5734815001487732,LOTUS,0.5522414445877075,SLTStaff_PEO_SILVER,0.5213712453842163
e98b07a55788a176f4be078b11cba581,PEO_SILVER_PLUS,0.649758517742157,PEO_ENTERTAINMENT,0.6207374930381775,PRANAMA,0.5735169053077698,PEO_UTHAYAM,0.5327808856964111,PEO_UNNATHAM,0.5307260751724243
e99f7a60aa1e48acdd8059bd8dc9d486,PEO_SILVER_PLUS,0.6863657832145691,PEO_ENTERTAINMENT,0.6256729960441589,PRANAMA,0.5734865665435791,LOTUS,0.5507467985153198,PEO_UTHAYAM,0.5327506065368652
eba50aac9cf9026895a4cfb4d8555b2a,PEO_SILVER_PLUS,0.6402093768119812,PEO_ENTERTAINMENT,0.6387016773223877,LOTUS,0.5517135262489319,SLTStaff_PEO_SILVER,0.5458473563194275,PEO_UTHAYAM,0.5327824354171753
ec306357784b2180a8f9f5fd8b632ee1,PRANAMA,0.642786979675293,PEO_SILVER_PLUS,0.6391638517379761,PEO_UNNATHAM,0.6364779472351074,PEO_ENTERTAINMENT,0.6143056154251099,LOTUS,0.535688042640686
ed2bbf95d9be136ccc0c4df60a4b3229,PEO_SILVER_PLUS,0.7073503136634827,PEO_ENTERTAINMENT,0.6140365600585938,PEO_UTHAYAM,0.5926099419593811,PRANAMA,0.5736379027366638,PEO_UNNATHAM,0.5308123826980591
ed5619c4fcbfea17d6be196b62928e04,PEO_SILVER_PLUS,0.6405930519104004,PEO_ENTERTAINMENT,0.5794423818588257,PRANAMA,0.5738025903701782,LOTUS,0.5357054471969604,PEO_UTHAYAM,0.5331899523735046
ed832778965160e983cf1a3fa0011e8a,PEO_SILVER_PLUS,0.6403138041496277,LOTUS,0.6253740191459656,PRANAMA,0.5945976376533508,PEO_ENTERTAINMENT,0.5791465044021606,PEO_UTHAYAM,0.5328905582427979
edaa976e6791c82c498810defdb0b492,PEO_SILVER_PLUS,0.6406433582305908,PEO_UTHAYAM,0.6045247912406921,PRANAMA,0.5512141585350037,PEO_SILVER,0.5458070635795593,PEO_ENTERTAINMENT,0.5130641460418701
edaf6534351ad946dcc4a89cd04c680d,PEO_SILVER_PLUS,0.6403496265411377,PRANAMA,0.5906956791877747,PEO_ENTERTAINMENT,0.5791794061660767,PEO_UTHAYAM,0.5457308292388916,LOTUS,0.5354403853416443
edb6a1e8a42ed5c8d7030e8ef6a0b557,PEO_SILVER_PLUS,0.640317976474762,PEO_ENTERTAINMENT,0.5791549682617188,PRANAMA,0.5736359357833862,PEO_UNNATHAM,0.5189573764801025,SLTStaff_PEO_SILVER,0.5146383047103882
ee59a99cf6a3475850126532d9392211,PEO_ENTERTAINMENT,0.6324431300163269,LOTUS,0.6248677968978882,PEO_SILVER_PLUS,0.6031825542449951,PEO_UNNATHAM,0.5315164923667908,PRANAMA,0.528735876083374
ef19376a510b9a63c1d218c773c26a64,PEO_SILVER_PLUS,0.657265841960907,LOTUS,0.6396195888519287,PEO_ENTERTAINMENT,0.578575849533081,PRANAMA,0.5730528235435486,SLTStaff_PEO_SILVER,0.5409389138221741
ef88531452885dc6bb80b49c78648e65,PEO_ENTERTAINMENT,0.6178388595581055,PRANAMA,0.5685932040214539,LOTUS,0.5622525811195374,PEO_SILVER_PLUS,0.560584545135498,PEO_SILVER,0.5506787896156311
f0e33f2fbf55e1989637f312de303b1a,PEO_SILVER_PLUS,0.6401942372322083,PEO_ENTERTAINMENT,0.5945028066635132,LOTUS,0.5930507779121399,PRANAMA,0.5827385187149048,SLTStaff_PEO_SILVER,0.581055760383606
f1414aac049cb6aabd967922c92160ac,PEO_SILVER_PLUS,0.6406732201576233,PEO_ENTERTAINMENT,0.6177111864089966,PEO_UTHAYAM,0.6024743914604187,LOTUS,0.5447721481323242,PEO_UNNATHAM,0.5311323404312134
f36049a029726b88e7ccc0ac53cd966c,PEO_SILVER_PLUS,0.6402876377105713,PEO_UTHAYAM,0.5876327157020569,PRANAMA,0.5735942125320435,PEO_ENTERTAINMENT,0.5406337380409241,LOTUS,0.5353736877441406
f3b1f4f40f79fb59b7555d04515afeed,PEO_SILVER_PLUS,0.6400254368782043,PEO_ENTERTAINMENT,0.6201620697975159,PRANAMA,0.5942962765693665,LOTUS,0.5748162269592285,SLTStaff_PEO_SILVER,0.5710476040840149
f45d5acab4fbe3766c9c3eda07cf9c61,PEO_SILVER_PLUS,0.6402097344398499,PEO_ENTERTAINMENT,0.5790338516235352,PRANAMA,0.5735129117965698,PEO_UTHAYAM,0.5536806583404541,LOTUS,0.535292387008667
f4c0ed152c54210b5b418684a87e9ac9,PEO_SILVER_PLUS,0.7301502227783203,PRANAMA,0.6264899373054504,PEO_ENTERTAINMENT,0.593237042427063,LOTUS,0.5768768787384033,PEO_UNNATHAM,0.5397399067878723
f6e1f7ac111b86f4ac0ec877edb1f08c,PEO_SILVER_PLUS,0.6402066349983215,PEO_ENTERTAINMENT,0.6377432346343994,PEO_UNNATHAM,0.5493373870849609,LOTUS,0.5352945327758789,PEO_UTHAYAM,0.5337992906570435
f6f97a90a742d6f3ee157c9e519c7242,PEO_SILVER_PLUS,0.642536997795105,PEO_ENTERTAINMENT,0.579815149307251,PRANAMA,0.5738611221313477,PEO_UTHAYAM,0.5567623972892761,LOTUS,0.5356405973434448
f730a3b752eb66aa8c9b50a5d2baf89a,PRANAMA,0.6049259901046753,PEO_ENTERTAINMENT,0.579379141330719,PEO_SILVER_PLUS,0.5746491551399231,SLTStaff_PEO_SILVER,0.5742232203483582,LOTUS,0.5356408357620239
f88a9f3acfa8989e2d58ae0948a9b858,PEO_SILVER_PLUS,0.5952075719833374,PRANAMA,0.595012366771698,PEO_SILVER,0.5884654521942139,PEO_ENTERTAINMENT,0.579719066619873,SLTStaff_PEO_SILVER,0.5745658874511719
f93daa94f66fbff3dd9ac623119b173b,PEO_SILVER_PLUS,0.640271008014679,PEO_ENTERTAINMENT,0.6321005821228027,PRANAMA,0.5735817551612854,PEO_SILVER,0.5636410713195801,LOTUS,0.5353612899780273
f987efdcbfcdc0f3f78d4ee6ed37b88a,PEO_SILVER_PLUS,0.6570929288864136,PEO_UNNATHAM,0.6440443992614746,LOTUS,0.5890529155731201,PEO_ENTERTAINMENT,0.5790275931358337,PEO_UTHAYAM,0.5327712297439575
f98bd7d6c96317fc2656bc43441df8bb,PEO_SILVER_PLUS,0.5736867189407349,PRANAMA,0.573090672492981,PEO_UNNATHAM,0.5672429203987122,LOTUS,0.5348702073097229,PEO_UTHAYAM,0.5323547124862671
fc4e46fcd291250c7fbdca6b2f4a3b31,PEO_SILVER_PLUS,0.6863685846328735,PEO_ENTERTAINMENT,0.6385020017623901,PEO_UNNATHAM,0.6361958384513855,LOTUS,0.5850518345832825,PRANAMA,0.573560357093811
fc77db5a9efeccfaace51889f68e3f22,PEO_SILVER_PLUS,0.6404359340667725,PRANAMA,0.6117622256278992,PEO_UNNATHAM,0.5706844329833984,LOTUS,0.5355432033538818,PEO_UTHAYAM,0.5330277681350708
fcfae4ea0dc12d7a82da4c968df820e7,PEO_SILVER_PLUS,0.739299476146698,PEO_ENTERTAINMENT,0.6029376983642578,PRANAMA,0.572974681854248,PEO_UTHAYAM,0.5322387218475342,PEO_UNNATHAM,0.5209604501724243
fd4d35bafb701dad8d3418e8c56d548b,PEO_SILVER_PLUS,0.640320360660553,PRANAMA,0.5999661684036255,LOTUS,0.5843905806541443,PEO_ENTERTAINMENT,0.5791501402854919,SLTStaff_PEO_SILVER,0.5769469738006592
fd62e39a7c82e9e9a066aee4307fdf87,PEO_SILVER_PLUS,0.5893691778182983,PEO_ENTERTAINMENT,0.5755392909049988,PRANAMA,0.573766827583313,PEO_UNNATHAM,0.5498095750808716,LOTUS,0.5355463624000549
fda179f74ebd420110e55ec547c039b7,PEO_SILVER_PLUS,0.697737455368042,PEO_UNNATHAM,0.5829891562461853,PEO_ENTERTAINMENT,0.5790870189666748,LOTUS,0.5779483914375305,PRANAMA,0.546867311000824
ff45fdfb4b6dac191aba17a281181d39,PEO_SILVER_PLUS,0.6602588295936584,PRANAMA,0.573444128036499,LOTUS,0.5700095891952515,PEO_UTHAYAM,0.554598331451416,PEO_UNNATHAM,0.5306754112243652
