,PSTN.hash,Location_Identifier
1038,603cefb461111f70653b606298757799,MSAG5200PH-AKG-NODE431631
3104,0ac56d0bbc79038c4ad883305638512f,MSAG5200-ISLMV-GDM-NODE482491
3131,03c567a2c97746f2545c0f9b8285827c,MSAG5200-ISLTBT-TLJ-NODE487241
3505,f6ec80f8701edf2f87c851996aa07ef1,MSAG5200BG-NODE431391
3655,923b8b0fdb0af84e50f1ba089c78c38d,MSAG5200PH-AKG-NODE431631
4339,80395efe449ad977905063e83f4b72ec,C300MNW-MEE-NODE18887751
4354,c8ff8a3d02803f306b91acff10286f09,MSAG5200-ISLMLT-VMD-NODE4145091
4460,a6f23c444fa5f70af818183504bb7951,MSAG5200-ISLMT-AVR-NODE467161
4754,2eb5aeccf29e5317936332e6787c605f,MSAG5200PH-AKG-NODE431631
5978,0b5077d6a22093a5e6901515080b83cd,C300MNW-MEE-NODE18887751
5994,6fdb23af8340b1099be4094303766b11,MSAG5200-ISLIDH-KGW-NODE6194491
6669,c0ce2b0254974d701f915306326fa7ea,ZXDSL9806H-ISLKE-NRP-NODE495731
6697,7cd8a12de8be31fb4d0d520e4727b960,C300MHE-DMD-NODE15221561
6984,a9a28bd43c0fc9d6c4b18fb568a708c8,MSAG5200-ISLMT-AVR-NODE467161
7595,ffd697d66cc01c8897ce3e37d693673a,C300MTP-NODE8700911
7738,3f4df7086f4a8b9264fa1455e385d443,MSAG5200PH-AKG-NODE431631
7897,5aa899bf785247fd5e97694c53e95742,MSAG5200-ISLND-PHG-NODE500241
7955,d50b41a92f59fcf24f2c0823b48ee61b,UA5000(IPMB)SL-NODE385341
7977,2ad712844f7a8ff26230d931cad41c53,C300MNW-MEE-NODE18887751
7981,90d6a7a431f7b1aacc0a732dadff630e,UA5000(IPMB)SL-NODE385341
7993,8275004266963069f3093a21fbd3ab7e,UA5000(IPMB)SL-NODE385341
8004,28d6c0cc29005732508384346991cc1d,MSAG5200-ISLPC-AGT-NODE480031
8018,3254e5aa4891df7f48c39a7edcda4ceb,MSAG5200-ISLND-PHG-NODE500241
8209,709d2f2bbdf401b856fdf41d179ade81,MSAG5200-ISLMV-GDM-NODE482491
8219,11ad8d4dfc9e6282f17f66d0ab103d73,MSAG5200-ISLBZ-NODE435881
8350,6edcc0ba8849df26e352550f29dd01de,MSAG5200-ISLND-PHG-NODE500241
8356,8820a949299d6801eb4def58bc6c4a56,MSAG5200-ISLND-PHG-NODE500241
8357,978126039a4e6094081a17d4bdbf51b5,MSAG5200PH-AKG-NODE431631
8863,db94029a37ef2b9d4d00092f3e7bb9a1,C300MNW-MEE-NODE18887751
8885,6e4e7542ac33aa5b2f8c113a47078d83,UA5000(IPMB)SL-NODE385341
9049,ccbc30597bf7bba9b1ae0c290b676839,MSAG5200-ISLVA-NKM-NODE481961
9109,49e562dd7769d41abfb15bca5cb31fff,MSAG5200-ISLGE-NODE5577981
9192,905e53ead1db0779f0ef09f57c468de0,MSAG5200-ISLMT-AVR-NODE467161
9300,d65f2f3fa846c9ccb401083fd45ea957,MSAG5200BG-NODE431391
9360,dc98eb5f881d7f9c948835c93023b6e2,MSAG5200-ISLND-PHG-NODE500241
9470,afd6d5d3e9249ee225f66234cd3e1932,MSAG5200BG-NODE431391
9476,9dbb7d09c458d2155baa38c1d5053182,MSAG5200-ISLVA-NKM-NODE481961
9481,264fc37811da4bc1b868cb12166a970c,C300MNW-MEE-NODE18887751
9513,f41cd1b6308edc349a7851b9073ede5d,MSAG5200-ISLPC-AGT-NODE480031
9534,175bdf5cb94b7d022ef1e6e78e7a625d,MSAG5200-ISLMT-AVR-NODE467161
9545,5a0f5918a4504f062028f5ec7d20288b,MSAG5200BG-NODE431391
9576,a207d8d6981330304842f6602788e34a,MSAG5200-ISLVA-NKM-NODE481961
9788,2c2dbb8b5a437da56522ad3655ee63a9,C300MIDH-IDJ-NODE11065541
9876,5d1f07c84152a7359b5936624ee80fb5,MSAG5200PH-AKG-NODE431631
9988,71d2c0395ce609cfd6f6d6a9ed619f1a,C300MNW-MEE-NODE18887751
9999,c37a45cc5bd068df0cacea19a6d06754,MSAG5200-ISLSI-DWS-NODE520721
10094,303ad5c06ab2efc339c8453a176f8061,MSAG5200PH-AKG-NODE431631
10122,2722bc798fca95f49b4654470ffaacdb,C300MNW-MEE-NODE18887751
10145,49068af17071c855b3b7d2f5c3876852,MSAG5200-ISLPC-AGT-NODE480031
10425,e58a597b42a2be4afbefbbb128d60411,MSAG5200-ISLGE-NODE5577981
10427,77cf90ebaec238d99aedf09bb839bca1,MSAG5200HPG-NODE432141
10476,59ce55487af1cbf6855b860ab5455019,MSAG5200-ISLVA-NKM-NODE481961
10495,a4de4c5223bf72181fbdee2e65d73138,MSAG5200-ISLHZ-BRL-NODE471911
10874,3b56eda19406ad01d76622d1bb1ae896,MSAG5200-ISLMT-AVR-NODE467161
10889,bbd0eb243d355b8af4a1e53df0654d5e,C300MNW-MEE-NODE18887751
10927,104dced91aa603c85945df73e2178d36,MSAG5200-ISLMT-AVR-NODE467161
10953,c5849a7d107b96a79deef9aa6c803e5f,ZXDSL9806H-ISLKE-NRP-NODE495731
11029,33b00ac59868ceffc0870dc037024e09,C300MHT-NE-NODE8152461
11123,e4cd0300f9531314bf68bb2910ef624b,MSAG5200PH-AKG-NODE431631
11137,95a68033f22cab04238957dd03e19688,MSAG5200-ISLMLT-VMD-NODE4145091
11205,a32d17c386488b46dc78dac9fda4348b,MSAG5200BG-NODE431391
11276,8c649bef61fd1ac8c0c4aa3288dcc896,C300MKI-NODE10668164
11305,d93d9a777696f0a154757d15dd5f2a07,MSAG5200-ISLMT-AVR-NODE467161
11320,d00ba4d5438ccec5aa1aa42c13426d9d,MSAG5200PH-AKG-NODE431631
11398,c70dd46cc7fc27720ae06090dc5fecba,MSAG5200-ISLVA-NKM-NODE481961
11424,3c03b8dca4ed848c8d5774391942fd54,MSAG5200-ISLTBT-TLJ-NODE487241
11488,fdf4d7c06392afe91b2b230a72baab07,UA5000(IPMB)SL-NODE385341
11509,7cecad30e63ce83626b238551f975f60,MSAG5200-ISLMT-AVR-NODE467161
11530,1f5b13e62d39286122444190ffc78388,MSAG5200-ISLIDH-KGW-NODE6194491
11537,8c689b89d1ea49e50d3da3092e0fdec8,MSAG5200-ISLBZ-NODE435881
11548,6593bda8608b3bcdfab408daabf6e90e,MSAG5200-ISLBZ-NODE435881
11561,cd2b8a94cb7a9e45a08f17e9c24ddcba,MSAG5200-ISLMV-GDM-NODE482491
11710,f1415c386cab3355a5356c556fe9d0e1,MSAG5200-ISLBZ-NODE435881
11785,b8dc1311c38551baef22b298fe01dd76,C300MNW-MEE-NODE18887751
11812,9f6dbdaf189cbd1c4fdf93a0b35c9e2b,MSAG5200-ISLMB-PSL-NODE482261
11816,2b83526c978eaef8d6c9fe24cb75fcd2,MSAG5200-ISLTBL-NODE5577771
11871,603140df668035ff422adbc8c044185f,C300MNW-MEE-NODE18887751
11909,2b884ca156dfdb98db03f8c7e33ab656,MSAG5200-ISLMT-AVR-NODE467161
11979,999bd110f4061bc76da23b5eea8ae991,MSAG5200-ISLVA-NKM-NODE481961
11988,7e2f7cef44ccac863691ec25019df475,MSAG5200-ISLMT-AVR-NODE467161
11989,4ff7845abe4518b8ecd264564de98f10,MSAG5200-ISLMV-GDM-NODE482491
11990,d96d36e4be0fb183ddc3f73d78dd8f72,MSAG5200-ISLND-PHG-NODE500241
11991,9a7d5ad4ba40b6f56b136d4c6d353e94,UA5000(IPMB)SL-NODE385341
12084,28eacfec0b6b96c1a7ec792bb5efd724,MSAG5200-ISLIDH-KGW-NODE6194491
12162,adf43b3fd126f070f112d20803bbef5c,MSAG5200-ISLMH-POL-NODE491451
12207,541aae494e0ca618c497cca547a12194,MSAG5200-ISLSI-DWS-NODE520721
12210,e5a7f6d80c8cc34c1ec2001fad85ffa5,C300MHT-NE-NODE8152461
12224,3ef273fb46a66fa5a50cd71caa585d5b,UA5000(IPMB)SL-NODE385341
12243,86f7a491bad09629d5cf4d20eb6bd57d,MSAG5200-ISLIDH-KGW-NODE6194491
12294,ba3e4a690c1d811b4192005e480bcd55,MSAG5200PH-AKG-NODE431631
12321,8e714629f52961ea961636b23a3dbf09,MSAG5200-ISLHK-OCC-NODE506561
12365,9bacc65c6145a427332995c1a05d2640,MSAG5200-ISLBZ-NODE435881
12430,2248e468c8deb621f8d60ed6216d3cc1,MSAG5200BG-NODE431391
12433,1dc533c9c85a488194977804cfe365c5,MSAG5200-ISLMV-GDM-NODE482491
12439,5857f9e06ee33c44f31ed265871bb4af,MSAG5200-ISLMH-POL-NODE491451
12448,253badb053d854a5dba162bdc3911db8,MSAG5200-ISLTBL-NODE5577771
12457,ebf69bd199278d2d8ca1d6acec7a9414,MSAG5200-ISLMT-AVR-NODE467161
12464,661a1289a26c2362eeaf6dd609bcb647,MSAG5200-ISLIDH-KGW-NODE6194491
12466,f8e13a85d744691d81c0ae39fd52c735,C300MNW-MEE-NODE18887751
12534,80d136cfb0e2ce1498784a3165c12049,MSAG5200PH-AKG-NODE431631
12548,33c98957993633dcdcf9e21877132bb5,MSAG5200-ISLVA-NKM-NODE481961
12568,fcea29cc99e47985afe10ece239a74a4,MSAG5200-ISLSI-DWS-NODE520721
12586,47e3b5ac0bc788999a114361fb2caa3a,MSAG5200-ISLND-PHG-NODE500241
12639,9ccf03615cbef001432885675ad8efcf,MSAG5200-ISLMLT-VMD-NODE4145091
12650,d4eec8e7da1cdd41ad17797dee3b26da,MSAG5200-ISLPC-AGT-NODE480031
12722,a1ce10b1eba037d7f6c63ed218eb72d0,MSAG5200PH-AKG-NODE431631
12777,f547fbc8c176e87102bcf736c5d1d6a0,MSAG5200-ISLND-PHG-NODE500241
12818,eec78e236f0e417a5455c0cf7e859e7e,C300MNW-MEE-NODE18887751
12901,3a66a987cdcb122d99b3c55efeb2a608,MSAG5200-ISLMT-AVR-NODE467161
12903,96619edcd6182cebc8372116269cf20f,MSAG5200-ISLMT-AVR-NODE467161
12920,aedafc37ae3e048abb3cf0ec20a37455,MSAG5200-ISLGE-NODE5577981
12926,7a3fee6e66788e2f1411d0fae0b2e350,MSAG5200-ISLNL-HGW-NODE491281
12934,7bcbecb2e11a1ea3226e168c671c9f9b,MSAG5200PH-AKG-NODE431631
12970,61afae765690314ec01af88d365df2e4,UA5000(IPMB)SL-NODE385341
13031,5c8673d0570ee140e9f7d1bc9c5ca8ff,UA5000(IPMB)SL-NODE385341
13083,00724ae2470df1ed0fe919800d02517d,MSAG5200-ISLMT-AVR-NODE467161
13088,80160027d35e30e0a80b97e589f23cd4,MSAG5200-ISLVA-NKM-NODE481961
13104,39ceab663fa594d383843a42d3c51882,MSAG5200-ISLND-PHG-NODE500241
13107,d902736e194c5c4cb8d2ba17f549f40a,C300MTP-NODE8700911
13165,31735dc2614fac9cca6bf020f2d7cba5,MSAG5200BG-NODE431391
13179,d6823d83a9a863d0d8f8bf26ae63b8e6,C300MNW-MEE-NODE18887751
13217,0e4d0edba56dc555531dcbff8936c4cb,MSAG5200-ISLIDH-KGW-NODE6194491
13233,b2781d3ed071497822fed9aaf91d4d89,MSAG5200PH-AKG-NODE431631
13235,32de2b9eaacabd522ac64e3bce9e114e,UA5000(IPMB)SL-NODE385341
13251,7756e362c167db41164a2d62064f80e8,MSAG5200-ISLMV-GDM-NODE482491
13252,33ee613c06870bed34a5e0d25adeab20,MSAG5200-ISLMV-GDM-NODE482491
13255,c57e3fcd20f7308222db80e342a0fff1,MSAG5200-ISLMLT-VMD-NODE4145091
13256,336657610cd356d01ec29676e7c09e03,MSAG5200-ISLMT-AVR-NODE467161
13282,9e4472d0c5397482918040225c1b2650,MSAG5200-ISLHZ-BRL-NODE471911
13337,ef19376a510b9a63c1d218c773c26a64,C300MNW-MEE-NODE18887751
13341,0bbd7730f751b9c26a618e887add0530,MSAG5200-ISLIDH-KGW-NODE6194491
13357,47e0ced618a0b04ad85a6810f03f4224,MSAG5200-ISLIDH-KGW-NODE6194491
13365,b1539c3483d00f6764ef4d1dcfe5b2dc,C300MKI-NODE10668164
13380,3a857e4d5fadcf7b7187d615901b2243,MSAG5200-ISLMV-GDM-NODE482491
13392,44a07c8ae4afdfe15333a1ad59b523b2,MSAG5200BG-NODE431391
13397,a48acf7ff72c71012fa656bc7facdfdb,MSAG5200-ISLMT-AVR-NODE467161
13408,a529023a415edef42d9fb5c594ba844e,C300MVH-NODE9874041
13421,e1f3509bfe584a0f84e858c4419d1840,MSAG5200PH-AKG-NODE431631
13423,73d269b3d5e45bb39579e21ee59eac78,MSAG5200-ISLMV-GDM-NODE482491
13424,9bd3e048d10bb2d8129b2842257f5384,MSAG5200-ISLMH-POL-NODE491451
13426,50efb5241e0885b407cdf5ab12b43bdc,MSAG5200-ISLMV-GDM-NODE482491
13455,ae8f6e654747d4b79d958cd670bff9cf,UA5000(IPMB)SL-NODE385341
13488,3927364d856b816bca06a9b0d0b83dcb,MSAG5200-ISLMT-AVR-NODE467161
13498,47fc6cc2731ee8394ccc9e57738866b6,MSAG5200-ISLND-PHG-NODE500241
13504,1864a9172017fde8c5489191090965d3,MSAG5200-ISLMT-AVR-NODE467161
13530,764ced5eb9945510c26a25c43221f603,MSAG5200-ISLND-PHG-NODE500241
13534,3586ee39bec070bd97b89acfa0c3fdf4,MSAG5200-ISLND-PHG-NODE500241
13548,cffce973e6ba1afc7f582fd8aad08953,MSAG5200-ISLND-PHG-NODE500241
13549,2d64cc72845887e17dd0697b45d5e27c,MSAG5200-ISLMT-AVR-NODE467161
13550,cb98e8b25a770c58e98d46d29f8b097c,MSAG5200-ISLMV-GDM-NODE482491
13551,713b63e3309bd5679bc336b3e6b6135d,C300MHT-NE-NODE8152461
13552,157c470e94181e7fcc3930dc6d478ff6,C300MNW-MEE-NODE18887751
13588,20553805891f796374e3c3dc1e8a5cf9,MSAG5200-ISLMT-AVR-NODE467161
13620,f8526f6ce7814ad229916d4b2643d332,UA5000(IPMB)SL-NODE385341
13628,afb6bb814603fc10f25161babb3c77dc,MSAG5200BG-NODE431391
13635,c24f6de540aa9f2cd588c9b696df1f42,UA5000(IPMB)SL-NODE385341
13652,b4ff3f8e27c95214144fd1b6121a3c60,MSAG5200PH-AKG-NODE431631
13655,1a379aab9684fd4fed42ec805e2a2fab,MSAG5200-ISLBZ-NODE435881
13662,cf83cf9f8b7e4915ee41345fff5177da,MSAG5200-ISLND-PHG-NODE500241
13663,ecfd50fcb51f1273bd28728ac360c1a9,MSAG5200-ISLND-PHG-NODE500241
13687,a493509efa92a80451490d3f2a908862,MSAG5200-ISLNL-HGW-NODE491281
13695,cce76260b4367e2f6c05c6b5f388f6f1,MSAG5200-ISLVA-NKM-NODE481961
13726,5ff33c5a98dc3f9f1a8066b3d6956e0e,MSAG5200-ISLND-PHG-NODE500241
13728,430cafcd8975a5f7942161ed0d84a54e,MSAG5200-ISLPC-AGT-NODE480031
13730,351af0c01d320c5cfa1e025b04607b96,MSAG5200-ISLWI-NWT-NODE485201
13783,41f017e9ac9d9745a51841fc378782ed,MSAG5200-ISLMLT-VMD-NODE4145091
13789,7656cf707af47d49fc5daeb45ee70e74,MSAG5200-ISLMB-PSL-NODE482261
13790,93345eecb9e0d1d781fdc992ca3f7816,MSAG5200-ISLMV-GDM-NODE482491
13820,497df5e116aba1f78c4b295753f035cb,MSAG5200-ISLPC-AGT-NODE480031
13841,d5f0fedea87d9e8c2073f61062dcb496,MSAG5200BG-NODE431391
13848,85df276e267da540065827a80e4bc4c3,MSAG5200-ISLND-PHG-NODE500241
13853,f6a0a7e693880f3a17ba7ab36223c01b,MSAG5200-ISLVA-NKM-NODE481961
13872,98cd69445e93e1444ede642a4e0247be,MSAG5200-ISLMV-GDM-NODE482491
13890,423c5f87faa08e85e2bb898e212b2657,MSAG5200PH-AKG-NODE431631
13909,5e823d5bb1afd23a9a5386deb1825d29,MSAG5200-ISLMV-GDM-NODE482491
13919,4c37d3a84b9a2176c911fef1ad5dab0d,MSAG5200-ISLPC-AGT-NODE480031
13922,a3a081d40c100285156b0a757388a299,ZXDSL9806H-ISLKE-NRP-NODE495731
13939,c234c9897fb625f6e81a84239ae5a5d7,MSAG5200-ISLBZ-NODE435881
13940,3894b9226e782e1246b55dfa249d2586,MSAG5200-ISLIDH-KGW-NODE6194491
13944,82bcf091c21f95366b542d97847ca3ec,C300MNW-MEE-NODE18887751
13953,b907e26bf888459f3ca214dee884b718,MSAG5200-ISLIDH-KGW-NODE6194491
13957,d6d69b457016379f1277f60885fe06bc,C300MNW-MEE-NODE18887751
14003,b0086f6ecf11840b169fd79537c8f552,C300MIDH-IDJ-NODE11065541
14006,b699801e9da7e5faa2b23693bdcb6dbc,C300MKI-NODE10668164
14011,40678dea436cd229afcdb418602015bb,MSAG5200-ISLPRN-NODE427901
14012,d5bc2dd01f35fd6a7f65b41779eaaf77,MSAG5200-ISLHC-NAP-NODE478721
14013,274ab32cb2f9a6707401037be5f4920f,MSAG5200-ISLHC-NAP-NODE478721
14015,63b5f95dfc96b271f29637614013c686,C300MKI-NODE10668164
14018,9216252c4bb281f173ce77309df229e5,MSAG5200-ISLJA-PKV-NODE460421
14040,8a5341d5cdf22b7c17484550df68b002,MSAG5200-ISLVA-NKM-NODE481961
14050,32533f908703e3e91ee61f6b89b4463c,UA5000(IPMB)SL-NODE385341
14055,31110bf10f07e3d5e23da9680b1dd287,C300MIDH-IDJ-NODE11065541
14057,7d33fd0f5604d7d139d2d0a23cf32785,MSAG5200PH-AKG-NODE431631
14059,ecb972c1b0cccf042a375d50993d70ef,MSAG5200-ISLMLT-VMD-NODE4145091
14060,149b28780639576b9799c53a216e81a3,MSAG5200-ISLMT-AVR-NODE467161
14067,ac8d17782113fb666dc8d8804f46ceaa,MSAG5200-ISLBZ-NODE435881
14075,913c219f6228c641fc990a714b7be3a1,MSAG5200-ISLBZ-NODE435881
14110,d28c49d2ff905d665255b8027c87b3b6,MSAG5200-ISLMT-AVR-NODE467161
14112,c5a7b38096f4547e23fba9a4ec2059cd,MSAG5200-ISLHZ-BRL-NODE471911
14124,2ab20dc0b9187fcea613b3a90619282a,MSAG5200-ISLMT-AVR-NODE467161
14126,e7625869b89eee2e08585ec899dfd1ba,C300MNW-MEE-NODE18887751
14133,b06ebdf4b8f7558fdecd980219c22089,UA5000(IPMB)SL-NODE385341
14141,6591398a3209ee431b8d8882a15e9806,MSAG5200PH-AKG-NODE431631
14143,237a14219b250edf565f21d563dcc9aa,MSAG5200-ISLMH-POL-NODE491451
14144,3cc8e646c3053630a33f22f2ed11309d,MSAG5200PH-AKG-NODE431631
14148,50dae4c3a0ee465e13bc17ee64e006ab,MSAG5200PH-AKG-NODE431631
14149,4bbf6b545148fcd1729da7a9b25b1fe8,MSAG5200BG-NODE431391
14158,750ff883b7847da50f5a45e0fea88ae3,MSAG5200-ISLBZ-NODE435881
14164,dba22a3b15ba01c21705e5b9ca65d77e,MSAG5200PH-AKG-NODE431631
14166,dce8bb3c395fbf2281c1d70b958ccb64,MSAG5200PH-AKG-NODE431631
14173,3d16766153a7f1a91cc44a5489265d1f,UA5000(IPMB)IM-NODE391531
14174,877f800a5bc5117ea6e2021107f5cb9a,MSAG5200-ISLMT-AVR-NODE467161
14180,1488b053185dd190467f7bcc5462ef03,MSAG5200BG-NODE431391
14185,2f6955a90f82ed370b948ada4ed90687,MSAG5200-ISLMV-GDM-NODE482491
14199,54a97f6b808589981a2cec62272be8fc,MSAG5200-ISLMH-POL-NODE491451
14213,00d258d092429ff11d3e3f533f098177,MSAG5200-ISLND-PHG-NODE500241
14215,205bd8729588799ce454187da090a6a8,MSAG5200-ISLVA-NKM-NODE481961
14232,2e1e7b22272b7778885a627736dbb2a0,MSAG5200-ISLMLT-VMD-NODE4145091
14235,42b4b476aa9e5d6fdab3d66bd9243d19,MSAG5200-ISLND-PHG-NODE500241
14247,5f4e355ab2b54d6399aa5a998af14817,MSAG5200PH-AKG-NODE431631
14249,d526566a66a4becb8bf4daa5cf1db036,MSAG5200-ISLWKN-SWP-NODE473481
14259,611e5a29db6689e85a9da5d68617dc75,MSAG5200-ISLJA-PKV-NODE460421
14267,16534e63efd16d54110269c5135c502e,UA5000(IPMB)SL-NODE385341
14275,92691c288626b57a2d5e9bb3b03b143e,MSAG5200-ISLPC-AGT-NODE480031
14281,ec39372fd4db360faf4a7d80996b31cd,MSAG5200PH-AKG-NODE431631
14288,013736757d2ddad83cdfaa418921605c,MSAG5200-ISLHK-OCC-NODE506561
14290,c96506bb5be9c6cea83bed0224b4f43b,MSAG5200-ISLMH-POL-NODE491451
14308,2a4354f8457c7f1ca6c3b07cb0022229,MSAG5200-ISLJA-PKV-NODE460421
14310,a066ece1623463307e273455dde0436d,C300MNW-MEE-NODE18887751
14315,8a5b9aeec0dafb86349eab0ff9e9032b,MSAG5200-ISLPC-AGT-NODE480031
14325,9d19bffe3d668cb20da47484e545a87a,MSAG5200HPG-NODE432141
14326,7b29f61f9a3dfb0dedc8f0049d18e265,C300MIDH-IDJ-NODE11065541
14339,9705c6c766bbf9bd1bab65f7aa55e59b,MSAG5200-ISLPC-AGT-NODE480031
14342,dd19a517a805c87b95b36a28b7db8d60,MSAG5200-ISLND-PHG-NODE500241
14344,861c0ebebbc9e9dd1e630ad62d9565c2,MSAG5200-ISLPC-AGT-NODE480031
14348,fc151986576b4dfa924d29228210be95,MSAG5200-ISLBZ-NODE435881
14361,5f4823ff977d6bcbd4fd5d5ee43341a8,MSAG5200-ISLIDH-KGW-NODE6194491
14368,2af696f16f36cabeacd85dfa7068f275,MSAG5200-ISLSI-DWS-NODE520721
14376,a29cc9a024962eb387717bd5563f8017,MSAG5200PH-AKG-NODE431631
14377,236edaffa7c655aa9c7d3f33de64f755,MSAG5200-ISLTBL-NODE5577771
14381,dc4be7137c96453be6d39a3b7d198fcd,MSAG5200-ISLMV-GDM-NODE482491
14394,762cb2492576dfe006c33ff15dfa49ab,MSAG5200-ISLMH-POL-NODE491451
14396,c8e15f10fe56b48c0a440d4c2a5758e0,MSAG5200-ISLND-PHG-NODE500241
14399,71f750d1ac24343ca3a3de5e197af6ec,MSAG5200-ISLPC-AGT-NODE480031
14413,5fcdfbfb799f201d8ee31311d5279287,UA5000(IPMB)SL-NODE385341
14424,ab97314f71804f7cc9fe63ab40d25d01,MSAG5200-ISLMV-GDM-NODE482491
14452,7c04bdc881b464717ba06672b77418db,MSAG5200-ISLJA-PKV-NODE460421
14454,07129df5cf3e9f12818b0a80e9e6a1a8,MSAG5200-ISLMLT-VMD-NODE4145091
14455,ca3839c19c7dfc80b4a0eff560dc765d,MSAG5200-ISLMV-GDM-NODE482491
14457,1cfa0cd56534abc01792cc73fbc771de,MSAG5200-ISLPC-AGT-NODE480031
14458,d44a9019a8434d005aab2f10e30e65a0,UA5000(IPMB)SL-NODE385341
14459,38e30e587d665e0c8ef43facdabb3f38,C300MIDH-IDJ-NODE11065541
14460,0c5b02a4bef7e62a06b3e597b30bfb02,C300MKI-NODE10668164
14461,ed0972d231e88cab8e7463f5c71f802c,MSAG5200-ISLMV-GDM-NODE482491
14462,819843e37816ebcbe4973a059667eb54,UA5000(IPMB)SL-NODE385341
14470,7f0f34ee8e786e54e328cecbe75dbdf2,MSAG5200-ISLND-PHG-NODE500241
14482,26652311392358534ac8d9840b10d33e,MSAG5200BG-NODE431391
14483,fd5e924e4c60a31db58620fd58f3cdc8,MSAG5200-ISLBZ-NODE435881
14485,94f2eb30f4bc9115d54e799f9de1e77c,MSAG5200-ISLIDH-KGW-NODE6194491
14491,696a25c2beb2f744ca2a5f6890197912,MSAG5200-ISLMV-GDM-NODE482491
14503,dde2f0e726825c5f72223f512e14a3c4,C300MHT-NE-NODE8152461
14505,50c421ecb82e3381ee98d5978d6ea9f3,MSAG5200-ISLPC-AGT-NODE480031
14509,c1c6b002edb3aa61a7d7bb8f4d336fe8,C300MKI-NODE10668164
14514,d0b23dcda7f59fa107be1bfddf720895,C300MHT-NE-NODE8152461
14515,893c455bca45b690b3e198aa7cee8eef,MSAG5200-ISLMV-GDM-NODE482491
14542,d585cb8fdc2430a39afc1551e5a13224,MSAG5200-ISLMT-AVR-NODE467161
14544,cecb46136a6f20c37ecb41bc307e7696,MSAG5200-ISLND-PHG-NODE500241
14551,25df24be1c74c1acd44001e933b65e82,MSAG5200-ISLIDH-KGW-NODE6194491
14552,155a2049729884b079ccaa8aca315e09,MSAG5200-ISLPRN-NODE427901
14553,e735d79cfcbc9fd949d660b8f031ea28,MSAG5200-ISLHC-NAP-NODE478721
14555,341cf3a955537b59ee6a77a4da0ca2c8,MSAG5200-ISLMT-AVR-NODE467161
14559,ddd8312662179a2c47d9c7cfae6490e5,C300MKI-NODE10668164
14561,9be55a63e043dac6a1b63859890059ac,MSAG5200-ISLPRN-NODE427901
14563,7669392a66e6d3b461971fdba36440f3,MSAG5200-ISLPC-AGT-NODE480031
14576,ea3ac24b6a1adec7bfb2595f130b2d2b,MSAG5200BG-NODE431391
14582,0bcb086dcea0fca1574717d73a3786fd,UA5000(IPMB)SL-NODE385341
14589,763027c024794dedee5badb949e5caf7,MSAG5200-ISLMH-POL-NODE491451
14600,db144194b9dcc1654bde3258ba283aa9,MSAG5200-ISLMT-AVR-NODE467161
14603,24c3c7ca6e772ca95aa25afe4eecb0bb,C300MIDH-IDJ-NODE11065541
14607,19cc774dcc12ce67b09882d76d5eb74c,C300MNW-MEE-NODE18887751
14613,a0723957ebd80e956172f8424d6d530f,MSAG5200-ISLMV-GDM-NODE482491
14621,675c1cffe46e43af5d9c7be2d6e27dd2,MSAG5200-ISLMLT-VMD-NODE4145091
14624,62dc37c2e77005fa1e67fe78af11a550,MSAG5200PH-AKG-NODE431631
14638,17c4f7e210dcaaeaf0812610a177d4d5,C300MNW-MEE-NODE18887751
14639,91908eb091402c62e43f0672934849aa,MSAG5200PH-AKG-NODE431631
14644,37e8a5b1fe64f26c65093a423af1bf75,MSAG5200-ISLMT-AVR-NODE467161
14647,10da2dcdd9d0915d0152d2f3b5ad46c7,UA5000(IPMB)SL-NODE385341
14655,4066b858ce7ca2f0956fa4a16d3d00cb,MSAG5200-ISLSI-DWS-NODE520721
14658,2e15cee02d0989d0beba68d1fe1dacb9,MSAG5200-ISLND-PHG-NODE500241
14664,a48b4d4ccf4a216a7750be5c2ada223e,MSAG5200-ISLVA-NKM-NODE481961
14669,74ee3d188f159cc1493c791c27a7a135,MSAG5200-ISLPRN-NODE427901
14693,44e7c2c57360f75256ddb742f2c8f72f,C300MIDH-IDJ-NODE11065541
14717,45bfaa33130151975159596d913a8bab,C300MIDH-IDJ-NODE11065541
14774,d3723fc0070d27f51261af1fbb312055,C300MNW-MEE-NODE18887751
14786,0f6c6d928a311afc8b5cfab0367e3553,C300MNW-MEE-NODE18887751
14790,aa2b15c0372110129e03d279a070ce2b,MSAG5200-ISLMV-GDM-NODE482491
14791,470410d22544dd5bf6bb9f1bdd927d1f,C300MPDT-NODE13379431
14803,e53b5ceafadb0c57aa69ba82fe8df6e6,MSAG5200-ISLPC-AGT-NODE480031
14811,0d1747a319945cfa3e2580fea1355e0a,UA5000(IPMB)SL-NODE385341
14814,14f4dd0e01e6e3e2e95898944e325afe,MSAG5200-ISLIDH-KGW-NODE6194491
14821,31d67691d57f8199e202ad2b2958cd38,MSAG5200-ISLBZ-NODE435881
14824,8bce192f1a4cf21bcd65958a32f537ed,MSAG5200PH-AKG-NODE431631
14827,60cf340fa9f5f752124cb24a26583e64,MSAG5200BG-NODE431391
14838,7a6a644aae0e27efa870833d0b5e71f7,UA5000(IPMB)SL-NODE385341
14853,ab69da45efd668ce7bdc549f4449b97a,MSAG5200PH-AKG-NODE431631
14854,f7c44808bcae06037bbb1a9d2aa44291,MSAG5200PH-AKG-NODE431631
14855,bf26ac360c4fdd2fc7752ed8e5f0ed54,MSAG5200-ISLMLT-VMD-NODE4145091
14860,c6893d7b0a2599096fa0ec489ab20637,MSAG5200-ISLVA-NKM-NODE481961
14866,542a77b8a963f5c90e123dd68083e199,MSAG5200-ISLVA-NKM-NODE481961
14867,4171e831a4e5edadb1ada3d9f0408f5b,MSAG5200-ISLND-PHG-NODE500241
14870,947622467d9903754a48d2bc4fdc857f,MSAG5200-ISLPC-AGT-NODE480031
14871,1cb1b5a48dc07fc3df4ac206b8960454,MSAG5200BG-NODE431391
14876,cb85b6de297ef79e90129e249ec48788,MSAG5200PH-AKG-NODE431631
14879,51a7d8b31ea355f9327913d13046863b,MSAG5200-ISLHNT-NODE423851
14880,f295f98038748c2293b1a55593c9c1d6,MSAG5200-ISLMLT-VMD-NODE4145091
14886,dfe3cebfc4e26591c25b32a3486ee6f4,MSAG5200-ISLIDH-KGW-NODE6194491
14887,5900167d739a64c37a4e2e131d4dc107,ZXDSL9806H-ISLKE-NRP-NODE495731
14896,94a1c9b2906c38afde68228a11915a8d,MSAG5200-ISLMH-POL-NODE491451
14901,6f4c097755723315504c5350686020c6,C300MTP-NODE8700911
14902,f16d318ca51e10cadb56814aa6ea6ce2,ZXDSL9806H-ISLKE-NRP-NODE495731
14904,c747e670b2f0b5447bf3e868a89b53ff,MSAG5200-ISLMH-POL-NODE491451
14913,b7acc7e84b43c61d566acda0ead40ae6,MSAG5200-ISLMT-AVR-NODE467161
14923,d2b12d9ac9aaa5f4bd74da16287f5681,MSAG5200-ISLMT-AVR-NODE467161
14933,74133c6506ba4e87d8a00d13edcdd4f9,C300MNW-MEE-NODE18887751
14944,f957e4aa0eedc46a7d4c89eec3c2f5df,MSAG5200-ISLHNT-NODE423851
14947,7ddee188bf3d936aa0877c566a05349f,C300MNW-MEE-NODE18887751
14951,21356167cf7b8fd95da3b1e2e8b6edd8,MSAG5200-ISLMT-AVR-NODE467161
14958,3e76c832fd45036eec77630f3655e3c9,MSAG5200-ISLMT-AVR-NODE467161
14967,61d67d49f1e8747af7fbbd1232e97eef,MSAG5200-ISLPC-AGT-NODE480031
14968,ca57e5f084e12b3964fc2a4f3c5d4bec,MSAG5200-ISLGE-NODE5577981
14973,35d58cd76f95f9fee963f57f1d25b733,MSAG5200-ISLMT-AVR-NODE467161
14976,805fb861e55a43bd5bdf92cf6bc70410,UA5000(IPMB)SL-NODE385341
14977,b66a46088bc008d430a70fdcc0d7365f,MSAG5200-ISLWI-NWT-NODE485201
14982,ef01057b2e49d0a9b90f728b0e3c0b57,MSAG5200-ISLMT-AVR-NODE467161
14986,1b1a2cf9cdc804bb0644778768d1a28c,MSAG5200BG-NODE431391
14989,036bac54b36f271527bdee5364153287,C300MNW-MEE-NODE18887751
15000,710d8b9aa5ef8f9895fff27ed9218c1d,MSAG5200-ISLWKN-SWP-NODE473481
15005,e24f65a4c80443b4176c387ff059dd8e,MSAG5200-ISLMT-AVR-NODE467161
15006,5e74dc214fc83075e4e4d28cf7992333,MSAG5200-ISLND-PHG-NODE500241
15009,d6f73e095b96aa9e3875100e8351e97e,UA5000(IPMB)SL-NODE385341
15014,b1f44578e15b5ddc1a5002c7e0738d06,C300MNW-MEE-NODE18887751
15018,2a96e4160e20229fd81b4c5d8746565a,MSAG5200-ISLMH-POL-NODE491451
15025,1e372417c0913db6ce0c7dda2a6929f8,MSAG5200-ISLPRN-NODE427901
15041,1bce2a4e81b1c339ad30a72baf90f103,C300MTP-NODE8700911
15043,dd08f481ca45af72e7c8020a4a22b0a0,UA5000(IPMB)SL-NODE385341
15045,ff1093d5ef61bf46f8c88e9b7614e311,MSAG5200PH-AKG-NODE431631
15053,8c634e339dab107bdd4c5e5e530ad6c7,MSAG5200PH-AKG-NODE431631
15075,dd8a4d89a889f334738904c7a64905d4,MSAG5200BG-NODE431391
15077,be0af586a98009c0458bfbeb4ba32565,MSAG5200-ISLIDH-KGW-NODE6194491
15081,7887a9e45dd25cb4b1295fbf578258df,MSAG5200-ISLMT-AVR-NODE467161
15087,3ff964e1c7d3ad62aba6a032cdb80e64,MSAG5200-ISLND-PHG-NODE500241
15089,7622551b43fa1a12f9440f9d328ef759,MSAG5200BG-NODE431391
15091,d79a6ef0da2dd1f99402a6d289a30935,MSAG5200BG-NODE431391
15092,16d9c308f2af512eb10bac235f3e1157,MSAG5200-ISLMH-POL-NODE491451
15094,6ee751dfbc727b1b579a188ce1d008e3,UA5000(IPMB)SL-NODE385341
15102,2307fe8b34b46d699fe55942803cea04,C300MKI-NODE10668164
15109,5323dc71842fb182b03d889df4cb6d06,MSAG5200-ISLIDH-KGW-NODE6194491
15110,1533325475e829db0379481855582bce,C300MNW-MEE-NODE18887751
15117,10db33c210e825b1efda73b48c77cb2f,MSAG5200-ISLIDH-KGW-NODE6194491
15122,f49b5febf6765f43c6a7f1cf03feccb2,MSAG5200-ISLHZ-BRL-NODE471911
15123,62c78e8a4305ce98e3e361386fb0d062,C300MIDH-IDJ-NODE11065541
15125,c09012e01ac2c7d097425b4c186a8bf6,MSAG5200-ISLMB-PSL-NODE482261
15129,2c26cc98c5d741c663245681a2bfc83e,MSAG5200-ISLIDH-KGW-NODE6194491
15133,0b88bd39b990e13bf22e93fc11edaf20,MSAG5200-ISLMLT-VMD-NODE4145091
15142,709a71bb5e60bfa3161439cba8034a3a,UA5000(IPMB)SL-NODE385341
15147,f83c98c8594760c0bc41c27fce1b1313,UA5000(IPMB)IM-NODE391531
15154,70d7089a840256ad28912710e9cdc608,MA5603TAD-SRV-NODE10224991
15157,acd3242a32c2dadfae1938b5fbabe81c,MSAG5200-ISLPC-AGT-NODE480031
15158,7ae393d2a7331993c2bedfe2d2156ae8,MSAG5200-ISLVA-NKM-NODE481961
15163,19f6622a70b16164995db6c6f47f1091,MSAG5200PH-AKG-NODE431631
15166,98cfd9e6bdc3f89fe0c2079a80ba61cd,MSAG5200-ISLMLT-VMD-NODE4145091
15174,72a0d0bbb0b7fb1a1b94db9b404fc997,MSAG5200-ISLND-PHG-NODE500241
15175,43e8ce750aa9bfb5e545408ce862ce6d,C300MNW-MEE-NODE18887751
15181,5d73c583df881ac4fa122fc09532bffc,MSAG5200-ISLMT-AVR-NODE467161
15182,f44aea63132e9788980e7474bd5c28b8,MSAG5200-ISLMV-GDM-NODE482491
15183,6953074125422a5fca58110a45dfd4e4,MSAG5200-ISLND-PHG-NODE500241
15184,bd60e0087acdac3b468e12a2a9f4bcae,MSAG5200-ISLND-PHG-NODE500241
15193,b0c0f50e69ed2111ea1109183599acc3,MSAG5200-ISLMT-AVR-NODE467161
15195,84ca8dbab5b758fa4da36a91d52061a7,MSAG5200-ISLIDH-KGW-NODE6194491
15197,30f124e2f8c1fd7638f9b7d34d7f8bfb,UA5000(IPMB)SL-NODE385341
15200,d5bad083625e4bb2219b2e01b022ab4f,MSAG5200-ISLMH-POL-NODE491451
15202,a184037e2ea174568fde987b32b196e2,MSAG5200-ISLMLT-VMD-NODE4145091
15204,48ea05c4757616b5d14028a79acc8a59,MSAG5200-ISLND-PHG-NODE500241
15205,03d189e698bac53767b82645f582d574,C300MKI-NODE10668164
15206,c772fd372b052da9dbb10610a873e79a,C300MNW-MEE-NODE18887751
15208,1f8ad77570cd9d881c0fe658b422987d,C300MNW-MEE-NODE18887751
15209,f574aa68959bde89d7234c26460536cf,C300MNW-MEE-NODE18887751
15212,585db767189801fc71b03537fc004968,MSAG5200BG-NODE431391
15215,bdb5543c69267fdd68245aef023064a0,MSAG5200-ISLBZ-NODE435881
15216,da7079682cce6fe25a7b4227673e26a8,MSAG5200-ISLMV-GDM-NODE482491
15219,42ef31070c3f3b03aea3676aba7cb740,MSAG5200-ISLMV-GDM-NODE482491
15221,799e690a38130136a8ad62793d574ed7,MSAG5200-ISLPC-AGT-NODE480031
15222,df755a691e4a64dacdfd1b1714bf0f0a,UA5000(IPMB)SL-NODE385341
15228,67035a246ce8292907707f942982db58,UA5000(IPMB)SL-NODE385341
15229,e2baec24fa26492a9c74702b52de7d74,ZXDSL9806H-ISLAG-PNP-NODE529761
15233,0f0dc20d9945732a5678466107b5e854,MSAG5200-ISLMT-AVR-NODE467161
15236,c8afd3fe1d9ed8963986cc97a774e361,MSAG5200-ISLMT-AVR-NODE467161
15238,d2c95d37fde65a7121d10d89b29b7d00,MSAG5200HPG-NODE432141
15241,e4a9061620f636d62df99bc90176fe83,C300MNW-MEE-NODE18887751
15242,f0b1e8f30e1b8d1b58eadf1ea3a217e4,MSAG5200BG-NODE431391
15243,c60c4245240a6e2dc8bd5dcd0d4cb0f0,MSAG5200-ISLMV-GDM-NODE482491
15244,11fb26bf19f1c36e6dfc67e74fd44ab1,C300MNW-MEE-NODE18887751
15245,8166c2b12c315b5c901fe83157afa24c,C300MIDH-IDJ-NODE11065541
15249,f5d72aa49e4004f7888c82c55fa69a9c,MSAG5200PK-NODE438641
15250,1ddfe1fd90788f094950858964a7630f,MSAG5200-ISLMT-AVR-NODE467161
15252,6bbb61b011fce57d9e8b6b4eaf8eb319,UA5000(IPMB)SL-NODE385341
15255,027e6eb407d981fd043cbc08c3cdee8d,UA5000(IPMB)SL-NODE385341
15256,731dbbd95da90daddebac0c9907b1f81,MSAG5200-ISLMV-GDM-NODE482491
15257,9fcbc6a640547b0d00ea8082ba0461d5,MSAG5200PH-AKG-NODE431631
15258,fcbc96369870b3e4986378c12dadd373,MSAG5200-ISLWY-MDB-NODE506221
15262,f2dcd581f49d39c0bf83e3548c422a72,MSAG5200-ISLMT-AVR-NODE467161
15264,fd8f915fb9e178a110b7b179aac85b08,MSAG5200HPG-NODE432141
15270,f7e062a0744b7d2c6f69293db2985e7e,MSAG5200-ISLMH-POL-NODE491451
15274,71e28ccd862b4b6ef196136453526e9c,MSAG5200PH-AKG-NODE431631
15302,d75169da4dd8e495f07eb6aed32b2751,MSAG5200-ISLMT-AVR-NODE467161
15303,a7b9570940e7f1813d33965b2c846602,C300MNW-MEE-NODE18887751
15306,14d0a3492777d9025ac87195215580ed,MSAG5200PK-NODE438641
15312,c71cf6b3cac789eee59af3f7f2b24e2f,MSAG5200HPG-NODE432141
15316,1e4c13e737c18ae2f2e8b039da828bd8,MSAG5200-ISLIDH-KGW-NODE6194491
15328,5ec300b03ec3262bc2dba07590552e1e,MSAG5200-ISLIDH-KGW-NODE6194491
15340,b98eac4370564f00818f9039f77fc88b,MSAG5200-ISLND-PHG-NODE500241
15342,7f663d5c709384264f01801dc9f6676f,C300MNW-MEE-NODE18887751
15344,b1b70f7a96be9c5e095ecdb3416edd1c,MSAG5200BG-NODE431391
15346,45f685f7886e61e42638a5fc59b23fbe,MSAG5200-ISLHO-NODE524692
15348,6139855bbd04ba2e93ab982e29b1a324,MSAG5200-ISLMH-POL-NODE491451
15354,157d80966d29d5f94629843c64622c1b,MSAG5200-ISLBZ-NODE435881
15355,3e7e191b7d879038577c1b323b858e99,C300MKI-NODE10668164
15361,b4ebf69d102a8eab6a6c7004a3d22d2f,C300MKI-NODE10668164
15362,96134b30581f013524683929e872ef63,MSAG5200BG-NODE431391
15369,6d190613bf57207017bf297c50846406,MSAG5200-ISLSI-DWS-NODE520721
15372,63396a7fa8bbb7c5ecdad57676beb088,MSAG5200-ISLIDH-KGW-NODE6194491
15379,ac061612ac2e40f04548cf574bac25c7,MSAG5200-ISLPC-AGT-NODE480031
15380,d00435326f5da4f573894be8351232a3,MSAG5200-ISLVA-NKM-NODE481961
15382,86a8fd48b378f5e46bd5dfbd4da87be7,MSAG5200BG-NODE431391
15383,27f1f54e3518d36eaebe736ee2169a37,MSAG5200BG-NODE431391
15389,a2dbd7e33a20ac4d849c5de5050ed924,MSAG5200-ISLMLT-VMD-NODE4145091
15392,e3a583ce0de72e72774c02310dc0fe32,MSAG5200-ISLMV-GDM-NODE482491
15393,ef0cc98b45622e17b372e1a49692fc57,C300MNW-MEE-NODE18887751
15400,14aea01b3c966ebbac043c50ce14f65d,MSAG5200-ISLWI-NWT-NODE485201
15405,ef9a2342286438b8ac71f044c8c1cc7d,MSAG5200-ISLMT-AVR-NODE467161
15409,bce831090f88a956c436f9467d8bfbe1,MSAG5200-ISLMV-GDM-NODE482491
15413,97ad57600afb0d81b774d3799f2905ac,UA5000(IPMB)SL-NODE385341
15418,f5dc611f4318e1ddb46e970ed0a2602d,MSAG5200BG-NODE431391
15419,6923283435fabd547f60ebe2e109a3e1,C300MIDH-IDJ-NODE11065541
15420,263dd74bb2cc245b69f23fab7a9a55f9,C300MKI-NODE10668164
15422,dff5a725f641f3997197d1fff17e45e2,MSAG5200-ISLMT-AVR-NODE467161
15423,e7aecd480cfc00cfaca8b62d86c0637f,MSAG5200-ISLMH-POL-NODE491451
15424,8d330c563ec117399b853b44eb7a259e,MSAG5200-ISLND-PHG-NODE500241
15430,aedd4cde5013cc4a5c490aa713fd1698,MSAG5200-ISLVA-NKM-NODE481961
15433,f36049a029726b88e7ccc0ac53cd966c,MSAG5200-ISLPC-AGT-NODE480031
15434,013a894927cf011c702e75a9b9336f95,MSAG5200-ISLMH-POL-NODE491451
15435,5542bff3697ffc9226ca7a34d372c898,MSAG5200-ISLVA-NKM-NODE481961
15443,e8bb6dda7af7408c776a5e35547fad4f,MSAG5200BG-NODE431391
15445,5ba41ed88e5231963207938067692d18,C300MKI-NODE10668164
15448,8b8d51329ae8da0ad00a8a9d8ef6ed2e,MSAG5200-ISLWM-NODE432881
15451,b98174a38189fbcfdaa927348887f750,MSAG5200-ISLPC-AGT-NODE480031
15452,27a177845a558d6fdd460646bf079bcb,UA5000(IPMB)SL-NODE385341
15453,0e7d786a4c50702484cf004a0d1b68a2,MSAG5200-ISLWKN-SWP-NODE473481
15456,b7295cf50bfd8dcbe026faf0b2bfe7d9,MSAG5200-ISLGE-NODE5577981
15463,baf1409e8239991437cf874a0c6d0297,MSAG5200-ISLVA-NKM-NODE481961
15464,afde3cafabf079e6ec5dcbb2e36af075,UA5000(IPMB)SL-NODE385341
15481,e7fc93e22e2ca2b51a77962d6d745e7c,C300MIDH-IDJ-NODE11065541
15482,f98bd7d6c96317fc2656bc43441df8bb,UA5000(IPMB)IM-NODE391531
15483,7462ebfbe1d8bb190a00384205ddc55a,MSAG5200-ISLMV-GDM-NODE482491
15484,defab5b5f46fd3c1696aeadc0d3e57a5,MSAG5200-ISLND-PHG-NODE500241
15485,5b6165309249835cf1db1787eb454302,MSAG5200PH-AKG-NODE431631
15486,c3fd03839e2e386ae4e81fb32722cf9a,MSAG5200PH-AKG-NODE431631
15488,6853f9450629d2c5dee027d1bde1c075,MSAG5200-ISLHZ-BRL-NODE471911
15493,4d655366d48ac593216938313cd66590,MSAG5200-ISLMH-POL-NODE491451
15494,728d67fc4c1187361a674b41b92e0602,MSAG5200-ISLMT-AVR-NODE467161
15496,6de165518de641dbd2036b88f62084c5,MSAG5200-ISLPC-AGT-NODE480031
15497,54cdd018710720b44bac5fcb6a3abb61,MSAG5200-ISLPC-AGT-NODE480031
15498,89ac6b08984cdf82d6b9ff8e299670fb,MSAG5200PH-AKG-NODE431631
15500,d9a1ca363083672d7ba6409f37357d69,MSAG5200PH-AKG-NODE431631
15502,fd4d35bafb701dad8d3418e8c56d548b,MSAG5200-ISLMH-POL-NODE491451
15505,e990bcd640ff75d1d1012d5799019a69,MSAG5200-ISLMT-AVR-NODE467161
15506,daab8a6bb015df2cfe1636870fa230d5,MSAG5200-ISLMT-AVR-NODE467161
15508,6b0e86d6b587585ff740cd64322e0ccc,MSAG5200PH-AKG-NODE431631
15512,9fea5fdcc8c91561472ac1f3b1a12ed2,MSAG5200PH-AKG-NODE431631
15513,b64b305b2be2ed6a9d581f7fbe2c973b,MSAG5200-ISLMT-AVR-NODE467161
15515,f1b2f16d9bd904c167651e102079b12d,MSAG5200PH-AKG-NODE431631
15516,aa0431d0e68d8f2887e7510b9b3375da,UA5000(IPMB)SL-NODE385341
15518,477a247fbb52aeabc7f2c799811d9bc2,MSAG5200-ISLMLT-VMD-NODE4145091
15519,5be8e1d39f6ab638d17b91c96d96b1cb,MSAG5200-ISLMT-AVR-NODE467161
15526,76346dc12d94874da111a5a651b4520d,UA5000(IPMB)SL-NODE385341
15532,f32ecafff1728da6f472a4af92c65907,C300MNW-MEE-NODE18887751
15535,e5acdceb8e65a368cc8096a9af807dcf,MSAG5200-ISLMLT-VMD-NODE4145091
15540,c24e4b0d59f30769697a54947a34cf54,UA5000(IPMB)SL-NODE385341
15541,49fd02fe57ba3852a8ae4fe55a5237f4,UA5000(IPMB)SL-NODE385341
15542,b4b5710158b575b052b5e22334217ce0,MSAG5200-ISLND-PHG-NODE500241
15544,084f71839bc9517b76f39a8c06d99906,MSAG5200BG-NODE431391
15547,c11f1d009d6877d4e656e65d843d06dd,UA5000(IPMB)SL-NODE385341
15550,75fc93346975a071b34fca3f08c61373,MSAG5200-ISLBZ-NODE435881
15551,c0f517bcbfec9572e8c59cf53d7c1cc1,MSAG5200-ISLMLT-VMD-NODE4145091
15557,4b9f44b788579235a9c8b78f7ed9cdfb,C300MNW-MEE-NODE18887751
15558,4bc7f1a7c751b3c12ae83d900bfffd20,MSAG5200PH-AKG-NODE431631
15559,7e3969e2fb0fa148d817d3569b3eab3f,MSAG5200BG-NODE431391
15561,12c427279dd3a777ee2c56fa37f68d62,C300MIDH-IDJ-NODE11065541
15562,b8471e473c10b61c5b941bd8e0da6ec7,ZXDSL9806H-ISLKL-PRC-NODE482361
15567,4c55dc6404bf88b8b00a36aa467ab4e6,MSAG5200-ISLMH-POL-NODE491451
15576,a08fd8d164ce7c027470da09796c8ff6,MSAG5200-ISLMT-AVR-NODE467161
15578,80787c2cfa1b326ce15910b3daf38966,C300MIDH-IDJ-NODE11065541
15579,26a87af2622ab681238a991a2c8ac33c,C300MKI-NODE10668164
15583,ecaa78e6e6ec335b8228c063cffbfe66,MSAG5200-ISLMV-GDM-NODE482491
15590,ef88531452885dc6bb80b49c78648e65,UA5000(IPMB)SL-NODE385341
15602,5f5632ee14b6141464a18d5a1082da77,UA5000(IPMB)SL-NODE385341
15616,1a67bea22bd4ad301694e0eaf7706ce8,MSAG5200-ISLMT-AVR-NODE467161
15617,5cc7f9fce7fe76db2715fa11feabda3a,MSAG5200-ISLMV-GDM-NODE482491
15620,587d95dea1b1c29d911a6a6b34558f00,MSAG5200-ISLBZ-NODE435881
15621,fb74ed10935082136fe673b4609888af,MSAG5200-ISLIDH-KGW-NODE6194491
15622,4cf60a0b7b212669cf42523d6dcd92bb,MSAG5200BG-NODE431391
15624,7da311353fe3bbf24095c7d830993f3c,MSAG5200-ISLMV-GDM-NODE482491
15627,fb3d5daa49376156a755d0bcb62f85d3,MSAG5200HPG-NODE432141
15628,f3bc926ce950efffdea8bd5287e141ce,MSAG5200PH-AKG-NODE431631
15629,e8becdad5963558d99bcf47351255c88,MSAG5200-ISLMH-POL-NODE491451
15632,ef76a1a5dcbbaa0b93c2ad4a796a2965,MSAG5200-ISLMT-AVR-NODE467161
15636,71abb2e3fb7424a48b20bb7a0809f5ea,MSAG5200PH-AKG-NODE431631
15645,03202488d4fb7ca83e0b49378f1ffaca,MSAG5200-ISLIDH-KGW-NODE6194491
15646,ab7bed90e99d403fa136087be5c347da,MSAG5200-ISLPC-AGT-NODE480031
15648,fcfae4ea0dc12d7a82da4c968df820e7,MSAG5200BG-NODE431391
15649,bcfa823a7527400c28cc92ccbb801601,MSAG5200BG-NODE431391
15651,8844f94d0ef88fae23d272f86bd9f371,MSAG5200-ISLIDH-KGW-NODE6194491
15653,795dc953ddad1b89526c5090db88d837,UA5000(IPMB)SL-NODE385341
15654,473a4241169c80abe68f244cd0d9766f,UA5000(IPMB)SL-NODE385341
15656,93b748e58ed1c88d4df9939ee77c41f4,MSAG5200-ISLMT-AVR-NODE467161
15657,b35be8dc64bf972ce4b96292f16577b5,MSAG5200PH-AKG-NODE431631
15658,790806024f2f9c231ec98c6de29aca1b,MSAG5200PH-AKG-NODE431631
15659,a56749c8566f8c41d2c406e0ca8f5ec1,MSAG5200-ISLMT-AVR-NODE467161
15661,3915d7f877608ede0b0547eaf7d72914,MSAG5200-ISLMT-AVR-NODE467161
15662,43268939e4a85aceeeceea70004d5c5a,MSAG5200-ISLMV-GDM-NODE482491
15663,aa7796c5d0b6de94c120b7d3c9390b4b,MSAG5200-ISLMV-GDM-NODE482491
15666,668a0f467fc9658db0cb98866522a2e3,MSAG5200-ISLVA-NKM-NODE481961
15669,2c925278e2e4288abead3c465b5339bd,MSAG5200-ISLMH-POL-NODE491451
15671,41965d43cbc95576d6ea9f7ca0a4199a,MSAG5200-ISLMT-AVR-NODE467161
15672,2d5aecc7b729e0a06fe42fc60364a02f,MSAG5200-ISLMV-GDM-NODE482491
15674,c0564199fe79be15d6602cc47f265721,MSAG5200-ISLND-PHG-NODE500241
15679,5f3d6748040dfff6fdf405e67face60e,MSAG5200-ISLMLT-VMD-NODE4145091
15681,bd92972e862d39981a75aae534de510f,MSAG5200-ISLMV-GDM-NODE482491
15683,1718521668d90b7eaa9448ee3001fd91,MA5603TAD-SRV-NODE10224991
15694,93229432c5743e75d7b890af7768a8c8,MSAG5200-ISLHNT-NODE423851
15702,752c5f4b20888e71b88db692a093de25,MSAG5200-ISLMLT-VMD-NODE4145091
15707,c8469e8d2a5bb22261f536eb6c86a726,C300MNW-MEE-NODE18887751
15708,00d1f690ec4af27702febbd0db6942c2,UA5000(IPMB)SL-NODE385341
15709,da7b90e46c9e5d7a73a5b482040c113d,MSAG5200-ISLMV-GDM-NODE482491
15710,1893b439f094b5a4bdb7a99fddd3c7e1,MSAG5200PH-AKG-NODE431631
15711,8daa4b7338616e7dd95fc86ea4cf8f34,MSAG5200-ISLSI-DWS-NODE520721
15714,b0fd042e27571e69e4a87c8e44c04a8d,UA5000(IPMB)SL-NODE385341
15718,38db9866006c65e9ea6fe3c2cf6b6eee,MSAG5200-ISLPC-AGT-NODE480031
15719,a44cfeb19202a98ab39901425b385a53,MSAG5200PH-AKG-NODE431631
15724,cc2ffdda2d8c1ab46f9027791da9601f,MSAG5200-ISLMB-PSL-NODE482261
15726,51f0f126a4e32594b0d7629a565c96f9,MSAG5200-ISLMV-GDM-NODE482491
15727,5bd67e3d7bb2e515b844efd13b420ca4,MSAG5200-ISLND-PHG-NODE500241
15729,3ffc5ac5e23ebe2b2c8b92d6deb1c253,UA5000(IPMB)SL-NODE385341
15730,5f813fd7bb9d9f90f2db92929cb6ee77,MSAG5200-ISLIDH-KGW-NODE6194491
15732,78e4c6e8cba6ec186f19590897e00552,MSAG5200-ISLPC-AGT-NODE480031
15733,a48eb36d3fa53663b6ff26915cd50376,MSAG5200PH-AKG-NODE431631
15734,bd73133417d7d4f48df88c081e7f7f5c,MSAG5200-ISLSI-DWS-NODE520721
15740,facfe99fff1a63941380ad952a055621,MSAG5200-ISLMV-GDM-NODE482491
15741,b129729e1a1cfc31daab03b2c4b274bf,MSAG5200-ISLND-PHG-NODE500241
15743,ada577255883cfc2a596b87c05940bd2,MSAG5200-ISLVA-NKM-NODE481961
15744,8f307c1007edd2ff63c328a7ab62fec7,MSAG5200BG-NODE431391
15745,7242ed529b24d0406b193301c4739b54,C300MIDH-IDJ-NODE11065541
15746,b62f7629915d076417086247ab5d659e,C300MKI-NODE10668164
15748,454f05eba70b316c4558972d7d0500d8,MSAG5200-ISLND-PHG-NODE500241
15751,8e074467ef62a1ebb8b88a2eb7f6d0b4,MSAG5200BG-NODE431391
15752,b9d58e23f651b31ae4307679f0b6b15b,MSAG5200BG-NODE431391
15753,f42ca709abfd81f015e40ee5af3da6c9,MSAG5200-ISLIDH-KGW-NODE6194491
15755,34226bd8a7f209ef14fc06b694460733,MSAG5200-ISLMT-AVR-NODE467161
15757,6dd141907c7e6b6576f0b5a42e32ed2f,C300MPDT-NODE13379431
15758,a197b51cda9976cf80da4bb379027531,C300MKI-NODE10668164
15759,47fad547574187856ce7193860171b92,MSAG5200-ISLMH-POL-NODE491451
15760,31b61afc9151420ae301c7cfe62cddff,MSAG5200-ISLND-PHG-NODE500241
15766,6a2f3062d68de732f8b4b67c9251119d,MSAG5200-ISLHK-OCC-NODE506561
15768,2f58c73b6aa5767bdd20a4dec5eff856,MSAG5200-ISLND-PHG-NODE500241
15772,3b75413c2234782a000fe9944c60daab,MSAG5200-ISLMV-GDM-NODE482491
15778,bc7751f4b43e326e6d69a4f8e706574d,ZXDSL9806H-ISLKL-PRC-NODE482361
15780,c37cf933931493745fb6a78a5952b432,MSAG5200-ISLIDH-KGW-NODE6194491
15782,7d9d875f1a26e7017f03e434a5d484ac,MSAG5200-ISLMH-POL-NODE491451
15783,ee33ecaf980e92972f4380ac65f01c0e,C300MNW-MEE-NODE18887751
15784,21e6f3d4943257507b969cdf1a7338df,MSAG5200PH-AKG-NODE431631
15787,7d272823f519a1fa0d27d6f6dc1ffd28,MSAG5200-ISLMT-AVR-NODE467161
15788,e1584639161ed03ba5bb683e176af222,MSAG5200-ISLMV-GDM-NODE482491
15790,92ae17a4f2db240f44c1add400885c65,C300MNW-MEE-NODE18887751
15794,7fa71a5edd50c032abbed173ff29aadc,C300MHE-DMD-NODE15221561
15795,60b3f37fb2d50c5a26a92ba63be32615,MSAG5200PH-AKG-NODE431631
15799,0cff0b18c28ab6c37c132155b1b40dc2,MSAG5200-ISLMT-AVR-NODE467161
15800,d9bf78ee0c956c1dae8c782b93e4a77d,MSAG5200-ISLMV-GDM-NODE482491
15801,3137d3cc01358513b8b88c71485c7250,MSAG5200-ISLMV-GDM-NODE482491
15802,fe0bea5ee8cbf5765fb5d29e0423fdcc,MSAG5200-ISLTBT-TLJ-NODE487241
15803,8ce177a205e0f8f6e01d7c904e28dcbd,MSAG5200BG-NODE431391
15804,78337092cdd33782869dd1bccf5b094a,MSAG5200-ISLMV-GDM-NODE482491
15806,a64371f6efd754224f3c069b06306b21,MSAG5200PH-AKG-NODE431631
15807,3126b8f1aceb8837fbb8dacbc20274bc,UA5000(IPMB)SL-NODE385341
15808,fce0505da569528fe822f5c34f29c65c,MSAG5200-ISLVA-NKM-NODE481961
15809,ed2bbf95d9be136ccc0c4df60a4b3229,MSAG5200-ISLVA-NKM-NODE481961
15813,235cbed1e48fc9f24b4714801fd35849,MSAG5200-ISLHZ-BRL-NODE471911
15815,85812be38c659bde40b930639107ed65,MSAG5200PH-AKG-NODE431631
15816,7bbaa0da3bc7f2fb99ad0ed802d1223a,MSAG5200PH-AKG-NODE431631
15818,db7e4b8a8752e0a0af834f0e6eab8a0b,MSAG5200-ISLPC-AGT-NODE480031
15824,b3dbd8bca32582184ab6e442471b7843,MSAG5200-ISLBZ-NODE435881
15825,7f8afece1881d4405aee9dc06ca30411,MSAG5200-ISLIDH-KGW-NODE6194491
15828,55b8c84d9d350932ad726c975d33f84b,MSAG5200-ISLMLT-VMD-NODE4145091
15830,15d5e1896fc1afc13074efcd398edf8e,MSAG5200-ISLND-PHG-NODE500241
15831,c0db105e0600ef80c756c783210d1e39,MSAG5200PH-AKG-NODE431631
15833,3a6e8c896fdb51324a059db9b3f0276d,MSAG5200-ISLIDH-KGW-NODE6194491
15834,c4120c7935a5b363d2415e048879bec0,C300MIDH-IDJ-NODE11065541
15838,1477e27647fdf2b38743001f1bb68f0e,MSAG5200-ISLPC-AGT-NODE480031
15839,1434127732e0eeb6c0908e866686677a,UA5000(IPMB)SL-NODE385341
15841,0720ca296bbcf06064fb86ec563e848b,MSAG5200-ISLMV-GDM-NODE482491
15844,2155990c85d9a8f95a32328eb324e978,MSAG5200PH-AKG-NODE431631
15845,7b9db6e4cf0b3fd39e83c093172e0aca,MSAG5200-ISLWI-NWT-NODE485201
15846,b59307cbc7905fbcc3cd1f8fa02aeb4d,MSAG5200-ISLWY-MDB-NODE506221
15847,a141ec213c344cbfd1a4e85061d26a7a,MSAG5200BG-NODE431391
15848,c1f73b57eca12e75a982320192405a08,MSAG5200-ISLJA-PKV-NODE460421
15849,3989bbb538e5c814f203867e66800e30,MSAG5200-ISLMLT-VMD-NODE4145091
15851,1442247ba6d019cd40c065ee349934f9,MSAG5200-ISLMV-GDM-NODE482491
15852,30f3ce3b22175582f6881911c8b5c9ff,MSAG5200PH-AKG-NODE431631
15853,df45cb08896ef737a69e6ac25b755aac,C300MTP-NODE8700911
15854,93c846f0e45765e84474cc1659d38c1e,ZXDSL9806H-ISLAG-PNP-NODE529761
15855,d85fd0aaf0ff6d351c5527dbabeff056,MSAG5200-ISLHC-NAP-NODE478721
15858,b41885c8f85e602ecf6132451a77b735,MSAG5200PH-AKG-NODE431631
15861,12b06cf7bb085eb51bda3bcd2c6951c3,MSAG5200-ISLBZ-NODE435881
15862,19507c84b78e0c118add731dd590ec63,C300MIDH-IDJ-NODE11065541
15863,292a8a95917bb69e4b3e88f4559269b1,MSAG5200-ISLIDH-KGW-NODE6194491
15865,f29c2c99fc05be3426b1c85d5c87c574,MSAG5200PH-AKG-NODE431631
15866,3aa1c9192bc70faf8c22bcd35d7a55eb,UA5000(IPMB)SL-NODE385341
15867,430816a525002fb012100f9bf8e27f8d,MSAG5200-ISLMV-GDM-NODE482491
15871,c95a1e54be68e74f2402106da9236a51,C300MKI-NODE10668164
15872,2842225bd9b7e1f20d7320a274401735,MSAG5200-ISLMLT-VMD-NODE4145091
15873,93913b28811d8258e2d324d38e81e0ae,MSAG5200-ISLND-PHG-NODE500241
15875,040a46cf1c79e9719a4c8825d987862c,MSAG5200-ISLIDH-KGW-NODE6194491
15877,d2f7f43c7e647c1d175a285074985a83,MSAG5200-ISLMV-GDM-NODE482491
15880,95badd76405ecb14eb3b62c669c749a6,MSAG5200-ISLND-PHG-NODE500241
15881,3324db5f571a98a73c0e0289f9b700ff,MSAG5200PH-AKG-NODE431631
15883,f178ac0830fb75649bc435b1654d3909,MSAG5200-ISLMT-AVR-NODE467161
15884,22f91f68d787f423eb5d7f9eb7ee76f0,MSAG5200-ISLMV-GDM-NODE482491
15885,181a7b610b22c6267198e27a353eba86,MSAG5200-ISLMV-GDM-NODE482491
15886,8090b28820e2e2e784656a5f9ddbb90b,MSAG5200-ISLND-PHG-NODE500241
15888,708efac888e4882c250788135a69ac32,MSAG5200-ISLPC-AGT-NODE480031
15891,9cb9368b663ae7da01c538ffcc42fc7c,MSAG5200-ISLWM-NODE432881
15894,8c49059537fccbcde5d25d91abe76498,MSAG5200BG-NODE431391
15895,6ac24d57e429f3a4499ad618729f465e,MSAG5200-ISLIDH-KGW-NODE6194491
15903,029c7817843470cd12b4b673d95ef6e3,MSAG5200PH-AKG-NODE431631
15908,7d32062e46268a67e998c2b730e5482d,MSAG5200-ISLMH-POL-NODE491451
15909,7030e30e6f4161e27a1965ec12d9ce6f,MSAG5200-ISLMLT-VMD-NODE4145091
15910,f45d5acab4fbe3766c9c3eda07cf9c61,C300MNW-MEE-NODE18887751
15911,9715dad5a843931171e0032d41e1f85f,MSAG5200PH-AKG-NODE431631
15912,d23ef5d5bffe32931de4f323b6e0ff2b,MSAG5200PH-AKG-NODE431631
15913,92e3e5988b3e7649a8e1d4b102e357f5,MSAG5200BG-NODE431391
15914,68aa2d9aaa0ecd70eb67a6fae3289b35,MSAG5200BG-NODE431391
15915,1b266fbf846f3eb53f6f0c1f2813bc0a,MSAG5200-ISLBZ-NODE435881
15917,517b461d5b8e09f1c3547218cc2e4947,MSAG5200-ISLIDH-KGW-NODE6194491
15918,01acfb3e4e446a8d612c584398d56859,UA5000(IPMB)IM-NODE391531
15919,35f2c3752b662cc9a63b636b50175836,ZXDSL9806H-ISLKL-PRC-NODE482361
15920,42e4f6fa89f25f7652bedec1cd0423ef,MSAG5200-ISLMB-PSL-NODE482261
15921,9be52890e702043328984a4147c54940,MSAG5200-ISLMT-AVR-NODE467161
15925,c65ea87b700d2801e7adcfaea90cc228,MSAG5200-ISLNL-HGW-NODE491281
15926,7c22f52fac1ebe6fa2a0e333217ca846,MSAG5200-ISLHZ-BRL-NODE471911
15927,52380877b36538ec9c9a44084bea19e5,MSAG5200-ISLMLT-VMD-NODE4145091
15928,f86b51d7629b5c38e1bec2d11369f815,MSAG5200-ISLMT-AVR-NODE467161
15931,e6ff231ee838aaa91ec47ad4d5286ddc,MSAG5200-ISLNL-HGW-NODE491281
15932,d4befb695964293521c48a8335a3ab9a,MSAG5200PH-AKG-NODE431631
15934,b1aafe99cabaf4d732ef50de71788b51,UA5000(IPMB)SL-NODE385341
15935,0f7c0733b6955c6248bf23a8c46ad04f,MSAG5200BG-NODE431391
15936,a4e02a54b585f4dc02455cbd86ca5d8a,MSAG5200HPG-NODE432141
15937,b1274d2a249196e0a9075d76fb5f0eae,MSAG5200-ISLMV-GDM-NODE482491
15938,220c50ec725dfd1f0e38d453cf58f1ff,MSAG5200-ISLMV-GDM-NODE482491
15939,414980fcf4522efb3899ec3668541233,MSAG5200-ISLND-PHG-NODE500241
15943,4835e6589b5fe50d1383abe43a9ea6c8,MSAG5200-ISLJA-PKV-NODE460421
15944,20b9b29cd2daae70207fef8b84e37f08,MSAG5200-ISLMLT-VMD-NODE4145091
15945,1f80a03fe5278e6d8be72f15fe755a51,MSAG5200-ISLMT-AVR-NODE467161
15946,bad1bd16d7b7a40cff788b420ccd3bce,MSAG5200-ISLND-PHG-NODE500241
15947,75c263fc53a1d708be91e800f2395bfb,MSAG5200PH-AKG-NODE431631
15948,8ff87453185d67c93ede40f028bf8927,ZXDSL9806H-ISLKE-NRP-NODE495731
15949,cfb904695231ed81368372effa13ae90,MSAG5200-ISLMLT-VMD-NODE4145091
15950,8cc2085e88a28c00e6b32b699ad7363e,MSAG5200-ISLND-PHG-NODE500241
15954,7ed914416e874855237ffa62578cecc5,MSAG5200-ISLVA-NKM-NODE481961
15956,33c2f3d44f7c73b9987a4af7c8393648,MSAG5200-ISLMLT-VMD-NODE4145091
15962,4769f75b300a1dabc37dc4f7d8bd93d9,MSAG5200-ISLND-PHG-NODE500241
15963,cffa0eb141f739c2bda5d3b6489a4e9f,MSAG5200PH-AKG-NODE431631
15964,672440718a32b776e2f8f0a712f8390e,MSAG5200-ISLWKN-SWP-NODE473481
15965,885b5abbe6f599379f6eb417371cc518,MSAG5200-ISLWY-MDB-NODE506221
15968,e0c7f86d4b1616206df73d3a3b90f00d,MSAG5200-ISLMT-AVR-NODE467161
15972,9822e3e6e8f83b83e3ca15a4d61987fe,MSAG5200-ISLVA-NKM-NODE481961
15974,147a192bc16f1b452c2401d4ba2e0751,MSAG5200HPG-NODE432141
15975,9bbca89ba1eae06929aaae3cf7af68a4,MSAG5200-ISLMT-AVR-NODE467161
15976,9ac145da05b5076fd87337c967e427b5,MSAG5200-ISLMT-AVR-NODE467161
15979,fc77db5a9efeccfaace51889f68e3f22,MSAG5200-ISLMT-AVR-NODE467161
15981,084c095166a65cb4b96bb72ecc802dd0,MSAG5200-ISLSI-DWS-NODE520721
15982,70421d64d852df80b75dc946526884d0,MSAG5200-ISLPC-AGT-NODE480031
15986,301a321f8f09dc78170d30860d793bb8,MSAG5200-ISLND-PHG-NODE500241
15988,133189b4fa62edf1a91c5be4cd36584d,MSAG5200BG-NODE431391
15990,0217107a96feeb21fe9977c1ffc5d9c9,MSAG5200-ISLMX-NODE5391821
15991,74be2b4ce14a73f5a9e438dc21ef75e9,MSAG5200-ISLND-PHG-NODE500241
15992,a3dacc4949438c8bb24553b41d0511e0,UA5000(IPMB)SL-NODE385341
15993,b4ea13bfc04e89200ba503bc31c8c9aa,C300MKI-NODE10668164
15995,43ff0446fc119e26a3d70761cd10c671,MSAG5200-ISLMT-AVR-NODE467161
16000,e5ae49a25cebd041596b419d42e4cc7b,MSAG5200-ISLMH-POL-NODE491451
16001,4cbbe63acdcb39bf0ca0efb0a4988e0c,MSAG5200-ISLMV-GDM-NODE482491
16004,6b72714388f7b1fc621a48cc604abf9f,UA5000(IPMB)SL-NODE385341
16005,a7fc434b1478396f94a32062fad184e1,MSAG5200PH-AKG-NODE431631
16008,255a45affe1a969df0d637048be256ed,MSAG5200-ISLMV-GDM-NODE482491
16009,8f97370cd3c5f2043ca72a7c1ffcb636,MSAG5200PH-AKG-NODE431631
16010,bd0f0a0ccd61759cbfe546111f954ad4,MSAG5200PH-AKG-NODE431631
16012,075db088e8a1c7d7aadc80274e509fc3,MSAG5200-ISLMLT-VMD-NODE4145091
16013,74d3a2274ad5520eaead0becb0140ec8,MSAG5200-ISLMV-GDM-NODE482491
16014,2e6063d9b6214dfa907890a17afbd354,MSAG5200-ISLND-PHG-NODE500241
16015,61951c50f24fae789131f6653b3cbd7a,MSAG5200-ISLWM-NODE432881
16016,6beae9ba9b58e8e5651ca28e80562499,C300MHE-DMD-NODE15221561
16017,00cc5a820586ce291c0fa4c2a99a4816,MSAG5200BG-NODE431391
16018,1e5f7556315eefe1f3ef0429cafd516e,MSAG5200BG-NODE431391
16021,ac6fa523b7aa6260dcd870644f1dea4b,MSAG5200-ISLPK-PNU-NODE6136021
16022,9d1cc7e6cadd224f9cc61177d3dccf70,UA5000(IPMB)SL-NODE385341
16023,b5481e0c068eca60cd74e4bfdd3973ee,UA5000(IPMB)SL-NODE385341
16024,bc416a33c1975ab9ff91da82f08b1a72,MSAG5200BG-NODE431391
16025,de2c9469364a90594e9d70a208ee2304,MSAG5200-ISLMH-POL-NODE491451
16026,1b355845bc81803b7fc2f0cbaa94f014,MSAG5200-ISLMLT-VMD-NODE4145091
16027,15d803445034665269663f7d2312b523,MSAG5200-ISLMH-POL-NODE491451
16028,f2c170dd2db8b856796fd501b00c7d5b,MSAG5200-ISLWI-NWT-NODE485201
16029,1669ff89d30a1302cf4ddf294cb239bb,MSAG5200BG-NODE431391
16031,0830b0d26125501e1b26bc07edaa816f,MSAG5200-ISLMV-GDM-NODE482491
16032,f4c0ed152c54210b5b418684a87e9ac9,MSAG5200-ISLND-PHG-NODE500241
16033,4a4e1cf8410377b001ef52d324d696ee,UA5000(IPMB)SL-NODE385341
16036,154aa58fd560d93f6435caeaf7ba4db5,MSAG5200PH-AKG-NODE431631
16037,dc04814da82eb1fc89aff2abb44f6775,MSAG5200-ISLPK-PNU-NODE6136021
16039,ede1448200e175674b6979edac0c48e8,MSAG5200BG-NODE431391
16042,327a8af3a5c4a4301633f83a09d51db8,MSAG5200-ISLPRN-NODE427901
16044,ed5619c4fcbfea17d6be196b62928e04,MSAG5200BG-NODE431391
16046,552c7d72e3cd7b3c1e7d663d98e99ad7,MSAG5200-ISLBZ-NODE435881
16047,43789fc3039794b4f25ca5f027d6f8e2,MSAG5200-ISLBZ-NODE435881
16048,2b99f381c073fd92cb682f82abc2b45a,MSAG5200-ISLMT-AVR-NODE467161
16049,2125d0465254419b4141d16ba493a7a1,MSAG5200-ISLMV-GDM-NODE482491
16050,75c8051746e422e751a45970859576a3,MSAG5200-ISLND-PHG-NODE500241
16052,35cb5e55e2024324f3dfa852b72af597,MSAG5200PH-AKG-NODE431631
16053,f6243fd03ddf81b0d85d18bce05f10d0,ZXDSL9806H-ISLKE-NRP-NODE495731
16055,db6e9e05efff7248f16735d900165c47,MSAG5200PK-NODE438641
16059,ded9f9d1107d0f442ad8a8acf626cba2,MSAG5200-ISLMLT-VMD-NODE4145091
16063,f1e6ea1c5ce03ece5269055d6a405d50,MSAG5200-ISLND-PHG-NODE500241
16064,f892f632cf5e8344b4a0a62c39ccb7a2,C300MNW-MEE-NODE18887751
16065,f0e33f2fbf55e1989637f312de303b1a,MSAG5200PH-AKG-NODE431631
16067,fda179f74ebd420110e55ec547c039b7,UA5000(IPMB)SL-NODE385341
16069,834dad7367736c3ad194b0fcecb9fdfa,MSAG5200-ISLWI-NWT-NODE485201
16070,592df8aab159b0d787e2da818df058b2,MSAG5200BG-NODE431391
16071,3b243a0b7e610b79712a8fb19eb6f555,MSAG5200BG-NODE431391
16072,13ec2e031db3e5b096eb04255f1019b2,MSAG5200-ISLBZ-NODE435881
16073,6f842d21b455923e081bfb8af4f68062,MSAG5200-ISLMH-POL-NODE491451
16074,f248ec52f83f060f5b3177510ab270b7,MSAG5200-ISLMLT-VMD-NODE4145091
16075,1240eb65a2228121464d9322aa810125,MSAG5200-ISLMT-AVR-NODE467161
16076,ab5accfa02ee637f753e7d4698c37cd2,MSAG5200-ISLMV-GDM-NODE482491
16080,f74ff9da7fda5da9d873f94cbd042024,MSAG5200-ISLJA-PKV-NODE460421
16081,2802a98a2cbdda9f63b54d244d409046,MSAG5200-ISLMT-AVR-NODE467161
16084,45a07ab773becf8897481be3f13d47eb,MSAG5200-ISLMT-AVR-NODE467161
16087,46dc42814032143f31fdc05d02bd199f,MSAG5200-ISLMT-AVR-NODE467161
16090,6aba770c6735588dd7bb3b3fbfff53ae,MSAG5200PH-AKG-NODE431631
16091,522cf2979be10410f822438aa312bc58,MSAG5200-ISLPRN-NODE427901
16094,1e263af601a0dee17d33b4845c98bd79,MSAG5200-ISLMV-GDM-NODE482491
16095,f32dc82bfac05e7009173e50631e35d1,MSAG5200-ISLMV-GDM-NODE482491
16096,132576053423f9f8bd9aeacfd4436930,MSAG5200PH-AKG-NODE431631
16098,569ab7e43caa3fb5a95985090308da45,UA5000(IPMB)SL-NODE385341
16099,3a6b8206d17eeb616b3af2ed0cd23f78,MSAG5200-ISLVA-NKM-NODE481961
16100,1d23b898c532030508a5938ec061f708,MSAG5200-ISLPRN-NODE427901
16102,e6f4f41f336221431ac2a8e296c87777,ZXDSL9806H-ISLKL-PRC-NODE482361
16103,ae355ea5b406cce09114e4ca8eb11c51,MSAG5200-ISLMT-AVR-NODE467161
16108,80ee12d1dbe4af2c222a775e257b000d,MSAG5200-ISLWY-MDB-NODE506221
16111,0f0bd14483fbde9f298973537d293de9,MSAG5200-ISLMLT-VMD-NODE4145091
16114,b2b186c003d6078e51cf655b4c13ff11,MSAG5200PH-AKG-NODE431631
16116,8bb94a40c1ff97ca8d2cbbdd7b72302d,MSAG5200-ISLVA-NKM-NODE481961
16122,a9ec4ab6afe0a3545f839f9ea858b7a2,C300MNW-MEE-NODE18887751
16124,a6042a555bd4efe2c60b3bbe1595ecce,C300MNW-MEE-NODE18887751
16126,7b5d79f69f1ce62ce6232b63560e369f,MSAG5200PH-AKG-NODE431631
16127,00567a4a3c474aca1ce5cd6570648932,MSAG5200-ISLIDH-KGW-NODE6194491
16128,bf970282eba794f1fd3b59a5e281b1f6,MSAG5200-ISLMT-AVR-NODE467161
16129,ec6b3ab26512e2785f0783d2092b45a7,MSAG5200-ISLMT-AVR-NODE467161
16130,0ce8f1bceb8c11433badd5a6047e224a,MSAG5200-ISLND-PHG-NODE500241
16132,81cdc716998cf7a22c87600415056adf,MSAG5200-ISLPC-AGT-NODE480031
16133,bb4c246f3892044c46cd645a72b22684,MSAG5200-ISLWKN-SWP-NODE473481
16143,be6c6dccea1c3f108429796aff1796c0,MSAG5200-ISLBZ-NODE435881
16145,011adeeaef79aeac706a2e7fc225e8f8,MSAG5200-ISLIDH-KGW-NODE6194491
16146,7e093fa7309a36dfda63cc1dcdcdda6e,MSAG5200-ISLPC-AGT-NODE480031
16148,477fd1f06505d76a90ad2d64fec325ab,C300MNW-MEE-NODE18887751
16149,419ee5f43d93488875f130b7aab94a12,MSAG5200-ISLSI-DWS-NODE520721
16150,f63dcf7879e8b5a0a466d752f21fb98d,MSAG5200-ISLPC-AGT-NODE480031
16151,bc975cde416942a4caade1f1bd3ecaec,MSAG5200-ISLBZ-NODE435881
16152,057ba07c85b6597b1394da8c15b98008,MSAG5200-ISLPC-AGT-NODE480031
16153,6ae9d45f81204b111268a83e532c066b,MSAG5200-ISLBZ-NODE435881
16154,eda0d1de7459a831b7f35d6f53b42977,UA5000(IPMB)SL-NODE385341
16155,52f1551b7a98fcb8c25e3d638dc826ab,MSAG5200BG-NODE431391
16156,656eb0d5e79d17dfdfb7ba9b264514ed,MSAG5200BG-NODE431391
16157,20185ad8377173060c67ad5edf8b3e8c,MSAG5200BG-NODE431391
16160,0114c953f918a091d5b1456b610ae529,MSAG5200-ISLJA-PKV-NODE460421
16162,c5dadc8e3628712df27b054421a0fe14,MSAG5200-ISLMV-GDM-NODE482491
16166,7c42adbaf02b9c3175b620d3978a0e5b,MSAG5200-ISLND-PHG-NODE500241
16167,0201ee9b60de662cdd16c885f178feea,MSAG5200PH-AKG-NODE431631
16168,0ad1096ea64a642b250ce05469b7149a,UA5000(IPMB)SL-NODE385341
16169,ee59a99cf6a3475850126532d9392211,MSAG5200-ISLWY-MDB-NODE506221
16170,b7820ff61b854c0ccbdb00c2f5356c0e,MSAG5200-ISLBZ-NODE435881
16171,da910d15d0505e1a23fc00f75c186553,MSAG5200-ISLBZ-NODE435881
16173,5fa1400e215edfa1f523ab319e37e8d6,MSAG5200-ISLMT-AVR-NODE467161
16174,e00811304620ccea1f2d33e2e4c9a335,MSAG5200-ISLMV-GDM-NODE482491
16175,9783b9540f03ee6888e457eda205b719,MSAG5200-ISLMV-GDM-NODE482491
16178,84e70b1a81e88086f2e2731d37bf38e7,MSAG5200BG-NODE431391
16179,a3da4c6378b50abde8ccb0c19e7a6f8e,MSAG5200-ISLJA-PKV-NODE460421
16180,7291c06afc26e2346c6fabb9818c725d,MSAG5200-ISLMT-AVR-NODE467161
16181,faa3cefc365c7a0d333de505956762ef,MSAG5200-ISLMT-AVR-NODE467161
16182,decaa44fdc041c063345d60aac187aa4,MSAG5200-ISLMV-GDM-NODE482491
16183,678945a5c40a13537fc7120ab1733f44,C300MNW-MEE-NODE18887751
16184,96228067d825bda2a27241e2ecd96e38,MSAG5200PH-AKG-NODE431631
16188,54c4bae4450dada905c5ac4c87fa9a40,MSAG5200-ISLIDH-KGW-NODE6194491
16189,8b384ad5e4abdf30a64d322b0be1ec45,C300MKI-NODE10668164
16190,b4444e75e35fbacf189571f4b8bf71e0,MSAG5200PH-AKG-NODE431631
16191,541e5b7703d63ab0ea761b9016b7a572,MSAG5200-ISLBZ-NODE435881
16192,4704e4b0545adadde4c4132c9c0566e8,MSAG5200-ISLGE-NODE5577981
16193,9e817a2fac6c816845ce4e1ae0989842,MSAG5200-ISLMH-POL-NODE491451
16194,53861460b35268b87b7161aec487dfc6,MSAG5200-ISLMV-GDM-NODE482491
16195,709a16609909fee6377b3940451bff12,C300MNW-MEE-NODE18887751
16198,5b36830364aac0e222251e82733bc585,MSAG5200-ISLPC-AGT-NODE480031
16202,f0f4e8f1d3f35d7b0ff9247648e38184,MSAG5200-ISLMT-AVR-NODE467161
16203,97d28cb860ba3a79145b6b1a277e8ac5,MSAG5200-ISLMT-AVR-NODE467161
16205,358aede375ab057032386825f910baa2,MSAG5200-ISLMV-GDM-NODE482491
16206,80321cbd892e01d2664079a5d7528fa3,MSAG5200-ISLSI-DWS-NODE520721
16207,3c65e648238ddaf0d9a8b831c831fa6c,UA5000(IPMB)SL-NODE385341
16208,87788b9ce2673fac076c96b8a637475e,MSAG5200BG-NODE431391
16209,b6ac3468b72baad19ec2ac0ebdbaa52f,MSAG5200-ISLHC-NAP-NODE478721
16212,d6aa1beb4731c60920a88171b5b09a35,MSAG5200-ISLMT-AVR-NODE467161
16213,7fa1e4d106057ddb6389fa7cda347bff,MSAG5200-ISLMT-AVR-NODE467161
16214,edfd3e0eb696b7a8d31c05f968c6fbcf,MSAG5200-ISLND-PHG-NODE500241
16215,b22d61cc588f900c7a81d81ec4fe313b,MSAG5200-ISLPC-AGT-NODE480031
16216,f2b12c93a91b8ad8e6f63581b348f8d4,MSAG5200PH-AKG-NODE431631
16217,78441e684f9cdf42131d765e23c53f7d,MSAG5200-ISLWI-NWT-NODE485201
16218,baafc81ff2a6ec6e6dab9d90706b5027,MSAG5200BG-NODE431391
16220,a790d16196875126ea636bac7eeadfde,MSAG5200-ISLND-PHG-NODE500241
16221,54fc54493cc30b2ab8249935f05f42f8,C300MNW-MEE-NODE18887751
16223,9231c080ea1108c7eeede0f449becb59,MSAG5200-ISLVA-NKM-NODE481961
16224,f6a7b28f970d152c4af7109cb211cbef,UA5000(IPMB)SL-NODE385341
16225,26928617d2b9035136934ec14f1d6c13,MSAG5200-ISLMV-GDM-NODE482491
16226,71b026d1414f371094ad071d02468f1b,MSAG5200-ISLMB-PSL-NODE482261
16227,90dbdc30ef31706d21ee3970ddeaf001,MSAG5200-ISLND-PHG-NODE500241
16228,b3752d39e0bd16936cbdab618d7195d4,UA5000(IPMB)SL-NODE385341
16230,e87d89c1f19792472ea316caa7dbde01,MSAG5200-ISLWI-NWT-NODE485201
16233,1895c2362b1990f8870e0d5ef87d2f6c,UA5000(IPMB)SL-NODE385341
16236,d543cbc1d6b80b34d8488659f6b7142b,MSAG5200-ISLWKN-SWP-NODE473481
16237,3532402ff5ff9246871850dc11bb7022,MSAG5200-ISLWKN-SWP-NODE473481
16239,b94c4c18045ae0ebb988b9b1d1d2c49a,MSAG5200PH-AKG-NODE431631
16241,b6404a24d0ae0f5dbb11c78c783bd1fc,MSAG5200-ISLMLT-VMD-NODE4145091
16243,e2fa76b39e73a40b1f3f25481e841798,MSAG5200-ISLMT-AVR-NODE467161
16244,01cdd813d9a8bea5d70455a917c91e63,ZXDSL9806H-ISLAG-PNP-NODE529761
16245,e83bcbc0662c7772df53b7cf9476cbc9,MSAG5200-ISLMLT-VMD-NODE4145091
16247,672ff9f3c3584a667303ea4f3cd54bb7,MSAG5200-ISLMT-AVR-NODE467161
16248,4d1dc687c75a3e1b0a53fad1bf1f543f,UA5000(IPMB)SL-NODE385341
16249,b9671d786e4388e464c22b0213c2ad1c,UA5000(IPMB)SL-NODE385341
16250,77d9adb2463001d51577501609983b2f,C300MNW-MEE-NODE18887751
16251,623489dacd68a7d518f6a415001f843c,MSAG5200-ISLMT-AVR-NODE467161
16252,33d9a80e5ad1ad39f714d98bc05bada1,MSAG5200-ISLSI-DWS-NODE520721
16253,c77c4957021315a38b92f3d39e39e314,MSAG5200-ISLHC-NAP-NODE478721
16254,c190e1ce27e9e83227aa91494ae7a0df,UA5000(IPMB)SL-NODE385341
16255,aaa6f63fb92eb75ae073b5ae43c5c07a,MSAG5200-ISLJA-PKV-NODE460421
16256,2f2e50bb97dd0fa859b3a5ca27e3276e,MSAG5200-ISLND-PHG-NODE500241
16257,7f3f21da1cd83f3f5a8c4a7e7d5f14e6,MSAG5200PH-AKG-NODE431631
16260,828968af136b51b69db6dfe57ab1f1bf,MSAG5200-ISLMT-AVR-NODE467161
16261,6d50dd40b6b8251ff66487c089980d69,ZXDSL9806H-ISLKL-PRC-NODE482361
16264,87a25834b97075e230f0e7237b6205b7,MSAG5200-ISLVA-NKM-NODE481961
16265,d1242f511ea15d95e64da729cd597a3c,MSAG5200-ISLND-PHG-NODE500241
16266,0541411ea78d692ada524e8734da6bb2,MSAG5200PH-AKG-NODE431631
16267,09f8b3fd9047f40becb93d4c3caf3d3d,MSAG5200-ISLSI-DWS-NODE520721
16268,b2d6992d42bd3d006a379677309f377a,MSAG5200-ISLMT-AVR-NODE467161
16269,b38fb55b3294d7da153b2ef65d90263f,MSAG5200-ISLMT-AVR-NODE467161
16270,5e5b0ff21c797cfa8ea8dde47389535e,MSAG5200-ISLMT-AVR-NODE467161
16271,1130f365a3683da739058139f369ccc5,MSAG5200-ISLMT-AVR-NODE467161
16272,35d678929dbaa56ab419bdcdcc764658,MSAG5200PH-AKG-NODE431631
16273,57f81eff21ce3f03dd69d2837cf9b038,MSAG5200PH-AKG-NODE431631
16274,6eb7c7e72cb90d69c265a98a69d7e377,UA5000(IPMB)SL-NODE385341
16275,197acdce474cc8dbb31c858982a40ea3,ZXDSL9806H-ISLAG-PNP-NODE529761
16276,106cb919ef0cbbfc66c0edd41aac60a2,MSAG5200BG-NODE431391
16278,7a6e493e9983c99eb811786febe4f3c8,MSAG5200-ISLBZ-NODE435881
16279,16defee4db12954ddf4aedcfdc2319a8,MSAG5200-ISLIDH-KGW-NODE6194491
16281,a3f681eefc31ffd6809153d613e1958f,C300MKI-NODE10668164
16282,81758ff917d5409156ad70f33811ce66,MSAG5200-ISLMLT-VMD-NODE4145091
16283,f895e56660d2ff7dce580d940f15ca95,MSAG5200-ISLMT-AVR-NODE467161
16284,22934b305a099c2e0df2ded9c1dc09b7,MSAG5200-ISLMV-GDM-NODE482491
16285,3af183f2f0453303c8dd38bde83f586f,MSAG5200-ISLND-PHG-NODE500241
16286,b7343efc0cbcc704e3c2fd3a46f85d64,MSAG5200PH-AKG-NODE431631
16287,3df65ca31aaa796ff1cb1dfd438acb4a,MSAG5200PH-AKG-NODE431631
16288,1c79fbb02867bfaa9a4e9f574051552f,MSAG5200PH-AKG-NODE431631
16289,6b5a53275e58e99ff6b4b5ca8e2419ba,MSAG5200-ISLIDH-KGW-NODE6194491
16290,e0d58c55c679a90f3af95ba4d49bcc67,MSAG5200-ISLMV-GDM-NODE482491
16292,18bb36266dc70c1b0a081aa5e4baeba6,MSAG5200BG-NODE431391
16293,10bf144b726ff91b1b478de3f26082fe,MSAG5200-ISLBZ-NODE435881
16295,467d47b47a4a51717ffce0043c4a23de,MSAG5200-ISLMT-AVR-NODE467161
16296,8ad28c4ebe0baa1939769cb4217c57f0,MSAG5200-ISLND-PHG-NODE500241
16297,e1ba7263947fdd64f737c0f708487e88,MSAG5200-ISLHC-NAP-NODE478721
16299,979ea9136591cc98f37b7f9e725be6c4,MSAG5200PH-AKG-NODE431631
16301,a263c2c75686b3df2f51a40c930f14df,UA5000(IPMB)SL-NODE385341
16302,73051c4485db78111612f2de609ef769,C300MTP-NODE8700911
16303,41f9fa2f016eec1872b1d62fcb691dca,ZXDSL9806H-ISLKE-NRP-NODE495731
16304,b13da33da78167ef628ea989324c8c80,MSAG5200-ISLMT-AVR-NODE467161
16305,313c6deac83fed20faab9c4b98eb568b,MSAG5200-ISLND-PHG-NODE500241
16308,f8ed2eeab5cb3467976dec49e5268293,MSAG5200-ISLIDH-KGW-NODE6194491
16309,3a41dd3efb28bec3a7acc406dff4e0c8,MSAG5200-ISLIDH-KGW-NODE6194491
16310,eadeef20bdcba138621949fe0a18d746,MSAG5200-ISLPC-AGT-NODE480031
16311,70831e8466d88649c11d146d27c22b48,MSAG5200-ISLPRN-NODE427901
16312,2c01afd5ea76bec3b15164ab40b95948,ZXDSL9806H-ISLKE-NRP-NODE495731
16313,d941fa242f8b15472a42d5de284e842f,MSAG5200-ISLPC-AGT-NODE480031
16314,6455d49b7a6ca3882ac48b187ee90261,C300MNW-MEE-NODE18887751
16316,db9a2b288f129727df962cfb74fd55dd,MSAG5200-ISLMV-GDM-NODE482491
16317,163577f7c7729ed76da835bf969b8e94,MSAG5200PH-AKG-NODE431631
16318,478ee4ca3f0511ec8f85b8bc357f9533,MSAG5200-ISLMLT-VMD-NODE4145091
16320,9f59609b705ca523e8468e1e8dc2eeb0,MSAG5200-ISLMT-AVR-NODE467161
16321,2081d909fcce15525df19c637caab997,MSAG5200-ISLPC-AGT-NODE480031
16322,f0196a61ee0820fc4551503a62b32f16,MSAG5200-ISLMLT-VMD-NODE4145091
16323,c2285f0bc2a489c3a348fade8e542d39,C300MNW-MEE-NODE18887751
16325,93fa36068ee40d27ea7a4d978ee1f42a,MSAG5200-ISLMT-AVR-NODE467161
16326,c455136619bd15c3deb8e1cc28336e42,MSAG5200BG-NODE431391
16327,c9f68e7124311b0f02a82a6e35ae0523,MSAG5200-ISLMLT-VMD-NODE4145091
16329,65f32237d1467b8339758ade5d442d26,UA5000(IPMB)SL-NODE385341
16330,fe9ce2939039a9f74c53ef645636b4ea,MSAG5200-ISLMH-POL-NODE491451
16331,9026b616718d5eb12d3957ed4fc350d9,MSAG5200-ISLWI-NWT-NODE485201
16332,4fda3ffeece7e9e9f6ea64ac4b1aa6d4,MSAG5200-ISLMH-POL-NODE491451
16334,296af931b7ff17d467b4228e16b3b58f,MSAG5200PH-AKG-NODE431631
16335,3e2626762c1af4a114e82f3b09f8754f,MSAG5200-ISLMLT-VMD-NODE4145091
16338,30576ca16275a38f6bb4491015edb96c,MSAG5200-ISLMT-AVR-NODE467161
16339,0bd313cd37f37a651cc0bda8feadc630,MSAG5200-ISLMV-GDM-NODE482491
16340,e34715fd1ec5ecf28eaebc06101413ce,MSAG5200-ISLND-PHG-NODE500241
16343,8ac7b673c4a780f140d626ddb51463d6,MSAG5200-ISLMV-GDM-NODE482491
16344,f7518973989611c74081f65899ee3b27,MSAG5200-ISLND-PHG-NODE500241
16345,6d05264c962bca2de27e7a00c85ef5ef,MSAG5200-ISLMV-GDM-NODE482491
16347,dd12f15abe9ea1dbe6f1c42d6210de5c,C300MNW-MEE-NODE18887751
16349,d6e891004309f3a6a0099d4dd6cd0587,MSAG5200-ISLMT-AVR-NODE467161
16351,b46dd7d99fd09df978ec761f81efe4f2,MSAG5200-ISLND-PHG-NODE500241
16353,5bb03273e10f7df788d5cf560f83a7e5,MSAG5200PH-AKG-NODE431631
16354,40d37f19d98b8715bbff5213b5444700,MSAG5200-ISLMLT-VMD-NODE4145091
16356,5f7e8b9ac24f6c5a1083d036f23e2ba8,UA5000(IPMB)SL-NODE385341
16357,358b76692eca6537cd5ebfe784ea40be,MSAG5200-ISLVA-NKM-NODE481961
16358,75642d0d96e306b8c793675195594f3d,MSAG5200-ISLVA-NKM-NODE481961
16359,123c53f04f9de064cf7aa4f7ff239dfc,MSAG5200-ISLBZ-NODE435881
16360,7073b54e76c43d4a6bc53804c63bd312,MSAG5200-ISLIDH-KGW-NODE6194491
16362,e249877ad0656891894bd452d042ef58,MSAG5200-ISLMLT-VMD-NODE4145091
16363,408d1b9b9f4bea5d5c27fb761070b48f,MSAG5200PK-NODE438641
16364,6ed838c1eaa2ccd08e2577f884bf2c43,MSAG5200-ISLTBL-NODE5577771
16365,474aef26dacb4f2c3ac5983e175e18e4,MSAG5200BG-NODE431391
16367,62fc798073b5864a49fbbf9e614b2f0f,MSAG5200-ISLHK-OCC-NODE506561
16369,8178239b0e0c7353da0d5c14066a0c9a,MSAG5200-ISLND-PHG-NODE500241
16370,c0da7908b1c09b9dce0ce054b7c1e771,MSAG5200-ISLND-PHG-NODE500241
16371,172a00720fdd2fb75af7a5926e3cb292,MSAG5200-ISLND-PHG-NODE500241
16372,652e635172257be9a86800505f7f908a,UA5000(IPMB)SL-NODE385341
16373,f1414aac049cb6aabd967922c92160ac,MSAG5200BG-NODE431391
16374,4b1bf57b9f02b67e54c5a36647d51f0c,MSAG5200BG-NODE431391
16375,aeeca052315807836dedd407bdb1a543,MSAG5200-ISLND-PHG-NODE500241
16377,0a026709c5dde9e3b6a8d58d2dcd257c,MSAG5200BG-NODE431391
16378,3cc918a7a5e40586671da9eb896cbfa1,MSAG5200-ISLND-PHG-NODE500241
16379,bb4f940f336fb2c157a8e8e779bdb692,MSAG5200-ISLVA-NKM-NODE481961
16380,d8b9ecaee1cc9b5f5150782b390b2bd8,MSAG5200BG-NODE431391
16381,c5fed0aea6cac240dd837fbac6f0021d,MSAG5200PH-AKG-NODE431631
16382,b45755ef2c73250dc00e40f5e4467814,MSAG5200-ISLIDH-KGW-NODE6194491
16383,89724bce7410e5ebde794e3842a464a1,MSAG5200-ISLPC-AGT-NODE480031
16387,bda431c0853ceb1ad6d6867944e0eee2,MSAG5200-ISLMT-AVR-NODE467161
16388,45dfb5a72db8bea6a426ee6a8ee8284d,MSAG5200-ISLMT-AVR-NODE467161
16389,5fea9b5567a3814f57718fe99db525a0,MSAG5200-ISLMV-GDM-NODE482491
16393,bda1b15843f1b5cff62123fc0d42ba64,C300MNW-MEE-NODE18887751
16395,cbaa45b98a81b93ab859dae2b138bff9,MSAG5200-ISLHK-OCC-NODE506561
16396,d8dd6a734726d17627946fab0495ee31,MSAG5200-ISLIDH-KGW-NODE6194491
16399,05401b227d4dd007a258cd9fdad008f2,MSAG5200PH-AKG-NODE431631
16400,89662e164c3791845060b0359c2fbb83,MSAG5200-ISLND-PHG-NODE500241
16402,870b7685f7146557933b66bde37d763e,MSAG5200-ISLMV-GDM-NODE482491
16403,d7f6eeaa2c916f27c885502ea094cb3b,MSAG5200PH-AKG-NODE431631
16404,4eb04f00842eb62db6f0248feb98a70c,UA5000(IPMB)SL-NODE385341
16405,1aa6f660df808e025a851439d423b2bb,UA5000(IPMB)SL-NODE385341
16406,b3c93721250143e26f6672d70dc23d9f,MSAG5200-ISLIDH-KGW-NODE6194491
16407,27b238c7df9288330b9a17a4db245567,MSAG5200-ISLMT-AVR-NODE467161
16408,f7a3e1043e37d8a927cfb0c8241d55af,UA5000(IPMB)SL-NODE385341
16409,1d6f0ffdce6d98064083dcd7b2d4db13,MSAG5200PH-AKG-NODE431631
16411,9c4e57c3784d53c6931b1fdba6d95a88,MSAG5200BG-NODE431391
16412,0e93cbe9089aff59783f78f649d6f303,MSAG5200-ISLIDH-KGW-NODE6194491
16413,6f8e4109afc8b865c47caaf0ede41cf4,MSAG5200-ISLMH-POL-NODE491451
16414,ec306357784b2180a8f9f5fd8b632ee1,MSAG5200-ISLMT-AVR-NODE467161
16415,d35308e2db4881d3f78e174fcd36eebd,MSAG5200-ISLND-PHG-NODE500241
16417,878ea1731be312088b301b4139f5bf37,C300MNW-MEE-NODE18887751
16418,41715212c9509048300ab842c24cc43d,MSAG5200-ISLMX-NODE5391821
16419,67a5c72583d9625030befc9da30f801d,MSAG5200-ISLMX-NODE5391821
16420,e7ee9a9bc0855168d29ab73bf850c78f,MSAG5200-ISLPC-AGT-NODE480031
16422,ceae72e2b25ad72cfbd22933d5b7dafc,C300MVH-NODE9874041
16424,381d25a27a773d9152bf2922381a66fa,MSAG5200-ISLNL-HGW-NODE491281
16425,8bfa801fa227d19d420e5164acc6161c,MSAG5200BG-NODE431391
16427,f730a3b752eb66aa8c9b50a5d2baf89a,MSAG5200-ISLBZ-NODE435881
16428,e916496a03aafb7bb067d7cfdcb36238,MSAG5200-ISLPC-AGT-NODE480031
16429,6dbd4370f1c7fd52b4d5729c06decb2b,MSAG5200-ISLBZ-NODE435881
16430,ee763ddc53a6e37d4b03413a114e7019,MSAG5200-ISLMH-POL-NODE491451
16431,482dfaeda3604cbdf90c6c4419c77714,MSAG5200-ISLGE-NODE5577981
16432,35fa7072a7df8de557be2426558b00ac,MSAG5200-ISLMLT-VMD-NODE4145091
16433,b2528513324064ffbbce5f4c26d704a5,MSAG5200-ISLMLT-VMD-NODE4145091
16435,8308d0f70f9bd34daee90d79d5af2d4e,MSAG5200PK-NODE438641
16436,809a358d0a83323de1e99fa47ed909e5,C300MNW-MEE-NODE18887751
16437,14aa8855bcafb052f5432936ba225f8d,MSAG5200BG-NODE431391
16438,522ce0c2c975ea0d19923fc4a4ec4880,MSAG5200-ISLPK-PNU-NODE6136021
16439,d645029928467db1ce5d706afe337d19,MSAG5200-ISLWKN-SWP-NODE473481
16440,e66925d5277dac781824d054f75998d7,MSAG5200-ISLIDH-KGW-NODE6194491
16441,fa105c617fdebbe365b8cd6c4fd03884,MSAG5200BG-NODE431391
16442,89d7a37b585d7ad1bdd97ebadb6a7352,MSAG5200-ISLMH-POL-NODE491451
16443,39658442adc0681655607aac80bca7d3,C300MIDH-IDJ-NODE11065541
16444,98b3c87787af98c8b934e2f43b822b5f,MSAG5200-ISLMT-AVR-NODE467161
16445,05ecf6000169d49d54a964d3cca35459,MSAG5200-ISLMT-AVR-NODE467161
16447,38ba91fad574cac9e309da9d55d0776e,MSAG5200-ISLMV-GDM-NODE482491
16449,11b66a5b2fc9fec3449910ac1413c556,MSAG5200PH-AKG-NODE431631
16450,5310d96e3bbad105ad34f97d3ca36d30,MSAG5200-ISLIDH-KGW-NODE6194491
16451,0682ffd5c8d3e62febf752b6cdbced3a,C300MNW-MEE-NODE18887751
16452,ef78b01f6dfaf27e12a4ae9659aee5fd,MSAG5200PH-AKG-NODE431631
16453,1ead83a364ebf2e3c298b8664c661d58,MSAG5200-ISLMT-AVR-NODE467161
16454,f72bbdf35127d0dae8e290338276aab8,MSAG5200-ISLMH-POL-NODE491451
16457,85d6118f7c6b6bd12df68ae6883c4ad0,MSAG5200-ISLJA-PKV-NODE460421
16458,90cea6ff0b8c5bdbb5308f4196f525a5,ZXDSL9806H-ISLKE-NRP-NODE495731
16459,6cdfde7101d4149a370033540626cfa7,MSAG5200-ISLMT-AVR-NODE467161
16460,e7f76266effcc132e6cb3b62d3d58184,C300MNW-MEE-NODE18887751
16461,7409582429f085df923afca66da4cfc3,C300MKI-NODE10668164
16462,71b6645a5e55d861a484c10bdfcb30ee,MSAG5200-ISLMT-AVR-NODE467161
16463,995ae34cf08d08eaca3d7d0249578546,MSAG5200-ISLMV-GDM-NODE482491
16464,167671a939e03e258ca9cd94a3349a25,MSAG5200-ISLMV-GDM-NODE482491
16465,453ed6d12a91a35cfc44d0b2e691a6c0,MSAG5200-ISLMV-GDM-NODE482491
16466,703cbd69fed358b400547e1b3ab9f46f,C300MPDT-NODE13379431
16467,d6e5b4430e6452d62a81d0182ffa70f6,UA5000(IPMB)SL-NODE385341
16468,cf5f5a811953ae3e450092339b94f04c,UA5000(IPMB)SL-NODE385341
16469,d964163121b7fcb1e82be8fa4263171c,MSAG5200-ISLVA-NKM-NODE481961
16470,f5a97db046731b78334a7053fd33bb24,MSAG5200BG-NODE431391
16471,70d92d50ccae2cc0eb30ae99b4fda3fa,MSAG5200BG-NODE431391
16473,350f6bb972fc5a97d064b599b3c29989,MSAG5200-ISLMH-POL-NODE491451
16474,4d5a5b97a46475bdbdd2d16468ee0aaa,MSAG5200-ISLMLT-VMD-NODE4145091
16475,81011666077bb7c862750af6d5e04baa,MSAG5200-ISLMV-GDM-NODE482491
16476,f51cb64d2c78a0cf66bf7b089d7d87c6,UA5000(IPMB)SL-NODE385341
16477,5ffdd832b55df874ade5e6cb44fb4c10,MSAG5200-ISLWY-MDB-NODE506221
16478,cddbdb4493830e40c0a31969034da7db,MSAG5200-ISLMT-AVR-NODE467161
16479,97eb569c44a71fea841c9b4987a5a67c,MSAG5200-ISLIDH-KGW-NODE6194491
16481,7de3419ef0e239ac7b6d39e444312f33,C300MNW-MEE-NODE18887751
16482,75d964d0d2d21d44778be4a78dcf91f5,MSAG5200PH-AKG-NODE431631
16483,70d272d98fce8d869d1f855ee38f8fb3,UA5000(IPMB)SL-NODE385341
16484,76f0f232dc066a78d4f1b6ad03bc7865,ZXDSL9806H-ISLAG-PNP-NODE529761
16485,46b6b65ae4a059f8f8047b40ad342c78,UA5000(IPMB)IM-NODE391531
16486,94b28e42db028dd000b4abc787be9e5b,MSAG5200MGE-NODE428381
16489,7ce8c3da472c8321a2a13e2adc828273,MSAG5200-ISLMT-AVR-NODE467161
16490,63fd35a9fda6d56703e08a1cea3d64b2,MSAG5200-ISLND-PHG-NODE500241
16491,bd5b1e0ee71c2854397659fecc7b752b,MSAG5200-ISLMT-AVR-NODE467161
16493,c9273b4b7947ae18771c66052b7a40e0,MSAG5200-ISLMV-GDM-NODE482491
16495,25ddaf74478cff519f1c5cd83319e3d0,MSAG5200-ISLHNT-NODE423851
16496,c16b69048ce8923b41d1af9d55833e89,MSAG5200-ISLND-PHG-NODE500241
16497,d31232c30aedf4d10a4b446ccf5dca58,MSAG5200BG-NODE431391
16498,c2df8135b8a054d82a74714e548f2b0d,MSAG5200BG-NODE431391
16499,a666ea5667ddf5f2d64b1c5cd70d6121,MSAG5200-ISLMH-POL-NODE491451
16500,40f0ed6f18d4a1b1adb9915b450dbe55,MSAG5200-ISLWI-NWT-NODE485201
16502,867963358df3e9cc648d717b6759d3d3,C300MHT-NE-NODE8152461
16503,28594ab232b99c054a9e2d04d1dfbbcf,MSAG5200-ISLVA-NKM-NODE481961
16504,d6dae1363145dc737f9b43ebeb299b73,MSAG5200-ISLVA-NKM-NODE481961
16505,ccfe65a78a0e67fda3232e9c6049789b,C300MIDH-IDJ-NODE11065541
16506,58dce7eb653a4f602ea2eea38e21fe88,MSAG5200-ISLIDH-KGW-NODE6194491
16507,dc4eb790af451115da5e142ca468c582,MSAG5200-ISLMLT-VMD-NODE4145091
16508,fd62e39a7c82e9e9a066aee4307fdf87,MSAG5200-ISLMT-AVR-NODE467161
16509,77cbd27327c44fe8f39948a37227f976,MSAG5200-ISLMV-GDM-NODE482491
16510,6adfeba2949e60f451a395834b2f9d62,MSAG5200PH-AKG-NODE431631
16511,87c5b4414b6fddab2c9cf2838758b8fe,ZXDSL9806H-ISLAG-PNP-NODE529761
16512,7ff46ad76c4f501eb5cf5cfa1451d98d,MSAG5200PH-AKG-NODE431631
16513,baa53883a4474568b119c636c8f5e1a1,MSAG5200-ISLMT-AVR-NODE467161
16515,cf3f41d850ff9594bec1caf03db53fd3,C300MHT-NE-NODE8152461
16516,5bdec3c7c5d1a279d7fcc291243297e2,MSAG5200-ISLPC-AGT-NODE480031
16517,779d6600df79f76b4cd75c32421b54ec,MSAG5200PH-AKG-NODE431631
16518,b8fbaa18ee6696ffa2c3ca65d181fd5c,MSAG5200BG-NODE431391
16519,8976676934b74166fcd0c6769ef575ed,MSAG5200-ISLHK-OCC-NODE506561
16520,20a36ea2b36090f4a0cdd2f562bc9ba3,MSAG5200-ISLHNT-NODE423851
16521,35184fcf8a3a4c3753d258a41f61d791,MSAG5200-ISLMLT-VMD-NODE4145091
16522,d0f7f3e1fc3fcd98bfe379b077fd69e9,MSAG5200-ISLMLT-VMD-NODE4145091
16523,8897f8bc67db4d8c1e2c0f47ee481ab5,MSAG5200-ISLMT-AVR-NODE467161
16524,415b0e44ede662b30ab7ad41e1aa55b2,UA5000(IPMB)SL-NODE385341
16525,91d83d11d3d356ad391441fa05bc3b90,MSAG5200-ISLTBT-TLJ-NODE487241
16526,94a004a3eaa31fe0bf41ef4d9ef43c2e,MSAG5200PH-AKG-NODE431631
16528,feca6cdb74a4a95dec4fe88f3fb2f938,C300MIDH-IDJ-NODE11065541
16529,50ef8dc8186d3c1adf856e4be09b9e50,MSAG5200-ISLMT-AVR-NODE467161
16530,49013712d11b3678efb78e2599ad5327,MSAG5200-ISLMH-POL-NODE491451
16541,125910b44b113b40510f9ac50491b20d,MSAG5200-ISLMLT-VMD-NODE4145091
16542,09c78989d21febb16d71f52534dbedcd,MSAG5200-ISLMT-AVR-NODE467161
16545,ab7fe1473cfcfcc995de024aa4ce9c94,MSAG5200-ISLPC-AGT-NODE480031
16546,903fb5d67a74baa49b2b5be2c70f01cf,MSAG5200PH-AKG-NODE431631
16547,a17f43439a51edbafce91c9ffd6d4404,MSAG5200-ISLVA-NKM-NODE481961
16548,616192eab7e16e6ee475f09eba7965fd,MSAG5200BG-NODE431391
16549,bf5a7d9a5bc8b5ca97efea4e2ff906bb,MSAG5200-ISLHNT-NODE423851
16550,e1ca5378edafaa48150a86219f03c737,MSAG5200MGE-NODE428381
16551,df2c50c392c89c4d6b9564ca9939eee0,MSAG5200-ISLMH-POL-NODE491451
16552,ee78f9b1b26a91e597ac88b2deb50c12,MSAG5200-ISLMT-AVR-NODE467161
16553,e99f7a60aa1e48acdd8059bd8dc9d486,MSAG5200-ISLMV-GDM-NODE482491
16554,912d1ef3552d119dc0d45d3be87c4ec7,MSAG5200-ISLND-PHG-NODE500241
16555,a0cdaf5f29674c76a51e4f01614a5d0f,MSAG5200-ISLND-PHG-NODE500241
16556,263025921a4dc3adc95698bd37c0c964,MSAG5200BG-NODE431391
16557,6a2f9873cbf971a2083253cf82725949,MSAG5200-ISLBZ-NODE435881
16558,678fe4822bfd24857e1dbcb73b44f54a,MSAG5200-ISLIDH-KGW-NODE6194491
16559,2cec67820baa3ee08a95ab5ccf91cf49,MSAG5200-ISLBZ-NODE435881
16560,df06f421bfe860cb3759946614d1b838,C300MIDH-IDJ-NODE11065541
16561,ee0f82f615804366ae5389796522ec41,MSAG5200-ISLMV-GDM-NODE482491
16562,7ee5619a4a638d6f1eee35bcc7a4de80,MSAG5200-ISLND-PHG-NODE500241
16563,928c06382c699e79fb4f8a8630215b48,MSAG5200PH-AKG-NODE431631
16565,9ea66cb33906930ce3da76a39bcb7cfd,MSAG5200PH-AKG-NODE431631
16566,edaa976e6791c82c498810defdb0b492,MSAG5200BG-NODE431391
16567,2f7f158f41981bbec8d526e50fea8464,MSAG5200-ISLHNT-NODE423851
16569,8afa71ebe6fde624024134b1f73c454f,MSAG5200-ISLND-PHG-NODE500241
16570,489281ebb43feb7d5457e95dafbba47c,MSAG5200-ISLBZ-NODE435881
16571,88c16016e195e137c60156c619027190,MSAG5200-ISLHNT-NODE423851
16572,71c09d09bffaa69aa4c1d6fdf3f2ed1e,C300MNW-MEE-NODE18887751
16573,c45784e7d8bc33ab31e7fc0940d3c137,MSAG5200-ISLMT-AVR-NODE467161
16575,87982c45d5c8ccde8b83f5c0a989106e,MSAG5200-ISLMT-AVR-NODE467161
16577,459027cd31673bc20ffb3145d865fa90,MSAG5200BG-NODE431391
16578,fcb16a85d0044180bb747f0211f92990,MSAG5200-ISLBZ-NODE435881
16579,c5722f1197db46f96000e28ef6c36da1,MSAG5200-ISLMB-PSL-NODE482261
16580,c956c2dfbb0b793eebaeba43bdf9d398,C300MNW-MEE-NODE18887751
16581,a053ebf7e9637fb6aab57e537b122635,MSAG5200PH-AKG-NODE431631
16582,c217a54dce1ef9114b8233be50cfdcd6,UA5000(IPMB)SL-NODE385341
16583,08e92f5bbac0b92cc4313847f9761f57,ZXDSL9806H-ISLAG-PNP-NODE529761
16584,63a18ba452d71b1bab85a73763a2ee6c,MSAG5200-ISLIDH-KGW-NODE6194491
16585,39bd88f69936445e4877480f0242ced6,C300MKI-NODE10668164
16586,3f739e7fa7ccc71704e864362033eb60,ZXDSL9806H-ISLKL-PRC-NODE482361
16587,0f6d17f47bfcdc0ea42910353f21c0d4,MSAG5200-ISLMT-AVR-NODE467161
16588,e5d215e3be7de43ef5f7f85d4220bad9,MSAG5200-ISLMV-GDM-NODE482491
16589,803d67e74499257cb99af1816d605aaf,C300MNW-MEE-NODE18887751
16591,c0bfa8a801e3031ea39e6be0995dd1e3,C300MTP-NODE8700911
16592,d945bb002a184f480bdfe68c4b640045,MSAG5200-ISLHNT-NODE423851
16593,18d9469b1885b5988f72e8e7f62009ee,C300MVH-NODE9874041
16594,29f2927f081d61a4d20410bdf3c7ccda,MSAG5200-ISLPC-AGT-NODE480031
16595,1d72dadfa69c84e5a5fd0e2a0cd7b626,MSAG5200BG-NODE431391
16596,7d0456b9a160d90a29ac5122e8ce779d,MSAG5200BG-NODE431391
16597,5a3f833d5a3019178a5ec091470b1976,MSAG5200-ISLMT-AVR-NODE467161
16598,48afaa00652d72176b9da10f76850ab5,MSAG5200-ISLMT-AVR-NODE467161
16599,128f1fddf621dba21dbe814395eb2d20,MSAG5200-ISLMV-GDM-NODE482491
16600,3b798c2f5b9c0649473246752c8204df,MSAG5200-ISLND-PHG-NODE500241
16601,45e1cec38e5bdcedadfcae11c78bab01,UA5000(IPMB)SL-NODE385341
16602,3a6276fe3192e10f28ab93fedb94b9f2,UA5000(IPMB)SL-NODE385341
16603,d73c83f0518c1d17398d348436648f5f,MSAG5200-ISLVA-NKM-NODE481961
16604,171dac6dcb8dc43fdaee2a0150b82464,MSAG5200BG-NODE431391
16607,5a1120bef273662fc3f091d430a0d0a0,MSAG5200-ISLHZ-BRL-NODE471911
16608,914f38b2e8ffd03f82ff3bbc660e9c04,MSAG5200-ISLIDH-KGW-NODE6194491
16609,d5d7af8cff7c9869f61916575a773387,MSAG5200-ISLMLT-VMD-NODE4145091
16610,5bda8deb678d3109b91bfbbcb7f64e9d,MSAG5200-ISLMT-AVR-NODE467161
16611,ffb2ec238eba276f65157693ed329c7f,MSAG5200-ISLMV-GDM-NODE482491
16612,358ac2b2fd5500469f2f2b18df111306,MSAG5200-ISLND-PHG-NODE500241
16613,822e80e99936f1fc2271a393285870a6,C300MNW-MEE-NODE18887751
16614,4fcdc47033142af27df4f84d3951c369,MSAG5200-ISLWKN-SWP-NODE473481
16615,dfd5624e4fdd89b816e5e429cccb3046,MSAG5200-ISLMH-POL-NODE491451
16616,acb74f0a36dd8628eca56b36daa1e186,MSAG5200-ISLMV-GDM-NODE482491
16617,e07eed90f545fb0e093cf1ba932932d7,MSAG5200-ISLMV-GDM-NODE482491
16618,3ee4e7a389112df63acccccea47a14f8,C300MNW-MEE-NODE18887751
16619,0acbbe47aa1a432909e43ebf831ea209,MSAG5200PH-AKG-NODE431631
16622,4fea24f36ce2ef6be41e7569c396aaf6,MSAG5200-ISLMT-AVR-NODE467161
16623,520dfada494c4dcd3252ee1ce55ac6b7,MSAG5200-ISLNL-HGW-NODE491281
16624,4d01972e689720b94ebfb5b796873857,MSAG5200PH-AKG-NODE431631
16625,b760af1de5dfaef33ed735f6f75486af,MSAG5200-ISLWKN-SWP-NODE473481
16626,dcbb3300bf1fd01a058c57c58dd8c50a,MSAG5200BG-NODE431391
16627,3b708e14f3c480cfb72a91faaa2ed434,MSAG5200-ISLIDH-KGW-NODE6194491
16628,65d0d22905329279001b13037ea486a5,MSAG5200-ISLND-PHG-NODE500241
16629,e3e536f44d4c760b36547c5b34dc6e00,MSAG5200PH-AKG-NODE431631
16630,0ce481abdb260e479b25f68eeed7cc62,ZXDSL9806H-ISLAG-PNP-NODE529761
16631,b92ec0c4e55d9ef0583a7a8081265ada,MSAG5200-ISLMT-AVR-NODE467161
16632,cfb12f230d6ba43963b36b799ae76652,MSAG5200-ISLBZ-NODE435881
16633,29ebfe2b5e17b1ee70dc1d2fb0b90e3e,MSAG5200-ISLMV-GDM-NODE482491
16634,7c9a0de6f0d6b676129c7fb0bc88e2f2,MSAG5200-ISLMV-GDM-NODE482491
16635,21801913ca4ed238c2182bc1faa001a0,MSAG5200MGE-NODE428381
16636,32cc002f434dc06182c92a4ae9dfa141,MSAG5200-ISLMT-AVR-NODE467161
16637,98fa06275a9f630480ddfc6c723c1b97,MSAG5200-ISLMV-GDM-NODE482491
16638,3596fcd7eb4c425e6a124d7fa3acb307,MSAG5200PH-AKG-NODE431631
16639,17ccd35e1f309471c94ef68c9f2d8e60,UA5000(IPMB)SL-NODE385341
16640,26afa148b85779b9603c9f096c4757f3,MSAG5200-ISLVA-NKM-NODE481961
16641,f232a51ec0bf3d69539748b60839d6ea,MSAG5200-ISLHC-NAP-NODE478721
16642,e494abb3b34e4c4b451efb968110aecf,MSAG5200-ISLHNT-NODE423851
16643,f7a9e9739c60d92b166bbe1af8c40d9d,MSAG5200-ISLMLT-VMD-NODE4145091
16644,f93daa94f66fbff3dd9ac623119b173b,MSAG5200-ISLPC-AGT-NODE480031
16645,c423331c91c53c1646644b45b497c973,MSAG5200-ISLPC-AGT-NODE480031
16646,7137d1cbc03fe72dd0a32dd430b49f78,MSAG5200-ISLBZ-NODE435881
16648,ded8e966eee07cbfe4ed10c03e48bfd6,MSAG5200-ISLMT-AVR-NODE467161
16649,c05398fce653141ad481c4a2243b0d99,UA5000(IPMB)SL-NODE385341
16651,c0c3787c5618ece7f1456dc6e3c7363f,MSAG5200-ISLMV-GDM-NODE482491
16652,6d219e6c2e086d6959f4d90cad121009,MSAG5200PH-AKG-NODE431631
16653,156d1ab49e2ba8677649f7f10fcf0bf9,MSAG5200-ISLSI-DWS-NODE520721
16654,af93b6d2a9d617a59a02238e3dcb50c4,MSAG5200-ISLIDH-KGW-NODE6194491
16655,90cbd44e5d5f0da10769f27edac79c92,MSAG5200-ISLMLT-VMD-NODE4145091
16656,a8d20a40ed09cbaadf790e3a11a7e207,MSAG5200-ISLMT-AVR-NODE467161
16657,a5088d8ffe56a7071bf09521470fce32,MSAG5200-ISLMV-GDM-NODE482491
16658,36adba3ab3196ff055dc0cb66d3fc03d,MSAG5200-ISLND-PHG-NODE500241
16659,6d9b56b5fb29fbc9fa9d7ab6ba92c3a6,MSAG5200PH-AKG-NODE431631
16660,bdaa0c6bf31205eafcddca2dd95358ec,UA5000(IPMB)SL-NODE385341
16661,757b32f094beb2ec28c9d43e3a9a6b9a,MSAG5200BG-NODE431391
16662,59aa083d7d0fc9534183a397e66cc259,MSAG5200-ISLMH-POL-NODE491451
16663,1c0de81401d553c1b80369ec80bb2ea3,MSAG5200PH-AKG-NODE431631
16664,fc49108a316204817f42189f9f6e6a70,MSAG5200PH-AKG-NODE431631
16665,fb46668cfa6021fff68b8279f62d8c14,MSAG5200PH-AKG-NODE431631
16666,af716455260eebb07cedb71762e8a4aa,MSAG5200-ISLMLT-VMD-NODE4145091
16667,a088801e982e6fb893a258056859f02e,C300MKI-NODE10668164
16668,b17145f155f69c451b55c16ed965da49,C300MNW-MEE-NODE18887751
16669,17461abd06a23ca91771a31a836c8047,MSAG5200-ISLMT-AVR-NODE467161
16670,ef74b1171331411a4d2e9fada9158215,MSAG5200-ISLMH-POL-NODE491451
16671,d8c1319297ea3a43d5ebf6cc955d71c6,MSAG5200PH-AKG-NODE431631
16672,9845450d37872d94a134dec30736ab9c,C300MHT-NE-NODE8152461
16673,dce9f0e3ba96f0ea67e9681877b51006,MSAG5200PH-AKG-NODE431631
16674,e9fafe7797b3433f42a998f88bdb5ae0,C300MHT-NE-NODE8152461
16675,e92d2c28313812d195f0f9c3ac505dda,MSAG5200PH-AKG-NODE431631
16676,ff45fdfb4b6dac191aba17a281181d39,C300MNW-MEE-NODE18887751
16677,4a33070eade93695e5cbce233e4493f0,MSAG5200-ISLMH-POL-NODE491451
16678,1e2b5fdb448b0930457a8ed9779b556a,MSAG5200-ISLMT-AVR-NODE467161
16679,18a02e6eed633623ac7cde115ab7c0de,MSAG5200PH-AKG-NODE431631
16680,15e5db57475ab2edc1d373a868494fa4,UA5000(IPMB)SL-NODE385341
16681,b8a93e5906c910fae466ebdf00fc19ac,MSAG5200BG-NODE431391
16682,47bdd51268324f351927dcf33d3f945a,UA5000(IPMB)SL-NODE385341
16683,2c6a73c524d2e9f64b0da544308ae4fb,MSAG5200-ISLHO-NODE524692
16684,e66f05c8cbb406c091cc1071eac46b4a,MSAG5200-ISLIDH-KGW-NODE6194491
16685,7ac53b79900228ff2392af4e3cc6cf77,MSAG5200-ISLMH-POL-NODE491451
16686,1bebe9b84f3b614f86f4d05db49e680b,MSAG5200-ISLMV-GDM-NODE482491
16687,03b5d13a7949d99e793afdfe07dd73cb,MSAG5200PH-AKG-NODE431631
16688,54836a6361cb0a0314be9cd45b2468d5,UA5000(IPMB)SL-NODE385341
16689,80687240accd39f18fd847ee66faaa1d,MSAG5200-ISLWY-MDB-NODE506221
16690,4e5031c5688d2e3a94b64ede00e162ca,MSAG5200-ISLHK-OCC-NODE506561
16691,5ee74920c82daa6ad62165ba4aef6369,MSAG5200-ISLMLT-VMD-NODE4145091
16692,54c299094d9667a162d2952acf8b40b0,MSAG5200-ISLMT-AVR-NODE467161
16693,589b38a81692273a6e6eb92bf670299c,MSAG5200-ISLMV-GDM-NODE482491
16694,d3743c8ce79aab3f88e762df10733860,MSAG5200-ISLND-PHG-NODE500241
16695,d34395ba2f2027ff7538850ac772fcf7,MSAG5200-ISLND-PHG-NODE500241
16696,9efb6e11f4e6270edaa694caeb4abd6d,MSAG5200-ISLND-PHG-NODE500241
16697,9b4c6b7b7ffc6241a40d2b11cf184e1e,MSAG5200-ISLNL-HGW-NODE491281
16698,98f6237f0d0f0f8756a3d25e1c8342fe,C300MNW-MEE-NODE18887751
16699,2750162951432df0b26e5690cb3ef82b,MSAG5200-ISLVA-NKM-NODE481961
16700,ca0fd092dd504fd1037b37238187cc0c,MSAG5200PH-AKG-NODE431631
16701,a6804dd9aa54203dcd63c0388cb2e02b,MSAG5200BG-NODE431391
16702,c50e948b2f41d61310fb2f9ed3cea7d9,MSAG5200-ISLBZ-NODE435881
16703,5894054ea2bc1f847421efa6780afd11,MSAG5200-ISLMV-GDM-NODE482491
16704,da4f3b6d9a718bfb656e47fc845d7c00,MSAG5200-ISLND-PHG-NODE500241
16705,520e562e208d0d0c28f3a17e13c34d83,MSAG5200-ISLBZ-NODE435881
16706,3ec6441eb5df6ef9ba2bdd63f919ce8b,MSAG5200-ISLHK-OCC-NODE506561
16707,f36e3560ec4b928e3f15313f36d59eb8,MSAG5200-ISLMT-AVR-NODE467161
16708,d4d79b8e8edb92a6a90ae69e1f9ab2ac,MSAG5200-ISLNL-HGW-NODE491281
16709,a0c4c19673c7ce8ef4612232d1da393d,MSAG5200-ISLVA-NKM-NODE481961
16710,cfa186644d88917aaef0aff88c545538,MSAG5200-ISLND-PHG-NODE500241
16711,2aa630e52ec27b172bf4fdad4f2eba64,MSAG5200-ISLPRN-NODE427901
16712,92ffe956531820f99f7500305e28517e,MSAG5200HPG-NODE432141
16713,6b96fccd0832b7d6e26c6b4461ab78cb,MSAG5200-ISLMT-AVR-NODE467161
16714,6316b6cacd0d00e5323b83981b54b569,MSAG5200-ISLMT-AVR-NODE467161
16715,10b261d7637ff74d8bed5b43fa82dde7,MSAG5200BG-NODE431391
16716,a4e35bcd8262ca10b7864c1bc47eb7a5,MSAG5200-ISLIDH-KGW-NODE6194491
16717,8822b88cbe6c146be2046f44d4a327a6,C300MKI-NODE10668164
16718,41df640f48b213517f8c2d9c220be760,MSAG5200-ISLMH-POL-NODE491451
16719,e1b457a1d5ae2ae498f1fda1c4496812,MSAG5200-ISLMT-AVR-NODE467161
16720,1f576c5e12c070fe23fbed5e87c553a6,MSAG5200-ISLMV-GDM-NODE482491
16721,29d0a19fbda725746cceeb32d6f8618c,MSAG5200-ISLND-PHG-NODE500241
16722,75aea4252f9ee72eb75e2bda4e8ac78f,C300MNW-MEE-NODE18887751
16723,184546eb59e9c5e212ecc3f19a93d6e1,UA5000(IPMB)SL-NODE385341
16724,d701aee04b60b731c19e64f8cb98530b,MSAG5200-ISLMV-GDM-NODE482491
16725,f654725a189af63d778c15e28406869a,MSAG5200-ISLMT-AVR-NODE467161
16726,578046c8b48f99dbb32ba29409b56563,MSAG5200-ISLMV-GDM-NODE482491
16727,ab5c8e39ad5e24f12a534b30d728360a,MSAG5200PH-AKG-NODE431631
16728,81fe6bb2d1c5469009626fd324568448,MSAG5200-ISLMV-GDM-NODE482491
16729,19e7dbb9588e6f2135ed301d73f34676,MSAG5200-ISLSI-DWS-NODE520721
16730,045122103640fc1c55efba4add913dcc,MSAG5200-ISLND-PHG-NODE500241
16731,d17762d9e9e2c520f159c86b1e5f313d,MSAG5200-ISLWKN-SWP-NODE473481
16732,c93f994147d77ebded2452b3ae597c33,MSAG5200-ISLGE-NODE5577981
16733,8b325650051d85836be355767042b9be,C300MNW-MEE-NODE18887751
16734,f3707667f66ab94e8aba35a2ece32209,C300MIDH-IDJ-NODE11065541
16735,3822a692be803ce65a0b9f7b87c20eb1,MSAG5200-ISLJA-PKV-NODE460421
16736,9924efa04013bbed8383136ac2fcaa8a,MSAG5200-ISLPC-AGT-NODE480031
16737,7aa06e78fa8754ca1cfc318c88832c9e,MSAG5200-ISLJA-PKV-NODE460421
16739,f24ddf5f08ebc0ef3585636754ad66f0,MSAG5200-ISLMLT-VMD-NODE4145091
16740,02ab436dc7b5a63579a44641db682ab1,MSAG5200-ISLMT-AVR-NODE467161
16741,69238c0949cf585168ba2f3f9a8c55cb,MSAG5200BG-NODE431391
16742,784384d51f5700d0d4057377873af5c3,MSAG5200-ISLMV-GDM-NODE482491
16743,a4a7a596cbaf8cd93802488c61ae3b93,MSAG5200-ISLND-PHG-NODE500241
16744,ef2e1817332b245a2496c7708d26f718,ZXDSL9806H-ISLKL-PRC-NODE482361
16746,0e57a4cdcbafc5fa6aed140e85bd47f0,MSAG5200-ISLMH-POL-NODE491451
16747,ea976d1eb1dca8981efaaa48c2336220,MSAG5200PH-AKG-NODE431631
16748,13546fbe549febaf1a06c251a81a61f4,UA5000(IPMB)SL-NODE385341
16749,4eb1ffd42c80a36396a4cd2bb9f3284c,MSAG5200-ISLMLT-VMD-NODE4145091
16750,00a8c3e3baed0557c31ab9b68a086ed2,C300MTP-NODE8700911
16751,450326f1c00dc7072efef91e85f57586,MSAG5200-ISLMT-AVR-NODE467161
16752,6aa0beeb0226622462e95030241f2d45,C300MTP-NODE8700911
16753,c5eefe86870a9bffac7af616670d72e5,MSAG5200BG-NODE431391
16754,e82f9bafe75f2eefac769f8e963cb69b,MSAG5200PH-AKG-NODE431631
16755,e04a6585fb6283f7d05f7a4ba121f17a,MSAG5200BG-NODE431391
16756,78536eeb1a13b6de31497918da3d054d,MSAG5200-ISLBZ-NODE435881
16757,69cf35dfa31af2bd728d476f43c8faab,MSAG5200-ISLSI-DWS-NODE520721
16758,54f16eb9c93bf0654c1a261e5c4af944,MSAG5200-ISLHK-OCC-NODE506561
16759,fb5b5d2333b68e9f1ff6c4bd6f208a81,MSAG5200-ISLWKN-SWP-NODE473481
16760,2306b1a9ec2a34b8961fe351a5f4ea7e,C300MNW-MEE-NODE18887751
16761,1c23b84b800de1544e3a32021ba61291,MSAG5200-ISLMLT-VMD-NODE4145091
16762,eb54db2cb247d73f4eeb060a4d60bbcd,MSAG5200-ISLTBL-NODE5577771
16763,620c449cec6401958f61e7d7a2fa1d96,MSAG5200BG-NODE431391
16764,73add6c6128dd7f65bb97a8e5af52c4c,MSAG5200-ISLBZ-NODE435881
16765,2ff128681d50b67ecd45f799b056d86c,MSAG5200-ISLVA-NKM-NODE481961
16766,6d36cf35702c0c18080dd691ba3713ed,C300MIDH-IDJ-NODE11065541
16767,d82ac4069c842bd72eb01df480dd55a4,C300MNW-MEE-NODE18887751
16768,8be03a45565c4d9b39053f51032cff6c,MSAG5200PH-AKG-NODE431631
16769,d12cfec3f3341754b73eeeb57a1c1c53,MSAG5200BG-NODE431391
16770,ed9186f15172ed3377babb2438883ed9,MSAG5200-ISLIDH-KGW-NODE6194491
16771,296cb7ef3325c432cbb6ee9f0bb66968,C300MNW-MEE-NODE18887751
16772,d6888f787c53ba9c98094745ebbcf27b,MSAG5200PH-AKG-NODE431631
16773,7e0a6c2b0efd570918d1a7d2c5dfa612,UA5000(IPMB)SL-NODE385341
16774,07a45a5c0b544c8f79f659c2c00c4c26,MSAG5200BG-NODE431391
16775,c58b1a47bdc703414f924ff2eab207e3,MSAG5200BG-NODE431391
16776,1f2557e213242dc04f3d50781d1a081a,MSAG5200BG-NODE431391
16777,516d75323fffd9e5ab90f2bbbcea2bcb,MSAG5200-ISLMT-AVR-NODE467161
16778,121a6f05e28800e6b08ba896b9d72425,C300MHT-NE-NODE8152461
16779,a8a94b12430f28514356bdd3b38f7772,MSAG5200BG-NODE431391
16780,c4fc9cfb88b4fa55f003014c6176d681,MSAG5200-ISLMV-GDM-NODE482491
16781,f98f6750211cfdc7fee9a826ff5293b4,MSAG5200-ISLND-PHG-NODE500241
16782,89f2312a8df79e88c2b6cd96880bbc6d,ZXDSL9806H-ISLKE-NRP-NODE495731
16783,c306b8fd818c0b58f6242d932bd751ba,MSAG5200-ISLPC-AGT-NODE480031
16784,fa5da6564e88dd61223e926525d39b4d,UA5000(IPMB)SL-NODE385341
16785,0b9c67d21fa2883687695482de31d631,C300MKI-NODE10668164
16786,46960b77dad950ddae76dd53bd7848cd,UA5000(IPMB)IM-NODE391531
16787,4dd51155385e44fdf8d82be5630963f8,MSAG5200-ISLMH-POL-NODE491451
16788,7fa3296ae71b6d2bb2ff46f97218940d,MSAG5200-ISLMT-AVR-NODE467161
16789,cc66aaac252bb6f6cdde8df430e622f5,MSAG5200-ISLMLT-VMD-NODE4145091
