,event_source.hash,201908,201909,201910,201911,201912,202001,202002,202003,202004,202005,202006,202007,202008,Usage_Rating_Scaled,Outlier,Usage_Rating_Categorical,outgoing_country,Revenue_on_Usage_Cumulative
0,007400db8afa996e788d23986739f3db,0.0625,0.0,0.0,0.0,0.0,0.0,0.0,0.0,0.0,0.0,0.0,0.0,0.0,0.004807692307692308,NO,LOW,['U.K.'],3033
1,009f305bf85a71012c0e343233e611ba,0.0,0.0,0.0,0.0,0.25,0.0,0.0,0.0,0.0,0.0,0.0,0.0,0.0,0.019230769230769232,NO,LOW,['Australia - Mobile'],234300
2,00cc5a820586ce291c0fa4c2a99a4816,0.0,0.0,0.0,0.0,0.0,0.0,0.0,0.0,0.0,0.0,0.25,0.16666666666666666,0.0,0.03205128205128205,NO,LOW,['India'],124020
3,011adeeaef79aeac706a2e7fc225e8f8,0.0,0.0,0.0,0.0,0.0,0.0,0.0,0.0,0.08333333333333333,0.0,0.0,0.0,0.0,0.00641025641025641,NO,LOW,['Australia - Mobile'],1800
4,0201ee9b60de662cdd16c885f178feea,0.0625,0.0,0.0,0.16666666666666666,0.0,0.0,0.16666666666666666,0.16666666666666666,0.0,0.0,0.0,0.0,0.0,0.04326923076923077,NO,LOW,['Italy - Mobile'],129300
5,027e6eb407d981fd043cbc08c3cdee8d,0.0,0.0,0.0,0.0,0.0,0.0,0.0,0.0,0.08333333333333333,0.0,0.0,0.0,0.0,0.00641025641025641,NO,LOW,['France'],2217
6,029b57551e576f248ff07c849db52fd6,0.1875,0.16666666666666666,0.0,0.0,0.0,0.0,0.0,0.0,0.0,0.0,0.0,0.0,0.0,0.02724358974358974,NO,LOW,"['U.K.', 'Oman-Mobile ']",261983
7,029c7817843470cd12b4b673d95ef6e3,0.0,0.0,0.08333333333333333,0.0,0.08333333333333333,0.08333333333333333,0.0,0.0,0.0,0.0,0.0,0.0,0.16666666666666666,0.03205128205128205,NO,LOW,"['Australia - Mobile', 'Australia']",40533
8,03b5d13a7949d99e793afdfe07dd73cb,0.0625,0.16666666666666666,0.25,0.75,0.75,0.5,0.75,0.5,0.0,0.0,0.75,0.5,0.25,0.40224358974358976,YES,MEDIUM,"['United Arab Emirates', 'United Arab Emirates  - Mobile']",1477002
9,03bb72cb05e85b1d3f1d62291ad5804c,0.0,0.0,0.0,0.0,0.0,0.0,0.08333333333333333,0.08333333333333333,0.0,0.0,0.0,0.0,0.0,0.01282051282051282,NO,LOW,['Australia - Mobile'],5400
10,0480fbc41f1ab2d73ea50c0dda53b89e,0.0,0.08333333333333333,0.08333333333333333,0.25,0.25,0.25,0.16666666666666666,0.3333333333333333,0.6666666666666666,0.08333333333333333,0.25,1.0,0.25,0.28205128205128205,YES,LOW,['Australia'],1090716
11,04ec40da46c6ca65064a371a0a695f74,0.0625,0.16666666666666666,0.08333333333333333,0.0,0.0,0.75,0.0,0.0,0.5,0.08333333333333333,0.0,0.0,0.16666666666666666,0.13942307692307693,YES,LOW,['Australia - Mobile'],246000
12,0541411ea78d692ada524e8734da6bb2,0.0625,0.0,0.0,0.08333333333333333,0.08333333333333333,0.08333333333333333,0.16666666666666666,0.0,0.0,0.0,0.0,0.0,0.0,0.03685897435897435,NO,LOW,['Italy - Mobile'],55500
13,0598ebdbe1c730120b3c5504c9d90a9f,0.0625,0.08333333333333333,0.0,0.0,0.0,0.0,0.0,0.0,0.0,0.0,0.0,0.0,0.0,0.011217948717948716,NO,LOW,['Cyprus - Mobile'],39167
14,063f3be0a6af9f777434429112257c03,0.0,0.0,0.0,0.0,0.0,0.25,0.25,0.25,0.0,0.0,0.0,0.0,0.0,0.057692307692307696,NO,LOW,['Italy'],150348
15,06b3c8e2e60e881a571273d35220b8a5,0.0,0.0,0.0,0.0,0.0,0.0,0.0,0.08333333333333333,0.0,0.3333333333333333,0.375,0.0,0.0,0.060897435897435896,NO,LOW,['Australia'],164034
16,0720ca296bbcf06064fb86ec563e848b,0.0,0.0,0.0,0.0,0.0,0.0,0.08333333333333333,0.0,0.0,0.0,0.0,0.0,0.0,0.00641025641025641,NO,LOW,['Malaysia'],7600
17,076b3a0567c1542e3547b823cd6e046b,0.0,0.0,0.25,0.08333333333333333,0.5,1.0,0.0,0.0,0.0,0.0,0.0,0.0,0.0,0.14102564102564102,YES,LOW,"['Japan - Mobile', 'Qatar - Mobile']",817665
18,07f6d0cd07ac3e203cc248dbca90a990,0.0,0.0,0.08333333333333333,0.0,0.0,0.0,0.16666666666666666,0.0,0.0,0.0,0.0,0.0,0.0,0.019230769230769232,NO,LOW,"['Maldive Islands', 'Norway - Mobile']",188100
19,084c095166a65cb4b96bb72ecc802dd0,0.125,0.0,0.0,0.0,0.0,0.0,0.0,0.0,0.0,0.0,0.0,0.0,0.0,0.009615384615384616,NO,LOW,['India'],4030
20,09f8b3fd9047f40becb93d4c3caf3d3d,0.125,0.25,0.75,0.5,0.16666666666666666,0.16666666666666666,0.25,0.0,0.0,0.0,0.0,0.0,0.0,0.16987179487179485,YES,LOW,"['Australia - Mobile', 'Taiwan', 'Singapore']",503500
21,0a1e44aa19bed265fbae7478a126b252,0.0,0.16666666666666666,0.08333333333333333,0.0,0.16666666666666666,0.0,0.0,0.0,0.16666666666666666,0.16666666666666666,0.0,0.0,0.0,0.05769230769230768,NO,LOW,['United Arab Emirates'],252668
22,0a5c2d7f6617bcdba6360cd0d1b25578,0.0,0.0,0.16666666666666666,0.0,0.0,0.0,0.0,0.0,0.0,0.0,0.0,0.0,0.0,0.01282051282051282,NO,LOW,['Jordan - Mobile'],87500
23,0bac035db2a16b11b449063577f02f4f,0.0625,0.0,0.0,0.0,0.0,0.0,0.0,0.0,0.0,0.0,0.0,0.08333333333333333,0.0,0.011217948717948716,NO,LOW,['Australia - Mobile'],16500
24,0c059226310dd52f0f5b82951971cc93,0.0,0.0,0.0,0.08333333333333333,0.08333333333333333,0.0,0.0,0.0,0.0,0.0,0.0,0.0,0.0,0.01282051282051282,NO,LOW,['Australia - Mobile'],10200
25,0c20af486e4bedba32bf9770fbc45fb3,0.0,0.3333333333333333,0.3333333333333333,0.25,0.3333333333333333,0.0,0.0,0.25,0.3333333333333333,0.25,0.0,0.3333333333333333,0.3333333333333333,0.21153846153846154,YES,LOW,"['U.K.', 'Australia', 'U.S.A']",964193
26,0d58d0343683e03b754aa3817468395e,0.0625,0.0,0.0,0.0,0.0,0.0,0.0,0.0,0.0,0.0,0.0,0.0,0.0,0.004807692307692308,NO,LOW,['Australia'],5367
27,0de06a2cc05a13da6344d010532e4fb1,0.0,0.0,0.0,0.0,0.0,0.0,0.0,0.0,0.08333333333333333,0.0,0.0,0.0,0.0,0.00641025641025641,NO,LOW,['United Arab Emirates  - Mobile'],2333
28,0e0545ed88b2f49f753d30dc242f45bb,0.0,0.0,0.0,0.0,0.0,0.0,0.0,0.0,0.0,0.0,0.0,0.0,0.3333333333333333,0.02564102564102564,NO,LOW,['Canada'],94815
29,0e4d0edba56dc555531dcbff8936c4cb,0.0625,0.08333333333333333,0.08333333333333333,0.16666666666666666,0.25,0.08333333333333333,0.16666666666666666,0.75,0.25,0.25,0.375,0.08333333333333333,0.08333333333333333,0.20673076923076922,YES,LOW,"['UK - Mobile', 'Australia', 'Italy - Mobile']",334067
30,0e93cbe9089aff59783f78f649d6f303,0.0,0.0,0.08333333333333333,0.0,0.08333333333333333,0.0,0.0,0.25,0.0,0.0,0.0,0.0,0.0,0.03205128205128205,NO,LOW,"['Australia - Mobile', 'Italy - Mobile']",95400
31,0f1c21c06ec8b4e9179f702b34efe103,0.0,0.08333333333333333,0.0,0.0,0.0,0.0,0.0,0.0,0.0,0.0,0.0,0.0,0.0,0.00641025641025641,NO,LOW,['Australia'],2450
32,0f59d45888d46bd57b1b58a475f439d9,0.0625,0.25,1.0,1.0,1.0,0.25,0.25,0.25,0.0,0.0,0.0,0.25,0.0,0.3317307692307692,YES,MEDIUM,"['Australia', 'Oman-Mobile ']",4049700
33,0f61913d358d252f556dfd93a2d9b41b,0.125,0.0,0.0,0.0,0.0,0.0,0.0,0.0,0.0,0.0,0.0,0.0,0.0,0.009615384615384616,NO,LOW,['India'],13260
34,10bc4980dc3a344770a0d3e01fa8fbc2,0.0,0.0,0.0,0.0,0.0,0.08333333333333333,0.0,0.0,0.0,0.0,0.0,0.0,0.0,0.00641025641025641,NO,LOW,['Australia - Mobile'],10200
35,10c9a7fad7871f102e0bb1fde4262773,0.125,1.0,1.0,0.0,0.0,0.0,0.0,0.0,0.0,0.0,0.0,0.0,0.0,0.16346153846153846,YES,LOW,"['Germany', 'Malaysia']",1693317
36,1130f365a3683da739058139f369ccc5,0.0,0.0,0.0,0.0,0.0,0.0,0.3333333333333333,0.08333333333333333,0.0,0.0,0.0,0.0,0.0,0.03205128205128205,NO,LOW,"['Japan', 'Italy']",25352
37,124890dad6bc1a3d2297079fe56cc9bf,0.0,0.0,0.0,0.3333333333333333,0.3333333333333333,0.0,0.0,0.25,0.3333333333333333,0.0,0.0,0.0,0.0,0.09615384615384613,YES,LOW,['New Zealand'],950800
38,12495a1ade27b9e8ecb21d37ea056400,0.0,0.5,0.25,0.16666666666666666,0.0,0.0,0.0,0.0,0.0,0.0,0.0,0.0,0.0,0.07051282051282051,NO,LOW,['Qatar - Mobile'],708749
39,128f1fddf621dba21dbe814395eb2d20,0.75,0.75,0.5,0.3333333333333333,1.0,1.0,1.0,1.0,1.0,0.75,0.5625,1.0,1.0,0.8189102564102563,YES,HIGH,['Canada'],1620839
40,132576053423f9f8bd9aeacfd4436930,0.0,0.0,0.16666666666666666,0.16666666666666666,0.0,0.0,0.0,0.0,0.0,0.0,0.0,0.0,0.0,0.02564102564102564,NO,LOW,['United Arab Emirates  - Mobile'],46334
41,14895c1aef7d3b7c234bb946a35c2ee5,0.0,0.0,0.0,0.0,0.0,0.0,0.0,0.0,0.0,0.0,0.0,0.0,0.3333333333333333,0.02564102564102564,NO,LOW,['U.K.'],239050
42,1545985f4973a566e435592eea8a84fb,0.0625,0.0,0.0,0.08333333333333333,0.0,0.16666666666666666,0.0,0.16666666666666666,0.16666666666666666,0.0,0.125,0.0,0.0,0.05929487179487179,NO,LOW,['U.S.A'],45324
43,154aa58fd560d93f6435caeaf7ba4db5,0.0625,0.0,0.0,0.0,0.0,0.0,0.0,0.0,0.0,0.0,0.0,0.0,0.0,0.004807692307692308,NO,LOW,['U.S.A'],1388
44,155e084a860a8e011669338870e8bc7f,0.125,0.0,0.0,0.0,0.0,0.0,0.0,0.0,0.0,0.08333333333333333,0.0625,0.0,0.0,0.020833333333333332,NO,LOW,"['Australia', 'Tunisia']",303867
45,15d5e1896fc1afc13074efcd398edf8e,0.0,0.0,0.0,0.0,0.0,0.0,0.0,0.0,0.0,0.0,0.0,0.0,0.5,0.038461538461538464,NO,LOW,['U.K.'],19249
46,15d803445034665269663f7d2312b523,0.0,0.0,0.0,0.0,0.0,0.0,0.3333333333333333,0.0,0.0,0.0,0.0,0.0,0.0,0.02564102564102564,NO,LOW,['Australia - Mobile'],270900
47,1612e3da415b20eebf28d7a52a428a69,0.125,0.0,0.0,0.08333333333333333,0.0,0.0,0.0,0.0,0.0,0.0,0.0,0.0,0.0,0.016025641025641024,NO,LOW,['New Zealand - Mobile'],37033
48,16195107431d4bf91071113c02e7f959,0.5,0.3333333333333333,0.5,1.0,0.25,1.0,1.0,1.0,1.0,0.3333333333333333,0.125,0.0,0.0,0.5416666666666666,YES,MEDIUM,['United Arab Emirates  - Mobile'],10838667
49,16dbc6ca83a75f51f70d852a3cb1aa44,0.1875,0.0,0.25,0.5,1.0,0.3333333333333333,0.0,0.16666666666666666,0.08333333333333333,0.0,0.0,0.0,0.0,0.19391025641025642,YES,LOW,['Switzerland - Mobile'],2706500
50,171dac6dcb8dc43fdaee2a0150b82464,0.125,0.08333333333333333,0.0,0.0,0.0,0.0,0.0,0.0,0.0,0.0,0.0,0.0,0.0,0.016025641025641024,NO,LOW,['Australia'],14466
51,181e25f778e05ad6ddaa29d4df7af8d9,0.0625,0.25,0.25,0.3333333333333333,0.25,0.16666666666666666,0.0,0.3333333333333333,0.0,0.25,0.25,0.0,0.08333333333333333,0.17147435897435898,YES,LOW,['Canada'],664767
52,189d153ed80d6ecdae7fde4fb540a4f3,0.0,0.0,0.0,0.0,0.0,0.0,0.0,0.0,0.08333333333333333,0.0,0.0,0.0,0.0,0.00641025641025641,NO,LOW,['Lebanon'],13750
53,197acdce474cc8dbb31c858982a40ea3,0.25,1.0,0.6666666666666666,0.0,0.0,0.0,0.0,0.0,0.0,0.0,0.0,0.0,0.0,0.1474358974358974,YES,LOW,['Qatar - Mobile'],2483751
54,1a62d66b412d3149b87767473e073392,0.125,0.0,0.0,0.0,0.0,0.0,0.0,0.0,0.0,0.0,0.0,0.0,0.0,0.009615384615384616,NO,LOW,['New Zealand - Mobile'],80000
55,1a6c9e9b0b0da27f38ea0871e233699e,0.5,0.3333333333333333,0.3333333333333333,0.08333333333333333,0.3333333333333333,0.6666666666666666,0.0,0.25,0.25,0.0,0.0,0.0,0.0,0.21153846153846154,YES,LOW,['U.S.A'],1121690
56,1aff4e234e28883860ec811f58079384,0.0,0.16666666666666666,0.0,0.0,0.0,0.0,0.5,0.0,0.0,0.0,0.0,0.0,0.0,0.05128205128205128,NO,LOW,"['Canada', 'India']",49698
57,1b1a2cf9cdc804bb0644778768d1a28c,0.75,0.08333333333333333,0.08333333333333333,0.08333333333333333,0.08333333333333333,0.08333333333333333,0.08333333333333333,0.08333333333333333,0.5,0.0,0.375,0.08333333333333333,0.16666666666666666,0.18910256410256407,YES,LOW,"['Denmark - Mobile', 'Denmark']",616202
58,1b355845bc81803b7fc2f0cbaa94f014,0.0,0.0,0.75,0.0,0.16666666666666666,0.0,0.08333333333333333,0.5,0.0,0.0,0.0,0.0,0.0,0.11538461538461539,YES,LOW,"['Germany', 'France', 'India', 'U.K.']",136412
59,1cfa0cd56534abc01792cc73fbc771de,0.0,0.0,0.0,0.0,0.0,0.25,0.0,0.0,0.0,0.0,0.0,0.0,0.0,0.019230769230769232,NO,LOW,['Canada'],43937
60,1d26325ab6cedae6ddece98915e3593d,0.75,1.0,1.0,1.0,1.0,0.08333333333333333,0.25,0.08333333333333333,0.0,0.0,0.0,0.75,0.16666666666666666,0.46794871794871795,YES,MEDIUM,"['Australia - Mobile', 'UK - Mobile', 'New Zealand']",6129100
61,1dc533c9c85a488194977804cfe365c5,0.0,0.0,0.0,0.0,1.0,0.3333333333333333,0.0,0.0,0.0,0.0,0.0,0.0,0.0,0.10256410256410256,YES,LOW,['United Arab Emirates  - Mobile'],1182666
62,1e4c13e737c18ae2f2e8b039da828bd8,0.0625,0.5,0.25,0.5,0.3333333333333333,0.3333333333333333,0.08333333333333333,0.75,0.0,0.0,0.1875,0.08333333333333333,0.16666666666666666,0.25,YES,LOW,"['Australia - Mobile', 'Australia']",449984
63,1f576c5e12c070fe23fbed5e87c553a6,0.125,0.0,0.16666666666666666,0.0,1.0,1.0,1.0,1.0,0.3333333333333333,0.08333333333333333,0.0,0.6666666666666666,0.16666666666666666,0.4262820512820513,YES,MEDIUM,['United Arab Emirates  - Mobile'],5658996
64,1f867ac816759c0774a283898364dec5,0.0,0.0,0.08333333333333333,0.0,0.0,0.0,0.0,0.0,0.25,0.0,0.25,0.08333333333333333,0.5,0.08974358974358973,YES,LOW,"['France - Mobile', 'Switzerland - Mobile', 'Canada', 'Switzerland']",401636
65,20553805891f796374e3c3dc1e8a5cf9,0.0625,0.0,0.0,0.0,0.0,0.0,0.0,0.0,0.0,0.0,0.0,0.0,0.0,0.004807692307692308,NO,LOW,['United Arab Emirates  - Mobile'],4333
66,20b9b29cd2daae70207fef8b84e37f08,0.0,0.0,0.0,0.0,0.0,0.0,0.0,0.08333333333333333,0.0,0.0,0.0,0.0,0.0,0.00641025641025641,NO,LOW,['UK - Mobile'],9300
67,2125d0465254419b4141d16ba493a7a1,0.0,0.16666666666666666,0.0,0.0,0.0,0.0,0.0,0.25,0.0,0.0,0.125,0.0,0.0,0.041666666666666664,NO,LOW,"['Singapore', 'United Arab Emirates  - Mobile']",156400
68,2129091fe67df564246e44c81ea722dc,0.0,0.0,0.0,0.0,0.0,0.0,0.0,0.0,0.16666666666666666,0.0,0.0,0.0,0.0,0.01282051282051282,NO,LOW,['Saudi Arabia - Mobile'],30717
69,220c50ec725dfd1f0e38d453cf58f1ff,0.0,0.0,0.0,0.0,0.16666666666666666,0.0,0.0,0.3333333333333333,0.08333333333333333,0.25,0.1875,0.25,0.3333333333333333,0.1233974358974359,YES,LOW,"['U.K.', 'Australia', 'U.S.A', 'Singapore']",394923
70,22f91f68d787f423eb5d7f9eb7ee76f0,0.75,0.25,0.25,0.25,0.16666666666666666,0.25,0.16666666666666666,0.08333333333333333,0.25,0.16666666666666666,0.125,0.0,0.25,0.22756410256410253,YES,LOW,"['New Zealand - Mobile', 'Australia', 'U.S.A']",437737
71,25257246940b71ec610c16045c62146c,0.0,0.0,0.0,0.08333333333333333,0.0,0.0,0.0,0.0,0.0,0.0,0.0,0.0,0.0,0.00641025641025641,NO,LOW,['Japan - Mobile'],3000
72,255a45affe1a969df0d637048be256ed,0.0,0.0,0.0,0.0,0.0,0.0,0.0,0.0,0.0,0.3333333333333333,0.0,0.0,0.0,0.02564102564102564,NO,LOW,['U.S.A'],124133
73,256ca6fd748999e033e9ccd6b8535d82,0.0,0.0,0.3333333333333333,0.25,0.3333333333333333,0.16666666666666666,0.25,1.0,0.3333333333333333,0.3333333333333333,0.25,0.3333333333333333,0.3333333333333333,0.3012820512820513,YES,LOW,['U.K.'],1880433
74,25df24be1c74c1acd44001e933b65e82,0.25,0.75,0.08333333333333333,0.08333333333333333,0.08333333333333333,0.0,0.0,0.0,0.0,0.0,0.0,0.0,0.0,0.09615384615384616,YES,LOW,['Australia - Mobile'],190500
75,26a87af2622ab681238a991a2c8ac33c,0.0,0.0,0.0,0.0,0.0,0.0,0.0,0.16666666666666666,0.16666666666666666,0.0,0.5,0.25,0.0,0.08333333333333333,YES,LOW,['Australia - Mobile'],724500
76,26e1f97e5fa8a226ba2c85cf6932011f,0.25,0.16666666666666666,0.16666666666666666,0.3333333333333333,0.25,0.0,0.0,0.0,0.0,0.0,0.0,0.0,0.0,0.08974358974358973,YES,LOW,"['UK - Mobile', 'Australia', 'U.S.A', 'U.K.']",278873
77,27b7f28da49f510b171e0a65fc2e76ce,0.25,0.16666666666666666,0.75,1.0,1.0,1.0,1.0,1.0,1.0,0.25,0.75,0.6666666666666666,0.08333333333333333,0.6858974358974359,YES,HIGH,"['United Arab Emirates', 'United Arab Emirates  - Mobile']",10755668
78,27fb9058d3394bdbb0d9cf5e65054d8e,0.0,0.0,0.0,0.0,0.0,0.0,0.0,0.0,0.0,0.0,0.0,0.0,0.08333333333333333,0.00641025641025641,NO,LOW,['Germany - Mobile'],9900
79,28eacfec0b6b96c1a7ec792bb5efd724,0.0,0.0,0.0,0.16666666666666666,0.0,0.0,0.0,0.0,0.0,0.0,0.0,0.0,0.0,0.01282051282051282,NO,LOW,['France - Mobile'],44100
80,28fc68017d5cd141bafcee0d0c3e2e16,0.0,0.0,0.0,0.0,0.0,0.0,0.08333333333333333,0.0,0.0,0.0,0.0,0.0,0.0,0.00641025641025641,NO,LOW,['Saudi Arabia - Mobile'],9183
81,2ab20dc0b9187fcea613b3a90619282a,0.0,0.0,0.0,0.0,0.0,0.0,0.0,0.0,0.0,0.0,0.0625,0.08333333333333333,0.0,0.011217948717948716,NO,LOW,['Korea Republic Of - Mobile'],21266
82,2ab8436cc34b4f16de3c452300f975c3,0.0,0.0,1.0,1.0,0.08333333333333333,0.0,0.0,0.0,0.0,0.0,0.0,0.0,0.0,0.16025641025641027,YES,LOW,"['United Arab Emirates', 'Oman']",2502898
83,2c2938180da1015773240d3979fc9b35,0.375,0.08333333333333333,0.25,0.75,0.0,0.08333333333333333,0.08333333333333333,0.16666666666666666,0.5,0.0,0.0,0.16666666666666666,0.16666666666666666,0.2019230769230769,YES,LOW,['UK - Mobile'],777300
84,2dfde33c0353972bf881c79f50046502,0.0,0.0,0.08333333333333333,0.0,0.0,0.0,0.0,0.08333333333333333,0.0,0.0,0.0,0.0,0.0,0.01282051282051282,NO,LOW,['Italy - Mobile'],5100
85,2f5a13ad5902f624aac769ed2bd1952f,0.0,0.0,0.0,0.0,0.0,0.0,0.0,0.0,0.0,0.16666666666666666,0.0,0.0,0.0,0.01282051282051282,NO,LOW,['Australia - Mobile'],67800
86,301a321f8f09dc78170d30860d793bb8,0.0,0.08333333333333333,0.08333333333333333,0.0,0.0,0.0,0.0,0.0,0.0,0.0,0.0,0.0,0.0,0.01282051282051282,NO,LOW,"['France', 'India']",4151
87,31425379dca3db4950c9beaccbf40a40,0.0,0.0,0.0,0.0,0.0,0.0,0.0,0.08333333333333333,0.0,0.0,0.0,0.0,0.0,0.00641025641025641,NO,LOW,['India'],3315
88,316e3ed2196498dc2b376f69e3287864,0.0,0.0,0.0,0.0,0.0,0.0,0.0,0.08333333333333333,0.0,0.0,0.0,0.0,0.0,0.00641025641025641,NO,LOW,['Russia'],5867
89,32152b3aebe82070a6faeb8d775cf640,0.0,0.0,0.0,0.0,0.16666666666666666,0.0,0.0,0.0,0.0,0.0,0.0,0.0,0.0,0.01282051282051282,NO,LOW,['Germany'],22400
90,32fffb552966cbf8a78e3dc70b0e2c7f,0.0,0.08333333333333333,0.0,0.0,0.0,0.16666666666666666,0.0,0.0,0.0,0.0,0.0,0.0,0.0,0.019230769230769232,NO,LOW,"['Australia - Mobile', 'Australia']",27700
91,341cf3a955537b59ee6a77a4da0ca2c8,0.1875,0.25,0.25,0.25,0.16666666666666666,0.3333333333333333,0.0,0.25,0.25,0.25,0.0625,0.3333333333333333,0.3333333333333333,0.2243589743589744,YES,LOW,['United Arab Emirates  - Mobile'],2516669
92,34274b91c0f1c153505764e0b91cafb2,0.375,0.0,0.0,0.0,0.0,0.08333333333333333,0.0,0.3333333333333333,0.0,0.0,0.0,0.0,0.0,0.060897435897435896,NO,LOW,"['Netherlands', 'Canada', 'U.K.']",276092
93,34cb91ec7bffe431e7bd53a56d24ad3b,0.0,0.0,0.08333333333333333,0.0,0.0,0.0,0.16666666666666666,0.16666666666666666,0.0,0.0,0.25,0.0,0.0,0.05128205128205128,NO,LOW,['Australia'],203934
94,34daf90db8e49c5044ddc7d3380b6892,0.0,0.08333333333333333,0.0,0.16666666666666666,0.0,0.08333333333333333,0.16666666666666666,0.0,0.0,0.0,0.125,0.0,0.0,0.04807692307692308,NO,LOW,"['Switzerland - Mobile', 'UK - Mobile', 'Bangladesh - Mobile', 'Singapore']",158500
95,358ac2b2fd5500469f2f2b18df111306,0.25,0.08333333333333333,0.0,0.0,0.0,0.0,0.0,0.0,0.0,0.0,0.0,0.0,0.0,0.02564102564102564,NO,LOW,['Australia - Mobile'],33300
96,358aede375ab057032386825f910baa2,0.75,0.3333333333333333,0.0,0.0,0.08333333333333333,0.0,0.0,0.0,0.0,0.0,0.1875,0.0,0.0,0.10416666666666666,YES,LOW,"['Australia - Mobile', 'U.K.', 'China']",619633
97,35d678929dbaa56ab419bdcdcc764658,0.0,0.0,0.0,0.0,0.0,0.0,0.0,0.16666666666666666,0.16666666666666666,0.0,0.0,0.0,0.0,0.02564102564102564,NO,LOW,['Italy'],23847
98,35f2c3752b662cc9a63b636b50175836,0.0,0.0,0.0,0.08333333333333333,0.0,0.0,0.25,0.16666666666666666,0.16666666666666666,0.0,0.0,0.08333333333333333,0.0,0.057692307692307696,NO,LOW,"['New Zealand - Mobile', 'Canada', 'France', 'UK - Mobile']",106257
99,35f69e6ad0294c250534e687a6d506c2,0.125,0.08333333333333333,0.5,0.25,0.08333333333333333,0.08333333333333333,0.5,0.08333333333333333,0.08333333333333333,0.08333333333333333,0.1875,0.08333333333333333,0.0,0.1650641025641026,YES,LOW,"['Australia - Mobile', 'U.S.A']",318495
100,386a8056bda880cb6f39866038817971,0.1875,0.0,0.0,0.0,0.0,0.0,0.3333333333333333,0.0,0.0,0.0,0.0,0.0,0.0,0.04006410256410256,NO,LOW,['Australia'],264483
101,38a1e34a610db93a7e0c689ee83d6fda,0.0,0.0,0.0,0.0,0.0,0.0,0.75,0.0,0.0,0.0,0.0,0.0,0.0,0.057692307692307696,NO,LOW,['Qatar - Mobile'],165834
102,38e30e587d665e0c8ef43facdabb3f38,0.125,0.25,0.25,0.25,0.25,0.25,0.25,0.08333333333333333,0.16666666666666666,0.08333333333333333,0.1875,0.16666666666666666,0.25,0.19711538461538458,YES,LOW,"['France - Mobile', 'Germany', 'Australia - Mobile']",1346783
103,38fa17c37f34b7c3cbab423c31f21c13,0.0,0.0,0.0,0.0,0.0,0.0,0.0,0.0,0.25,0.0,0.0,0.0,0.0,0.019230769230769232,NO,LOW,['U.S.A'],55860
104,392f8376d4cc437cf3bbe01ecfef6ba5,0.0,0.0,0.0,0.0,0.0,0.0,0.0,0.0,0.0,0.0,0.0625,0.0,0.0,0.004807692307692308,NO,LOW,['UK - Mobile'],1200
105,39cc573a156f044a13801b26d5379370,0.0,0.0,0.0,0.0,0.16666666666666666,0.0,0.0,0.0,0.0,0.0,0.0,0.0,0.0,0.01282051282051282,NO,LOW,['Kuwait -Mobile'],31800
106,39ead78669bce1a8b4feb93fa3dfc13c,0.0,0.0,0.0,0.0,0.0,0.5,0.25,0.25,0.0,0.0,0.0,0.0,0.0,0.07692307692307693,NO,LOW,"['Japan', 'Australia']",172318
107,3a2e20f170cecbe0719bfaaa471dfa83,0.0,0.08333333333333333,0.0,0.0,0.0,0.0,0.0,0.0,0.0,0.0,0.0,0.0,0.0,0.00641025641025641,NO,LOW,['Maldive Islands'],16133
108,3a41dd3efb28bec3a7acc406dff4e0c8,0.0,0.3333333333333333,1.0,1.0,1.0,1.0,1.0,1.0,1.0,0.3333333333333333,0.75,1.0,1.0,0.8012820512820513,YES,HIGH,['U.S.A'],4050748
109,3a6276fe3192e10f28ab93fedb94b9f2,0.1875,0.75,0.3333333333333333,0.16666666666666666,0.3333333333333333,0.3333333333333333,0.0,1.0,1.0,0.3333333333333333,0.75,0.25,0.16666666666666666,0.43108974358974356,YES,MEDIUM,['Canada'],1395925
110,3af183f2f0453303c8dd38bde83f586f,0.75,0.6666666666666666,0.25,0.3333333333333333,0.25,0.0,1.0,0.25,0.3333333333333333,1.0,0.0625,0.25,0.25,0.4150641025641026,YES,MEDIUM,"['Australia - Mobile', 'U.K.', 'U.S.A']",4665681
111,3b243a0b7e610b79712a8fb19eb6f555,0.125,0.0,0.0,0.25,0.25,0.5,0.3333333333333333,0.6666666666666666,0.3333333333333333,0.0,0.0,0.0,0.16666666666666666,0.20192307692307693,YES,LOW,"['Jordan - Mobile', 'Korea Republic Of - Mobile']",2922516
112,3b75413c2234782a000fe9944c60daab,0.1875,0.16666666666666666,0.16666666666666666,0.16666666666666666,0.3333333333333333,0.08333333333333333,0.16666666666666666,0.16666666666666666,0.0,0.0,0.0625,0.25,0.16666666666666666,0.14743589743589744,YES,LOW,"['Australia - Mobile', 'UK - Mobile', 'U.S.A', 'India']",219445
113,3bcf425eb655ba4a6853bdd798f45fac,0.0,0.0,0.0,0.0,0.0,0.16666666666666666,0.0,0.08333333333333333,0.08333333333333333,0.0,0.0,0.25,0.08333333333333333,0.05128205128205128,NO,LOW,"['Australia - Mobile', 'U.K.', 'Australia', 'U.S.A']",170310
114,3c4c9799f94bc608bdb262f963478358,0.0,0.0,0.0,0.0,0.0,0.0,0.0,0.25,0.0,0.0,0.0,0.0,0.0,0.019230769230769232,NO,LOW,['Kuwait -Mobile'],89700
115,3c7e33ce463f2e1a1327783dbfe922e9,0.0,0.0,0.0,0.0,0.25,0.0,0.0,0.0,0.0,0.0,0.0,0.0,0.0,0.019230769230769232,NO,LOW,['Australia'],57050
116,3e7e191b7d879038577c1b323b858e99,0.0,0.0,0.0,0.08333333333333333,0.0,0.08333333333333333,0.16666666666666666,0.08333333333333333,0.0,0.08333333333333333,0.0,0.16666666666666666,0.16666666666666666,0.0641025641025641,NO,LOW,['France - Mobile'],149100
117,3e8683609c68fe0cc7771acb0f1716ce,0.5,0.25,0.0,0.25,0.16666666666666666,0.16666666666666666,0.0,0.0,0.0,0.0,0.125,0.0,0.0,0.11217948717948717,YES,LOW,['Qatar - Mobile'],1340416
118,3ec6441eb5df6ef9ba2bdd63f919ce8b,0.0,0.0,0.08333333333333333,0.16666666666666666,0.0,0.0,0.0,0.0,0.0,0.0,0.375,0.16666666666666666,0.0,0.060897435897435896,NO,LOW,['United Arab Emirates'],148000
119,3f16df551a137e02d1b2c1b06076636d,0.0,0.16666666666666666,0.0,0.0,0.0,0.0,0.25,0.0,0.0,0.0,0.0,0.0,0.16666666666666666,0.044871794871794865,NO,LOW,['Australia - Mobile'],357300
120,3f457223b4ab99aca778c3ffc45d35fb,0.0,0.0,0.08333333333333333,0.0,0.0,0.0,0.0,0.0,0.0,0.0,0.0,0.0,0.0,0.00641025641025641,NO,LOW,['U.S.A'],1715
121,3f9af1e9d0c70041608ae194f656ea19,0.0625,0.3333333333333333,0.16666666666666666,0.08333333333333333,0.16666666666666666,0.0,0.0,0.0,0.0,0.0,0.0,0.25,0.16666666666666666,0.09455128205128206,YES,LOW,"['Australia - Mobile', 'UK - Mobile', 'Barbados', 'U.S.A', 'United Arab Emirates']",468698
122,3fbe5da2b888637d2c55a3a50c2860e8,0.75,1.0,0.16666666666666666,1.0,0.3333333333333333,0.16666666666666666,0.08333333333333333,0.25,0.08333333333333333,0.0,0.5625,1.0,0.3333333333333333,0.44070512820512825,YES,MEDIUM,"['United Arab Emirates', 'United Arab Emirates  - Mobile']",3349663
123,3ff964e1c7d3ad62aba6a032cdb80e64,0.0,0.0,0.0,0.16666666666666666,0.08333333333333333,0.08333333333333333,0.25,0.25,0.16666666666666666,0.0,0.1875,0.0,0.16666666666666666,0.10416666666666667,YES,LOW,"['Canada', 'Australia', 'U.S.A', 'Singapore']",179918
124,4006fa22ee43ef7a18c02d794fba96ee,0.0,0.0,0.16666666666666666,0.16666666666666666,0.16666666666666666,0.75,0.0,0.0,0.0,0.0,0.0,0.0,0.0,0.09615384615384616,YES,LOW,"['Australia - Mobile', 'United Arab Emirates  - Mobile']",329667
125,40316888f773134364ae711ebdfdc791,0.0,0.0,0.16666666666666666,0.0,0.0,0.0,0.0,0.0,0.0,0.0,0.0,0.0,0.0,0.01282051282051282,NO,LOW,['France - Mobile'],78300
126,41b126062cfcfd5e909511675878bacd,0.1875,0.0,0.0,0.0,0.0,0.0,0.0,0.0,0.0,0.0,0.0,0.0,0.0,0.014423076923076924,NO,LOW,['Kuwait -Mobile'],125700
127,41ccbe2e8e9090a7dff45edc35d3aaba,0.0,0.0,0.0,0.08333333333333333,0.0,0.0,0.0,0.0,0.0,0.0,0.0,0.0,0.0,0.00641025641025641,NO,LOW,['U.S.A'],1715
128,425ba7dcfe17742aba8994becf53c229,0.75,1.0,1.0,0.3333333333333333,0.16666666666666666,1.0,0.08333333333333333,0.08333333333333333,0.0,0.0,0.0,0.0,0.0,0.3397435897435897,YES,MEDIUM,"['Australia - Mobile', 'UK - Mobile', 'U.K.', 'Singapore']",4743351
129,42ef31070c3f3b03aea3676aba7cb740,0.1875,0.0,0.6666666666666666,0.16666666666666666,0.16666666666666666,0.0,0.25,0.3333333333333333,0.25,0.0,0.0625,0.08333333333333333,0.0,0.16666666666666666,YES,LOW,"['U.K.', 'Australia', 'UK - Mobile']",462082
130,430816a525002fb012100f9bf8e27f8d,0.0625,0.0,0.0,0.0,0.25,0.16666666666666666,0.0,0.3333333333333333,0.6666666666666666,0.08333333333333333,0.0,0.0,0.0,0.12019230769230768,YES,LOW,"['New Zealand - Mobile', 'Oman-Mobile ']",1415335
131,43268939e4a85aceeeceea70004d5c5a,0.0,0.0,0.0,0.0,0.25,0.0,0.0,0.0,0.0,0.0,0.0,0.0,0.0,0.019230769230769232,NO,LOW,['UK - Mobile'],144600
132,450326f1c00dc7072efef91e85f57586,0.375,0.0,0.0,1.0,0.75,0.0,1.0,0.5,0.08333333333333333,0.5,0.0625,0.5,0.0,0.3669871794871795,YES,MEDIUM,['United Arab Emirates  - Mobile'],2039333
133,453ed6d12a91a35cfc44d0b2e691a6c0,0.0,0.0,0.0,0.25,0.08333333333333333,0.0,0.0,0.0,0.0,0.0,0.0,0.0,0.0,0.02564102564102564,NO,LOW,['France - Mobile'],231000
134,474aef26dacb4f2c3ac5983e175e18e4,0.0,0.0,0.0,0.0,0.0,0.0,0.0,0.08333333333333333,0.0,0.0,0.0,0.0,0.0,0.00641025641025641,NO,LOW,['Qatar - Mobile'],14167
135,47ba00bc83a14e1985ca9a031d52efe3,0.0,0.0,0.0,0.08333333333333333,0.25,0.08333333333333333,0.25,0.0,0.0,0.0,0.0,0.0,0.08333333333333333,0.057692307692307696,NO,LOW,['Italy - Mobile'],393000
136,48a7ca602fcfdf28093541cb00d613bb,0.0,0.0,0.0,0.0,0.0,0.0,0.25,0.0,0.0,0.0,0.0,0.0,0.0,0.019230769230769232,NO,LOW,['U.S.A'],31360
137,48ea05c4757616b5d14028a79acc8a59,0.1875,0.16666666666666666,0.0,0.16666666666666666,0.5,0.16666666666666666,0.25,0.0,0.0,0.0,0.0,0.0,0.0,0.11057692307692307,YES,LOW,"['Korea Republic Of', 'Indonesia - Mobile', 'India']",255885
138,491c706a7512c044872648b069944e64,0.0,0.0,0.0,0.0,0.0,0.0,0.16666666666666666,0.0,0.0,0.0,0.0,0.0,0.0,0.01282051282051282,NO,LOW,['Qatar - Mobile'],67083
139,4934f6949e8de1fc44432cfc1e39a9d8,0.0,0.0,0.0,0.0,0.0,0.0,0.0,0.0,0.16666666666666666,0.0,0.0,0.0,0.0,0.01282051282051282,NO,LOW,['Australia'],13650
140,49fd02fe57ba3852a8ae4fe55a5237f4,0.0,0.0,0.0,0.0,0.0,0.0,0.0,0.3333333333333333,0.0,0.0,0.0,0.0,0.0,0.02564102564102564,NO,LOW,['Qatar - Mobile'],677500
141,4a475b16493e3774d09eaf35ff514b97,0.0,0.0,0.0,0.0,0.0,0.3333333333333333,0.16666666666666666,0.0,0.3333333333333333,0.0,0.0,0.0,0.0,0.0641025641025641,NO,LOW,['U.S.A'],101593
142,4b1bf57b9f02b67e54c5a36647d51f0c,0.0,0.0,0.0,0.0,0.0,0.0,0.0,0.25,0.0,0.0,0.0,0.0,0.0,0.019230769230769232,NO,LOW,['Australia - Mobile'],92400
143,4bbf6b545148fcd1729da7a9b25b1fe8,0.0,0.0,0.3333333333333333,0.0,0.0,0.0,0.0,0.16666666666666666,0.25,0.0,0.0,0.08333333333333333,0.0,0.06410256410256411,NO,LOW,['Korea Republic Of - Mobile'],693366
144,4c4675487bb19a93b735663cce8b33e9,0.0,0.0,0.0,0.16666666666666666,0.08333333333333333,0.0,0.16666666666666666,0.0,0.0,0.0,0.0,0.08333333333333333,0.16666666666666666,0.05128205128205128,NO,LOW,"['UK - Mobile', 'Canada', 'U.K.']",112532
145,4c9365df447c5c9fb28566a4a517933d,0.25,0.0,0.16666666666666666,0.08333333333333333,0.0,0.25,0.16666666666666666,0.16666666666666666,0.5,0.5,0.125,0.16666666666666666,0.0,0.18269230769230765,YES,LOW,['Australia - Mobile'],714000
146,4ce2ac785d4cfa6a31d37680a60855a0,0.0,0.0,0.0,0.0,0.0,0.0,0.3333333333333333,0.0,0.0,0.0,0.0,0.0,0.0,0.02564102564102564,NO,LOW,['U.S.A'],134178
147,4cebd60d20845469364f6af9bf875cdd,0.0,0.0,0.0,0.0,0.08333333333333333,0.0,0.0,0.0,0.0,0.0,0.0,0.0,0.0,0.00641025641025641,NO,LOW,['Saudi Arabia'],8233
148,4d384b3ff38d7b7060eb1fea680200ab,0.1875,1.0,1.0,0.16666666666666666,0.0,0.0,1.0,1.0,1.0,1.0,0.5,0.5,0.25,0.5849358974358975,YES,MEDIUM,['Australia - Mobile'],4149300
149,4dbd986709b12a3f50c28b75842592b2,0.125,0.0,0.5,0.0,0.3333333333333333,0.5,0.08333333333333333,0.25,0.16666666666666666,0.25,0.0,0.0,0.0,0.16987179487179485,YES,LOW,"['Canada', 'United Arab Emirates  - Mobile']",214647
150,4eb1ffd42c80a36396a4cd2bb9f3284c,0.0,0.0,0.08333333333333333,0.08333333333333333,0.0,0.0,0.0,0.0,0.0,0.0,0.0,0.0,0.0,0.01282051282051282,NO,LOW,['Canada'],2123
151,4f181bb9708a8702c9e96fd6990222b1,0.25,0.08333333333333333,0.0,0.0,0.0,0.0,0.0,0.0,0.16666666666666666,0.0,0.0,0.16666666666666666,0.5,0.08974358974358973,YES,LOW,"['Australia - Mobile', 'Canada', 'Australia']",251616
152,4ff7845abe4518b8ecd264564de98f10,0.0,0.0,0.0,0.0,0.0,0.0,0.08333333333333333,0.0,0.0,0.0,0.0,0.0,0.0,0.00641025641025641,NO,LOW,['Germany'],6650
153,50f33168b2c198867206f509a5c75831,0.0,0.0,0.25,0.0,0.0,0.0,0.0,0.0,0.0,0.0,0.0,0.0,0.0,0.019230769230769232,NO,LOW,['India'],24570
154,516d75323fffd9e5ab90f2bbbcea2bcb,0.0625,0.0,0.0,0.0,0.08333333333333333,0.3333333333333333,0.0,0.08333333333333333,0.3333333333333333,0.0,0.0625,0.0,0.0,0.0737179487179487,NO,LOW,"['France - Mobile', 'Australia - Mobile']",710700
155,52380877b36538ec9c9a44084bea19e5,0.125,0.0,0.0,0.0,0.0,0.0,0.0,0.0,0.0,0.0,0.0,0.0,0.0,0.009615384615384616,NO,LOW,['India'],5200
156,536f73416d903202def0c0546c2bff27,0.0625,0.25,0.08333333333333333,0.5,0.0,0.0,0.25,0.25,0.3333333333333333,0.16666666666666666,0.375,0.25,0.16666666666666666,0.20673076923076922,YES,LOW,"['Australia - Mobile', 'U.S.A', 'United Arab Emirates  - Mobile']",847977
157,53a549afb1165058c3d9d03cd604877c,0.0,0.0,0.0,0.0,0.08333333333333333,0.0,0.0,0.25,0.25,0.0,0.0,0.0,0.0,0.044871794871794865,NO,LOW,"['United Arab Emirates', 'U.S.A', 'Qatar']",317328
158,541aae494e0ca618c497cca547a12194,0.0,0.0,0.0,0.0,0.0,0.0,0.0,0.16666666666666666,0.0,0.0,0.0,0.0,0.0,0.01282051282051282,NO,LOW,['United Arab Emirates  - Mobile'],59333
159,54608c7d53ad49deb29008a2ce0ee791,0.0,0.0,0.0,0.0,0.0,0.0,0.0,0.08333333333333333,0.16666666666666666,0.0,0.25,0.0,0.0,0.038461538461538464,NO,LOW,['U.S.A'],158760
160,54f16eb9c93bf0654c1a261e5c4af944,0.0,0.0,0.0,0.0,0.0,0.0,0.08333333333333333,0.0,0.0,0.0,0.0,0.0,0.0,0.00641025641025641,NO,LOW,['U.S.A'],1388
161,552d18e8515f81cf52f85d1cb995de16,0.125,0.0,0.16666666666666666,0.25,0.0,0.0,0.0,0.0,0.0,0.0,0.0,0.0,0.16666666666666666,0.05448717948717948,NO,LOW,"['Australia - Mobile', 'Japan - Mobile', 'United Arab Emirates  - Mobile']",294934
162,5535b8544edef2d228253e7debf13956,0.0,0.0,0.0,0.0,0.08333333333333333,0.0,0.0,0.0,0.0,0.0,0.0,0.0,0.0,0.00641025641025641,NO,LOW,['U.K.'],2450
163,5626538af57846eb81bd47c15b54b21d,0.0625,0.0,0.0,0.0,0.3333333333333333,0.0,0.0,0.0,0.0,0.0,0.0,0.0,0.0,0.030448717948717948,NO,LOW,"['Australia - Mobile', 'Australia']",195250
164,569ab7e43caa3fb5a95985090308da45,0.125,0.25,0.16666666666666666,0.6666666666666666,0.3333333333333333,0.6666666666666666,0.25,0.25,0.25,0.08333333333333333,0.125,0.16666666666666666,0.25,0.2756410256410256,YES,LOW,['Italy - Mobile'],1870800
165,572c8c7af56c5dab11678cec81e0e465,0.0,0.0,0.08333333333333333,0.0,0.08333333333333333,0.0,0.0,0.0,0.0,0.0,0.0,0.0,0.0,0.01282051282051282,NO,LOW,['Qatar - Mobile'],15000
166,578046c8b48f99dbb32ba29409b56563,0.0,0.0,0.0,0.0,0.0,0.16666666666666666,0.3333333333333333,0.0,0.0,0.0,0.0,0.0,0.0,0.038461538461538464,NO,LOW,"['U.K.', 'Singapore']",218217
167,57f81eff21ce3f03dd69d2837cf9b038,0.0,0.0,0.0,0.0,0.3333333333333333,0.0,0.0,0.0,0.0,0.0,0.0,0.0,0.0,0.02564102564102564,NO,LOW,['UK - Mobile'],282000
168,57fd5d0fd4a5a64994dcef7be5cb3409,0.0,0.0,0.0,0.0,0.0,0.0,0.0,0.16666666666666666,0.0,0.0,0.0,0.0,0.0,0.01282051282051282,NO,LOW,['France - Mobile'],21000
169,5894054ea2bc1f847421efa6780afd11,0.0,0.16666666666666666,0.0,0.0,0.0,0.0,0.0,0.0,0.0,0.0,0.0,0.0,0.0,0.01282051282051282,NO,LOW,['Korea Republic Of'],27867
170,58e8edd99ccc4f147d62fedc6bdc0536,0.0,0.0,0.0,0.0,0.3333333333333333,0.0,0.0,0.0,0.0,0.0,0.0,0.0,0.0,0.02564102564102564,NO,LOW,['United Arab Emirates'],317000
171,58e984be6f8750f5707066e93086ed05,0.0,0.0,0.0,0.16666666666666666,0.0,0.0,0.0,0.0,0.0,0.0,0.0,0.0,0.0,0.01282051282051282,NO,LOW,['United Arab Emirates  - Mobile'],35667
172,5aa899bf785247fd5e97694c53e95742,0.0625,0.0,0.25,0.0,0.08333333333333333,0.0,0.25,0.08333333333333333,0.0,0.0,0.75,0.08333333333333333,0.0,0.12019230769230768,YES,LOW,"['France - Mobile', 'Australia', 'Australia - Mobile', 'France']",385033
173,5b36830364aac0e222251e82733bc585,0.75,1.0,0.3333333333333333,1.0,1.0,1.0,1.0,1.0,1.0,0.6666666666666666,0.75,1.0,0.3333333333333333,0.8333333333333333,YES,HIGH,['U.S.A'],4801998
174,5b3d2ecbe5f8733b1d20f5729e0a3f6d,0.0,0.3333333333333333,0.0,0.25,0.6666666666666666,0.25,0.3333333333333333,0.0,0.0,0.0,0.0,0.08333333333333333,0.0,0.1474358974358974,YES,LOW,"['UK - Mobile', 'United Arab Emirates  - Mobile', 'U.K.', 'Italy - Mobile', 'India', 'Switzerland']",1362521
175,5bb03273e10f7df788d5cf560f83a7e5,0.0625,0.0,0.0,0.0,0.0,0.08333333333333333,0.0,0.0,0.08333333333333333,0.0,0.0,0.0,0.0,0.017628205128205125,NO,LOW,['Italy - Mobile'],29700
176,5be8e1d39f6ab638d17b91c96d96b1cb,0.125,0.0,0.25,0.3333333333333333,0.3333333333333333,0.3333333333333333,0.0,0.3333333333333333,0.0,0.0,0.0,0.0,0.0,0.13141025641025642,YES,LOW,"['Netherlands', 'UK - Mobile']",2384400
177,5c7014778c124ba92ca6a098e78daa96,0.0,0.0,0.0,0.0,0.0,0.0,0.0,0.0,0.16666666666666666,0.0,0.0,0.0,0.0,0.01282051282051282,NO,LOW,['Jordan'],87500
178,5ceecb860a82548818da2c97880432e3,0.0,0.0,0.16666666666666666,0.0,0.0,0.0,0.0,0.0,0.25,0.0,0.0,0.0,0.0,0.03205128205128205,NO,LOW,"['France - Mobile', 'Oman-Mobile ']",183350
179,5d6227023c9468e89ded21d651981c27,0.0,0.0,0.25,0.0,0.0,0.0,0.0,0.0,0.0,0.0,0.0,0.0,0.0,0.019230769230769232,NO,LOW,['United Arab Emirates  - Mobile'],132333
180,5f3d6748040dfff6fdf405e67face60e,0.0,0.08333333333333333,0.0,0.0,0.0,0.0,0.08333333333333333,0.0,0.0,0.0,0.0,0.0,0.0,0.01282051282051282,NO,LOW,['UK - Mobile'],15000
181,5f4823ff977d6bcbd4fd5d5ee43341a8,0.0,0.0,1.0,0.0,0.0,0.0,0.0,0.0,0.0,0.0,0.0,0.0,0.0,0.07692307692307693,NO,LOW,['India'],68575
182,5fcdfbfb799f201d8ee31311d5279287,0.0,0.0,0.0,0.0,0.0,0.0,0.25,0.0,0.0,0.0,0.0,0.0,0.0,0.019230769230769232,NO,LOW,['Malaysia - Mobile'],107000
183,5fea9b5567a3814f57718fe99db525a0,0.0,0.0,0.0,0.0,0.0,0.0,0.0,0.0,0.0,0.16666666666666666,0.0,0.0,0.0,0.01282051282051282,NO,LOW,['United Arab Emirates  - Mobile'],46000
184,60b6a435634a63e3a5023674f3eb2a8b,0.0,0.0,0.0,0.0,0.0,0.75,0.08333333333333333,0.0,0.16666666666666666,0.16666666666666666,0.0,0.5,0.0,0.12820512820512822,YES,LOW,"['Germany', 'India']",136597
185,611e5a29db6689e85a9da5d68617dc75,0.0,0.08333333333333333,0.0,0.08333333333333333,0.08333333333333333,0.08333333333333333,0.0,0.3333333333333333,0.08333333333333333,0.08333333333333333,0.0625,0.16666666666666666,0.0,0.08173076923076923,YES,LOW,"['France - Mobile', 'France']",103399
186,6132f36005b52087a6532ae7fe928218,0.0625,0.08333333333333333,0.25,0.5,0.0,0.0,0.0,0.0,0.0,0.0,0.0,0.0,0.0,0.0689102564102564,NO,LOW,['Australia - Mobile'],31800
187,61951c50f24fae789131f6653b3cbd7a,0.0,0.0,0.25,0.0,0.0,0.08333333333333333,0.0,0.0,0.0,0.0,0.0,0.0,0.25,0.044871794871794865,NO,LOW,"['Germany', 'Belgium']",124616
188,61d67d49f1e8747af7fbbd1232e97eef,0.0,0.0,0.0,0.0,0.0,0.0,0.0,0.0,0.25,0.0,0.0,0.0,0.0,0.019230769230769232,NO,LOW,['Canada'],22377
189,62bb305a24c92cb7f073941a6f1cf4ab,0.75,0.75,0.3333333333333333,0.16666666666666666,0.08333333333333333,0.08333333333333333,1.0,0.0,0.0,0.0,0.0,0.0,0.0,0.2435897435897436,YES,LOW,"['New Zealand - Mobile', 'Malaysia']",1272401
190,63aac75c86229aa94cba7d8a9cfc4398,0.0,0.5,0.0,0.0,0.0,0.0,0.0,0.0,0.0,0.0,0.0625,0.0,0.0,0.04326923076923077,NO,LOW,['Australia - Mobile'],43200
191,63f18a48f7fb498812e942ff6582619b,0.0,0.0,0.0,0.0,0.0,0.0,0.08333333333333333,0.0,0.0,0.0,0.0625,0.0,0.0,0.011217948717948716,NO,LOW,['United Arab Emirates  - Mobile'],22666
192,640654d73e793985d8a0af054fb84a0f,0.0,0.0,0.3333333333333333,0.0,0.0,0.16666666666666666,0.0,0.08333333333333333,0.5,0.08333333333333333,0.25,0.08333333333333333,0.3333333333333333,0.141025641025641,YES,LOW,['Australia - Mobile'],510000
193,6446fd3149b40d0ae542969ad92dcdd4,0.0,0.0,0.0,0.0,0.0,0.16666666666666666,0.0,0.0,0.0,0.0,0.0,0.0,0.0,0.01282051282051282,NO,LOW,['Qatar - Mobile'],79167
194,64906ac25467e1f6745fb3bd3fab4b8a,0.1875,0.0,0.0,0.0,0.16666666666666666,0.16666666666666666,0.0,0.0,0.0,0.0,0.0,0.0,0.0,0.04006410256410256,NO,LOW,"['UK - Mobile', 'Australia', 'U.K.']",195634
195,652e635172257be9a86800505f7f908a,0.0,0.0,0.0,0.08333333333333333,0.0,0.0,0.0,0.0,0.0,0.0,0.0,0.0,0.0,0.00641025641025641,NO,LOW,['Italy - Mobile'],5700
196,6593bda8608b3bcdfab408daabf6e90e,0.125,0.0,0.0,0.0,0.0,0.0,0.0,0.3333333333333333,0.0,0.0,0.0,0.0,0.0,0.035256410256410256,NO,LOW,"['Canada', 'UK - Mobile']",161420
197,66bbab9297725a48b286e3877ce86a84,0.5625,1.0,1.0,0.0,0.0,0.0,0.0,0.0,0.0,0.0,0.0,0.0,0.0,0.1971153846153846,YES,LOW,['Korea Republic Of - Mobile'],982300
198,66cc2ee5785e4550f9d956fcc234e2b5,0.0,0.0,0.0,0.0,0.0,0.0,0.0,0.08333333333333333,0.0,0.0,0.0,0.0,0.0,0.00641025641025641,NO,LOW,['Saudi Arabia - Mobile'],18683
199,679c3ffd9a655a1e04327fb1edf4f618,0.75,0.3333333333333333,0.3333333333333333,1.0,1.0,0.16666666666666666,0.3333333333333333,1.0,1.0,0.3333333333333333,0.75,0.25,1.0,0.6346153846153846,YES,MEDIUM,"['U.K.', 'Canada']",8384256
200,67a5c72583d9625030befc9da30f801d,0.0,0.08333333333333333,0.0,0.0,0.0,0.08333333333333333,0.08333333333333333,0.25,0.0,0.0,0.0,0.0,0.0,0.03846153846153846,NO,LOW,['France - Mobile'],104400
201,69618a067865cf92431ed15d79f75226,0.0,0.0,0.0,0.0,0.0,0.0,0.0,0.25,0.0,0.0,0.0,0.0,0.0,0.019230769230769232,NO,LOW,['India'],32435
202,69ccad7c36e8c623de7855746231579e,0.0,0.0,0.08333333333333333,0.0,0.08333333333333333,0.0,0.0,0.0,0.0,0.16666666666666666,0.375,0.0,0.0,0.05448717948717948,NO,LOW,"['China - Mobile', 'Austria - Mobile', 'Russia']",59200
203,69cf35dfa31af2bd728d476f43c8faab,0.0625,0.25,0.08333333333333333,0.0,0.16666666666666666,0.25,0.08333333333333333,0.0,0.0,0.0,0.125,0.0,0.0,0.07852564102564102,NO,LOW,"['UK - Mobile', 'United Arab Emirates  - Mobile', 'U.K.', 'India', 'France']",154700
204,69d91c6f3d75bcd9954871981ec22795,0.75,0.6666666666666666,0.25,0.6666666666666666,0.25,0.75,0.0,0.16666666666666666,0.0,0.0,0.1875,0.25,0.0,0.30288461538461536,YES,LOW,['Australia'],814569
205,6aa0beeb0226622462e95030241f2d45,0.0,0.0,0.0,0.0,0.25,0.16666666666666666,0.0,0.0,0.0,0.0,0.0,0.0,0.0,0.03205128205128205,NO,LOW,['U.K.'],123667
206,6b5a53275e58e99ff6b4b5ca8e2419ba,0.0,0.0,0.0,0.0,0.0,0.0,0.0,0.0,0.0,0.0,0.1875,0.0,0.0,0.014423076923076924,NO,LOW,['Pakistan - Mobile'],194400
207,6c397f70bdbc607bfbef7772a54fb239,0.0,0.08333333333333333,0.0,0.0,0.25,0.0,0.16666666666666666,0.08333333333333333,0.0,0.0,0.0,0.16666666666666666,0.08333333333333333,0.06410256410256411,NO,LOW,"['Australia - Mobile', 'UK - Mobile', 'U.K.']",334450
208,6c429b4930e0b602e9fe34087c534f59,0.0,0.0,0.0,0.0,0.0,0.08333333333333333,0.0,0.0,0.08333333333333333,0.0,0.0,0.08333333333333333,0.08333333333333333,0.02564102564102564,NO,LOW,['Australia - Mobile'],18600
209,6c4664362bd61f75c20e8db0946eb930,0.0625,0.08333333333333333,0.0,0.25,0.0,0.25,0.0,0.0,0.0,0.0,0.0,0.0,0.0,0.049679487179487176,NO,LOW,"['Barbados', 'Australia', 'New Zealand']",158166
210,6cf9a568ef3c58e32580a5633228f41a,0.25,0.16666666666666666,0.0,0.25,1.0,0.25,0.0,0.25,0.0,0.25,0.125,0.6666666666666666,0.3333333333333333,0.2724358974358974,YES,LOW,['UK - Mobile'],2294100
211,6d05264c962bca2de27e7a00c85ef5ef,0.0625,0.0,0.3333333333333333,0.0,0.16666666666666666,0.3333333333333333,0.16666666666666666,0.25,0.3333333333333333,0.08333333333333333,0.0,0.16666666666666666,0.16666666666666666,0.15865384615384615,YES,LOW,"['United Arab Emirates', 'U.K.', 'Australia - Mobile', 'United Arab Emirates  - Mobile']",2179286
212,6d6e71780151e01915a1fe8aa99b1665,0.0,0.0,0.0,0.0,0.0,0.0,0.0,0.08333333333333333,0.0,0.0,0.0,0.0,0.0,0.00641025641025641,NO,LOW,['U.S.A'],3022
213,6d6eeb3bba32487b064be3e514c68a5e,0.0,0.16666666666666666,0.0,0.0,0.0,0.0,0.0,0.0,0.0,0.0,0.0,0.0,0.0,0.01282051282051282,NO,LOW,['U.S.A'],9718
214,6eb7c7e72cb90d69c265a98a69d7e377,0.125,0.25,0.0,0.08333333333333333,0.08333333333333333,0.0,0.0,0.0,0.0,0.0,0.0,0.0,0.0,0.041666666666666664,NO,LOW,['Italy - Mobile'],169500
215,6ee751dfbc727b1b579a188ce1d008e3,0.0,0.0,0.0,0.0,0.0,0.08333333333333333,0.0,0.0,0.0,0.0,0.0,0.0,0.08333333333333333,0.01282051282051282,NO,LOW,['Japan - Mobile'],10000
216,6f22328dd88a24303a7718e4b3bb7bb0,0.0,0.0,0.0,0.0,0.08333333333333333,0.08333333333333333,0.16666666666666666,0.16666666666666666,0.5,0.08333333333333333,0.25,0.25,0.0,0.12179487179487179,YES,LOW,"['Canada', 'Australia', 'U.S.A']",245490
217,709d2f2bbdf401b856fdf41d179ade81,0.75,0.6666666666666666,0.3333333333333333,0.0,0.0,1.0,0.3333333333333333,0.75,0.3333333333333333,0.25,0.75,0.3333333333333333,0.0,0.423076923076923,YES,MEDIUM,"['New Zealand - Mobile', 'United Arab Emirates  - Mobile']",12060566
218,70d272d98fce8d869d1f855ee38f8fb3,0.0625,0.0,0.3333333333333333,0.3333333333333333,0.0,0.0,0.16666666666666666,0.25,0.0,0.16666666666666666,0.75,0.25,0.25,0.1971153846153846,YES,LOW,['United Arab Emirates  - Mobile'],2097336
219,7108a9d01fd8204c50bd9672d200f4de,0.0,0.0,0.0,0.0,0.0,0.0,0.0,0.0,0.0,0.5,0.0,0.0,0.0,0.038461538461538464,NO,LOW,['Australia'],16567
220,710d8b9aa5ef8f9895fff27ed9218c1d,0.75,0.0,0.0,0.0,0.0,0.0,0.0,0.0,0.0,0.0,0.0,0.0,0.0,0.057692307692307696,NO,LOW,['Korea Republic Of - Mobile'],430101
221,71abb2e3fb7424a48b20bb7a0809f5ea,0.375,0.0,0.08333333333333333,0.0,0.0,0.16666666666666666,0.0,0.0,0.0,0.0,0.0,0.0,0.0,0.04807692307692308,NO,LOW,['Qatar - Mobile'],181250
222,71b026d1414f371094ad071d02468f1b,0.0,0.0,0.25,0.0,0.0,0.0,0.0,0.0,0.0,0.0,0.0,0.0,0.0,0.019230769230769232,NO,LOW,['Austria - Mobile'],121367
223,71e31fbe2fa865d474d0cf4435d3f59f,0.125,0.0,0.16666666666666666,0.3333333333333333,0.16666666666666666,0.3333333333333333,0.0,0.08333333333333333,0.0,0.0,0.0,0.0,0.0,0.09294871794871797,YES,LOW,"['United Arab Emirates', 'U.K.']",663850
224,71f750d1ac24343ca3a3de5e197af6ec,0.0,0.16666666666666666,0.08333333333333333,0.0,0.0,0.16666666666666666,0.0,0.0,0.0,0.0,0.0,0.0,0.0,0.03205128205128205,NO,LOW,['Australia - Mobile'],71400
225,728d67fc4c1187361a674b41b92e0602,0.0,0.0,0.0,0.0,0.0,0.0,0.0,0.08333333333333333,0.0,0.0,0.0,0.0,0.25,0.02564102564102564,NO,LOW,['U.S.A'],64435
226,72a0d0bbb0b7fb1a1b94db9b404fc997,0.0,0.0,0.25,0.16666666666666666,0.16666666666666666,0.25,0.08333333333333333,0.08333333333333333,0.16666666666666666,0.25,0.0,0.08333333333333333,0.0,0.11538461538461536,YES,LOW,"['UK - Mobile', 'Malaysia - Mobile']",458300
227,7409582429f085df923afca66da4cfc3,0.125,0.25,0.16666666666666666,0.16666666666666666,0.16666666666666666,0.0,0.0,0.16666666666666666,0.0,0.16666666666666666,0.125,0.16666666666666666,0.16666666666666666,0.12820512820512822,YES,LOW,"['Saudi Arabia', 'U.S.A', 'United Arab Emirates', 'U.K.', 'Maldive Islands']",551787
228,7462ebfbe1d8bb190a00384205ddc55a,0.1875,0.3333333333333333,0.25,0.0,0.0,0.16666666666666666,0.25,0.08333333333333333,0.3333333333333333,0.0,0.125,0.08333333333333333,0.08333333333333333,0.14583333333333331,YES,LOW,"['Australia - Mobile', 'Bahrain - Mobile', 'India']",633920
229,756b47be02ae8288d02f2d9e80659d75,0.0,0.0,0.0,0.0,0.16666666666666666,0.0,0.0,0.0,0.0,0.0,0.0,0.0,0.0,0.01282051282051282,NO,LOW,['U.S.A'],18375
230,75aea4252f9ee72eb75e2bda4e8ac78f,0.0,0.0,0.0,0.0,0.16666666666666666,0.0,0.0,0.16666666666666666,0.0,0.0,0.0,0.0,0.0,0.02564102564102564,NO,LOW,"['Kuwait -Mobile', 'United Arab Emirates  - Mobile']",121467
231,76304367364b3c2d5833b070ee10c013,0.375,0.16666666666666666,0.08333333333333333,0.08333333333333333,0.16666666666666666,0.0,0.0,0.0,0.16666666666666666,0.16666666666666666,0.0625,0.0,0.0,0.09775641025641026,YES,LOW,"['UK - Mobile', 'U.K.']",193067
232,7651616fff964b4260880daf3aecd561,0.0,0.25,0.0,0.0,0.0,0.0,0.0,0.0,0.08333333333333333,0.25,0.0,0.0,0.25,0.0641025641025641,NO,LOW,"['Japan - Mobile', 'United Arab Emirates  - Mobile']",487000
233,76d2be98265496481fa8ed9700e256fe,0.0,0.0,0.0,0.0,0.0,0.0,0.0,0.0,0.0,0.0,0.0625,0.0,0.0,0.004807692307692308,NO,LOW,['Cyprus - Mobile'],21666
234,76f0f232dc066a78d4f1b6ad03bc7865,0.1875,0.0,0.0,0.0,0.0,0.5,0.25,0.5,0.0,0.0,0.0,0.0,0.0,0.11057692307692307,YES,LOW,['United Arab Emirates  - Mobile'],842001
235,784384d51f5700d0d4057377873af5c3,0.0,0.0,0.0,0.0,0.0,0.75,0.08333333333333333,1.0,0.3333333333333333,0.3333333333333333,0.5,0.3333333333333333,0.3333333333333333,0.28205128205128205,YES,LOW,['U.S.A'],1580006
236,78a16cd55d5a8218c2287f9ad8d6ad58,0.0,0.0,0.0,0.16666666666666666,0.16666666666666666,0.0,0.0,0.08333333333333333,0.0,0.25,0.0,0.25,0.0,0.07051282051282051,NO,LOW,"['Australia', 'U.S.A']",145087
237,790806024f2f9c231ec98c6de29aca1b,0.0,0.0,0.0,0.16666666666666666,0.0,0.08333333333333333,0.0,0.0,0.0,0.0,0.1875,0.0,0.3333333333333333,0.05929487179487179,NO,LOW,['Australia - Mobile'],279600
238,79d8ba7bbe4b717d362c548a8e37c726,0.0,0.08333333333333333,0.0,0.0,0.0,0.0,0.0,0.0,0.0,0.0,0.0,0.0,0.0,0.00641025641025641,NO,LOW,['Italy - Mobile'],1500
239,7a20d3da796184bdb57271f4f7acd976,0.125,0.08333333333333333,0.25,0.16666666666666666,0.0,0.0,0.0,0.0,0.0,0.0,0.0,0.0,0.0,0.04807692307692308,NO,LOW,"['UK - Mobile', 'Hong Kong']",158500
240,7aefb8dee512c9dabed9f8d37ea1d2ce,0.0,0.0,0.0,0.0,0.0,0.0,0.0,0.0,0.0,1.0,0.0,0.25,0.25,0.11538461538461539,YES,LOW,['Saudi Arabia - Mobile'],629850
241,7b53ab3f0eacd851ff976627b380caa7,0.0,0.0,0.16666666666666666,0.0,0.0,0.0,0.0,0.16666666666666666,0.0,0.0,0.0,0.0,0.0,0.02564102564102564,NO,LOW,"['Cyprus - Mobile', 'Australia - Mobile']",119517
242,7b9367da168ff3bce8c3ab07bcc69081,0.0,0.0,0.0,0.0,0.0,0.16666666666666666,0.0,0.0,0.0,0.0,0.0,0.0,0.0,0.01282051282051282,NO,LOW,['UK - Mobile'],59100
243,7c37702fe1dd0b0e55596dece1a59e4a,0.0,0.0,0.0,0.0,0.0,0.0,0.0,0.0,0.16666666666666666,0.0,0.0,0.0,0.0,0.01282051282051282,NO,LOW,['Australia - Mobile'],48000
244,7c67f58f305f58a45a2ef0bb8d61c99c,0.0,0.0,0.0,0.0,0.0,0.0,0.0,0.0,0.0,0.0,0.1875,0.0,0.0,0.014423076923076924,NO,LOW,['U.K.'],35817
245,7d8db90d27e15417b0e41abfb99ae299,0.0625,0.0,0.0,0.0,0.0,0.0,0.0,0.0,0.0,0.0,0.0,0.0,0.0,0.004807692307692308,NO,LOW,['Singapore'],6600
246,7dd947f0a15a2481b7fee96c88187c4b,0.125,0.08333333333333333,0.16666666666666666,0.08333333333333333,0.25,0.25,0.0,0.0,0.75,0.0,0.0625,0.0,0.08333333333333333,0.14262820512820512,YES,LOW,"['Australia - Mobile', 'Australia', 'United Arab Emirates  - Mobile']",392967
247,7dddbf630b33492b2d1f9c9588a951e5,0.0,0.0,0.0,0.0,0.08333333333333333,0.0,0.0,0.0,0.0,0.0,0.0,0.0,0.0,0.00641025641025641,NO,LOW,['Korea Republic Of - Mobile'],16500
248,7e18108a246044bda9cc638f797649cf,0.5625,0.0,0.25,0.0,0.0,0.0,0.0,0.0,0.0,0.0,0.0,0.0,0.08333333333333333,0.06891025641025642,NO,LOW,['Australia - Mobile'],452700
249,7eec59f66976cb418a8b84fbb3274e50,0.0,0.16666666666666666,0.16666666666666666,0.0,0.0,0.16666666666666666,0.0,0.16666666666666666,0.0,0.16666666666666666,0.25,0.16666666666666666,0.0,0.09615384615384616,YES,LOW,"['China - Mobile', 'Malaysia - Mobile', 'Pakistan']",417300
250,7f045e0e69b628ae2f720af4cc2be3d4,0.5625,0.0,1.0,1.0,0.0,0.0,0.0,0.0,0.3333333333333333,0.0,0.0,0.0,0.0,0.22275641025641027,YES,LOW,"['Australia - Mobile', 'UK - Mobile']",1695600
251,7f54262010aedef2d475da1a017fb201,0.0,0.0,0.0,0.0,0.0,0.16666666666666666,0.0,0.0,0.0,0.0,0.0,0.0,0.0,0.01282051282051282,NO,LOW,['Australia - Mobile'],23400
252,8120f8c7f276561ce0b61f859a3aa6f2,0.1875,0.0,0.0,0.0,0.08333333333333333,0.16666666666666666,0.0,0.08333333333333333,0.08333333333333333,0.0,0.0,0.25,0.08333333333333333,0.07211538461538461,NO,LOW,"['U.K.', 'Australia']",129734
253,81730858ef806dac6282c3597b2fe009,0.0,0.0,0.0,0.0,0.0,0.0,0.0,0.0,0.0,0.0,0.125,0.0,0.0,0.009615384615384616,NO,LOW,['Saudi Arabia - Mobile'],66183
254,825b869e60f6b005233eae3d7f23b9c6,0.0625,0.25,0.08333333333333333,0.0,0.16666666666666666,0.08333333333333333,0.16666666666666666,0.0,0.0,0.0,0.0,0.08333333333333333,0.08333333333333333,0.07532051282051283,NO,LOW,"['UK - Mobile', 'Hong Kong']",294800
255,828968af136b51b69db6dfe57ab1f1bf,0.0625,0.0,0.0,0.0,0.0,0.0,0.0,0.0,0.0,0.0,0.0,0.0,0.0,0.004807692307692308,NO,LOW,['Canada'],3103
256,82d309993b8923e8552306268487a2af,0.0,0.0,0.0,0.0,0.0,0.0,0.0,0.0,0.0,0.0,0.0,0.25,0.0,0.019230769230769232,NO,LOW,['UK - Mobile'],113400
257,849863c355cb98a4fa2c331af1fc5c26,0.0,0.0,0.0,0.0,0.0,0.0,0.0,0.0,0.0,0.0,0.0,0.0,0.16666666666666666,0.01282051282051282,NO,LOW,['UK - Mobile'],21000
258,84ee14a862e3ac7f0df94782bc10708d,0.5,0.25,0.16666666666666666,0.08333333333333333,0.16666666666666666,0.08333333333333333,0.25,0.16666666666666666,0.0,0.3333333333333333,0.1875,0.0,0.25,0.1875,YES,LOW,"['Australia - Mobile', 'U.S.A', 'Maldive Islands', 'India', 'Mauritius']",6452270
259,852daded0a1369ce4bbf3d7915957a69,0.0,0.5,0.0,0.0,0.0,0.0,0.0,0.16666666666666666,0.0,0.0,0.0,0.3333333333333333,0.0,0.07692307692307693,NO,LOW,"['UK - Mobile', 'Bahrain - Mobile']",142583
260,85d6118f7c6b6bd12df68ae6883c4ad0,0.0,0.0,0.0,0.0,0.0,0.0,0.0,0.0,0.0,0.16666666666666666,0.0,0.0,0.0,0.01282051282051282,NO,LOW,['UK - Mobile'],57600
261,867963358df3e9cc648d717b6759d3d3,0.1875,0.0,0.0,0.25,0.3333333333333333,0.0,0.0,0.25,0.0,0.0,0.0,0.0,0.0,0.07852564102564102,NO,LOW,"['U.K.', 'UK - Mobile']",533767
262,870b7685f7146557933b66bde37d763e,0.0,0.25,0.0,0.0,0.0,0.0,0.0,0.08333333333333333,0.16666666666666666,0.0,0.0,0.16666666666666666,0.0,0.05128205128205128,NO,LOW,"['Australia - Mobile', 'Canada']",262532
263,877bf134f2a0c84e1552eaf9e216ffc1,0.0,0.0,0.0,0.0,0.3333333333333333,0.0,0.0,0.0,0.0,0.0,0.0,0.0,0.0,0.02564102564102564,NO,LOW,['Australia - Mobile'],310200
264,87982c45d5c8ccde8b83f5c0a989106e,0.0,0.0,0.0,0.0,0.0,0.0,0.0,0.3333333333333333,0.16666666666666666,0.08333333333333333,0.0625,0.0,0.0,0.04967948717948718,NO,LOW,"['United Arab Emirates', 'Singapore']",294933
265,87c5b4414b6fddab2c9cf2838758b8fe,0.0,0.0,0.0,0.0,0.0,0.0,0.0,0.0,0.0,0.0,0.0625,0.0,0.0,0.004807692307692308,NO,LOW,['United Arab Emirates  - Mobile'],2333
266,87ffaa5fef103aa71dca7e5bb0fde836,0.0,0.0,0.0,0.3333333333333333,1.0,1.0,0.75,0.16666666666666666,0.0,0.0,0.0,0.0,0.0,0.25,YES,LOW,['United Arab Emirates  - Mobile'],1985666
267,8822b88cbe6c146be2046f44d4a327a6,0.0,0.0,0.0,0.0,0.25,0.0,0.0,0.25,0.0,0.0,0.0,0.08333333333333333,0.0,0.04487179487179487,NO,LOW,"['United Arab Emirates', 'Japan - Mobile']",316667
268,88c16016e195e137c60156c619027190,0.0,0.0,0.0,0.25,0.25,0.0,0.0,0.0,0.0,0.0,0.0,0.0,0.0,0.038461538461538464,NO,LOW,['U.S.A'],118335
269,88cd726fd19de40b97238fd2f25e21b8,0.0,0.0,0.0,0.0,0.0,0.0,0.25,0.25,0.0,0.0,0.125,0.0,0.0,0.04807692307692308,NO,LOW,"['Australia - Mobile', 'U.S.A']",158342
270,89662e164c3791845060b0359c2fbb83,0.0,0.0,0.0,0.08333333333333333,0.0,0.0,0.0,0.0,0.0,0.0,0.0,0.0,0.0,0.00641025641025641,NO,LOW,['Italy - Mobile'],5100
271,8acb93a33b355ae92e9f853985c462c3,0.25,0.08333333333333333,0.0,0.0,0.0,0.0,0.08333333333333333,0.16666666666666666,0.0,0.0,0.0,0.0,0.0,0.044871794871794865,NO,LOW,"['Australia - Mobile', 'Germany', 'UK - Mobile']",164917
272,8ba2d8aa1f28349ed94c4d9df06ed25c,0.75,0.75,0.75,0.75,1.0,0.75,1.0,1.0,1.0,1.0,0.5625,0.3333333333333333,0.3333333333333333,0.7676282051282052,YES,HIGH,['Qatar - Mobile'],10943335
273,8c0914b400902c2bacbb8262d32f2eb1,0.125,0.0,0.0,0.25,0.0,0.0,0.0,0.0,0.0,0.0,0.0625,0.25,0.0,0.052884615384615384,NO,LOW,"['Germany', 'Singapore']",132333
274,8c63a9b013f6c1ef5546d5c67402a0ff,0.1875,0.0,0.0,0.0,0.0,0.0,0.0,0.0,0.0,0.0,0.0,0.0,0.0,0.014423076923076924,NO,LOW,['Australia'],32783
275,8d45b7c6c319b1df9e9e60b872aba928,0.125,0.16666666666666666,0.25,0.16666666666666666,0.0,0.25,0.16666666666666666,0.08333333333333333,0.25,0.0,0.0625,0.0,0.08333333333333333,0.12339743589743589,YES,LOW,"['Australia - Mobile', 'Australia', 'Malaysia - Mobile']",346251
276,8e074467ef62a1ebb8b88a2eb7f6d0b4,0.1875,0.0,0.0,0.0,0.0,0.0,0.0,0.0,0.0,0.0,0.0,0.0,0.0,0.014423076923076924,NO,LOW,['U.S.A'],32503
277,8f4e00297bcba505a79d184a27f586ed,0.0625,0.0,0.0,0.0,0.0,0.0,0.0,0.0,0.0,0.0,0.0,0.0,0.0,0.004807692307692308,NO,LOW,['UK - Mobile'],6900
278,91908eb091402c62e43f0672934849aa,0.0,0.0,0.0,0.0,0.0,0.0,0.0,0.0,0.16666666666666666,0.0,0.0,0.0,0.0,0.01282051282051282,NO,LOW,['Korea Republic Of'],62700
279,919f7a8082eb6cfe253fcfa3115245d1,0.0,0.0,0.0,0.16666666666666666,0.0,0.0,0.0,0.08333333333333333,0.0,0.0,0.0,0.25,0.0,0.038461538461538464,NO,LOW,['UK - Mobile'],172200
280,92691c288626b57a2d5e9bb3b03b143e,0.0,0.0,0.0,0.16666666666666666,0.0,0.0,0.0,0.0,0.0,0.0,0.0,0.0,0.0,0.01282051282051282,NO,LOW,['Oman-Mobile '],85800
281,933ee2e2d07dfbf30701955853ad64a6,0.0,0.0,0.0,0.0,0.0,0.0,0.25,0.0,0.0,0.0,0.0,0.0,0.0,0.019230769230769232,NO,LOW,['France'],70467
282,93b748e58ed1c88d4df9939ee77c41f4,0.0,0.0,0.0,0.0,0.0,0.0,0.0,0.08333333333333333,0.0,0.0,0.0,0.0,0.0,0.00641025641025641,NO,LOW,['United Arab Emirates  - Mobile'],3333
283,93cc1c2d6d0c5660ada2405d53b2bcdd,0.0,0.0,0.0,0.0,0.0,0.0,0.0,0.0,0.0,0.0,0.0,0.0,0.16666666666666666,0.01282051282051282,NO,LOW,['India'],12805
284,944a13cae4837c4970f0000c3be31f4d,0.0,0.0,0.0,0.0,0.0,0.0,0.0,0.0,0.16666666666666666,0.0,0.0,0.0,0.0,0.01282051282051282,NO,LOW,['Japan'],20533
285,94a004a3eaa31fe0bf41ef4d9ef43c2e,0.0,0.0,0.5,0.0,0.0,0.0,0.0,0.0,0.0,0.0,0.0,0.0,0.0,0.038461538461538464,NO,LOW,['United Arab Emirates'],154667
286,94dbd8cd27f85dfd7b08f5e504b21bc5,0.0,0.0,0.0,0.25,0.0,0.0,0.0,0.0,0.0,0.0,0.0,0.0,0.0,0.019230769230769232,NO,LOW,['Saudi Arabia - Mobile'],254283
287,94e9cc5591e7478b79f3e1707d342eab,0.0,0.0,0.0,0.0,0.0,0.0,0.0,0.3333333333333333,0.25,0.0,0.0,0.0,0.0,0.044871794871794865,NO,LOW,['U.S.A'],186036
288,955ce3e26252b705bf01ee6af090bbcf,0.0,0.0,0.0,0.0,0.0,0.0,0.0,0.0,0.08333333333333333,0.0,0.0,0.0,0.0,0.00641025641025641,NO,LOW,['Australia - Mobile'],12900
289,958507cbc76a73b3b387a159f656c48c,0.0,0.16666666666666666,0.0,0.0,0.08333333333333333,0.25,0.0,0.0,0.0,0.0,0.0,0.0,0.0,0.038461538461538464,NO,LOW,['United Arab Emirates  - Mobile'],136667
290,95badd76405ecb14eb3b62c669c749a6,0.0,0.0,0.25,0.0,0.0,0.0,0.0,0.0,0.0,0.0,0.0,0.0,0.0,0.019230769230769232,NO,LOW,['U.K.'],33950
291,95f8e8d0e1c62fe2dab0ad49ab833a9b,0.0,0.0,0.0,0.0,0.0,0.3333333333333333,0.0,0.0,0.0,0.0,0.0,0.0,0.0,0.02564102564102564,NO,LOW,['U.K.'],286650
292,9628246a39aaf0d6df6a6d3e03a4a378,0.0,0.0,0.16666666666666666,0.08333333333333333,0.3333333333333333,0.16666666666666666,0.3333333333333333,0.3333333333333333,0.16666666666666666,0.25,0.0,0.0,0.3333333333333333,0.16666666666666666,YES,LOW,"['Australia - Mobile', 'UK - Mobile', 'U.K.']",1022967
293,9783b9540f03ee6888e457eda205b719,0.0,0.0,0.0,0.0,0.0,0.0,0.0,0.0,0.0,0.0,0.0,0.0,0.16666666666666666,0.01282051282051282,NO,LOW,['Australia - Mobile'],34200
294,97878fab877b73ef8f2d540302da7feb,0.75,0.3333333333333333,0.3333333333333333,0.3333333333333333,0.3333333333333333,0.16666666666666666,0.25,0.3333333333333333,0.0,0.25,0.125,0.3333333333333333,0.0,0.2724358974358974,YES,LOW,"['Australia - Mobile', 'France', 'India', 'Singapore']",6013340
295,982422f16991a84a0c19980e0590d979,0.0,0.0,0.0,0.0,0.0,0.0,0.08333333333333333,0.08333333333333333,0.0,0.0,0.0,0.0,0.0,0.01282051282051282,NO,LOW,['Canada'],2287
296,995ae34cf08d08eaca3d7d0249578546,0.125,0.25,0.0,0.0,0.0,0.0,0.0,0.0,0.0,0.0,0.0625,0.0,0.0,0.03365384615384615,NO,LOW,"['Oman-Mobile ', 'Italy - Mobile']",271200
297,99f6b25224c5d747c8204b75508f7bd3,0.0,0.0,0.0,0.08333333333333333,1.0,0.08333333333333333,0.25,0.0,0.0,0.0,0.0,0.0,0.0,0.10897435897435896,YES,LOW,['Canada'],261333
298,9a09eca936d581cfe1b2fa8aed20316d,0.0,0.16666666666666666,0.0,0.16666666666666666,0.0,0.0,0.0,0.0,0.0,0.0,0.0,0.0,0.0,0.02564102564102564,NO,LOW,"['Australia - Mobile', 'Australia']",103217
299,9a6942c3d8d29fdadee1f875d6740c69,0.0,0.0,0.0,0.0,0.0,0.16666666666666666,0.0,0.0,0.0,0.0,0.0,0.0,0.0,0.01282051282051282,NO,LOW,['Qatar - Mobile'],31250
300,9aa1c8903467c70a3649f81aba88b6d3,0.0,0.0,0.0,0.0,0.0,0.0,0.0,0.08333333333333333,0.16666666666666666,0.25,0.0,0.0,0.0,0.038461538461538464,NO,LOW,['Italy - Mobile'],178200
301,9ae5fbe3b9d4572d5e0298e302346ae3,0.0,0.0,0.3333333333333333,0.0,0.0,0.0,0.0,0.0,0.0,0.0,0.0,0.0,0.0,0.02564102564102564,NO,LOW,['Saudi Arabia - Mobile'],497167
302,9af01a9db0e0491baf3c39185065704d,0.0,0.0,0.08333333333333333,0.0,0.0,0.0,0.0,0.0,0.0,0.0,0.0,0.0,0.0,0.00641025641025641,NO,LOW,['U.K.'],817
303,9b0e9ea9ef181a196cbdd6b24959f17e,0.0,0.16666666666666666,0.08333333333333333,0.0,0.25,0.16666666666666666,0.0,0.0,0.0,0.0,0.0,0.0,0.0,0.05128205128205128,NO,LOW,"['Canada', 'Oman-Mobile ']",595675
304,9d6aa071c0ef71607b4629a741fc2974,0.0,0.0,0.0,0.0,0.0,0.08333333333333333,0.0,0.0,0.25,0.25,0.125,0.0,0.0,0.05448717948717948,NO,LOW,"['U.K.', 'Australia', 'U.S.A']",195778
305,9edab99e5e5789d6d10d13899459e628,0.5,0.3333333333333333,0.25,1.0,0.3333333333333333,0.3333333333333333,0.3333333333333333,1.0,0.6666666666666666,0.3333333333333333,0.25,0.3333333333333333,0.3333333333333333,0.46153846153846145,YES,MEDIUM,['Canada'],3999299
306,9f59609b705ca523e8468e1e8dc2eeb0,0.0,0.0,0.0,0.0,0.0,0.08333333333333333,0.0,0.08333333333333333,0.25,0.08333333333333333,0.125,0.0,0.16666666666666666,0.060897435897435896,NO,LOW,"['UK - Mobile', 'U.S.A']",188030
307,9fb8b46719fb977ff1d99a786ba3937f,0.0,0.5,0.0,0.0,0.0,0.0,0.0,0.3333333333333333,0.3333333333333333,0.08333333333333333,0.0,0.3333333333333333,0.3333333333333333,0.1474358974358974,YES,LOW,['U.S.A'],766441
308,a053ebf7e9637fb6aab57e537b122635,0.0625,0.25,0.08333333333333333,0.0,0.08333333333333333,0.08333333333333333,0.0,0.16666666666666666,0.0,0.0,0.125,0.0,0.0,0.06570512820512821,NO,LOW,"['India', 'Oman-Mobile ', 'Qatar - Mobile']",186332
309,a0723957ebd80e956172f8424d6d530f,0.0,0.0,0.0,0.0,0.25,0.0,0.0,0.0,0.0,0.0,0.0,0.0,0.0,0.019230769230769232,NO,LOW,['Australia'],72684
310,a088801e982e6fb893a258056859f02e,0.0,0.0,0.0,0.0,0.0,0.0,0.25,0.0,0.0,0.0,0.0,0.0,0.0,0.019230769230769232,NO,LOW,['Nepal - Mobile'],263400
311,a263c2c75686b3df2f51a40c930f14df,0.0,0.0,0.0,0.0,0.0,0.08333333333333333,0.0,0.0,0.0,0.0,0.0,0.0,0.0,0.00641025641025641,NO,LOW,['Kuwait -Mobile'],13200
312,a32ed20dc778b0ae330620357809d969,0.0,0.0,0.25,0.25,0.25,0.0,0.0,0.0,0.0,0.25,0.0,0.0,0.0,0.07692307692307693,NO,LOW,"['United Arab Emirates', 'United Arab Emirates  - Mobile']",708668
313,a3314faaf368079a84a506eebfc984e5,0.0,0.0,0.25,0.3333333333333333,0.3333333333333333,0.3333333333333333,0.3333333333333333,0.3333333333333333,0.3333333333333333,0.25,0.25,0.0,0.3333333333333333,0.2371794871794872,YES,LOW,['Australia'],1958483
314,a3cc4c4735b2353a4ce845368919286c,0.0,0.0,0.25,0.16666666666666666,0.25,0.08333333333333333,0.0,0.0,0.0,0.0,0.0,0.0,0.0,0.057692307692307696,NO,LOW,['Australia - Mobile'],210600
315,a3da4c6378b50abde8ccb0c19e7a6f8e,0.125,0.16666666666666666,0.08333333333333333,0.0,0.0,0.16666666666666666,0.0,0.08333333333333333,0.0,0.0,0.0,0.08333333333333333,0.0,0.05448717948717949,NO,LOW,"['U.K.', 'Canada']",27778
316,a3dacc4949438c8bb24553b41d0511e0,0.0,0.16666666666666666,0.16666666666666666,0.0,0.5,0.08333333333333333,0.0,0.0,0.0,0.0,0.0,0.0,0.25,0.08974358974358974,YES,LOW,['Australia - Mobile'],480300
317,a48eb36d3fa53663b6ff26915cd50376,0.0625,0.0,0.0,0.0,0.0,0.0,0.0,0.0,0.0,0.0,0.0,0.0,0.0,0.004807692307692308,NO,LOW,['UK - Mobile'],3900
318,a4aa118d7a856eb008b2c7d3953ed310,0.0,0.0,0.0,0.0,0.08333333333333333,0.0,0.0,0.0,0.0,0.0,0.0,0.0,0.0,0.00641025641025641,NO,LOW,['India'],2080
319,a50e1b44c2ef939de35d9979a6aba1b8,0.0,0.0,0.0,0.0,0.25,0.0,0.0,0.0,0.0,0.0,0.0,0.0,0.0,0.019230769230769232,NO,LOW,['India'],23335
320,a544d732d664b6c3cf830a390b087351,0.5,0.0,0.16666666666666666,0.16666666666666666,0.3333333333333333,0.08333333333333333,0.5,0.25,0.08333333333333333,0.16666666666666666,0.1875,0.25,0.25,0.22596153846153844,YES,LOW,"['Canada', 'Bahrain - Mobile']",393684
321,a56749c8566f8c41d2c406e0ca8f5ec1,0.0,0.0,0.0,0.0,0.0,0.0,0.16666666666666666,0.16666666666666666,0.0,0.0,0.0,0.0,0.0,0.02564102564102564,NO,LOW,['Oman-Mobile '],258500
322,a59c2773afc5be902c52f6990f370bcf,0.125,0.25,0.25,0.0,0.0,0.3333333333333333,0.16666666666666666,0.0,0.75,0.16666666666666666,0.125,0.0,0.0,0.16666666666666666,YES,LOW,['United Arab Emirates'],1113334
323,a5d436a8c0260ad9928e857fc40e0b0c,0.0,0.0,0.0,0.0,0.0,0.0,0.0,0.0,0.0,0.0,0.0625,0.0,0.0,0.004807692307692308,NO,LOW,['Australia - Mobile'],3300
324,a627d43b87c76d2ac8f84415e0db6a72,0.0,0.0,0.0,0.0,0.0,0.0,0.0,0.0,0.0,0.0,0.0,0.25,0.08333333333333333,0.02564102564102564,NO,LOW,['U.K.'],82250
325,a64371f6efd754224f3c069b06306b21,0.0625,0.16666666666666666,0.08333333333333333,0.5,0.5,0.08333333333333333,0.08333333333333333,0.5,0.08333333333333333,1.0,0.75,0.75,0.3333333333333333,0.3766025641025641,YES,MEDIUM,"['United Arab Emirates', 'UK - Mobile', 'United Arab Emirates  - Mobile']",2065297
326,a7ca083643741d19717b856c5a438359,0.0,0.08333333333333333,0.0,0.0,0.0,0.25,0.0,0.3333333333333333,0.0,0.0,0.0,0.0,0.3333333333333333,0.07692307692307693,NO,LOW,"['Maldive Islands', 'India', 'Mauritius']",3606415
327,a7fc434b1478396f94a32062fad184e1,0.0625,0.16666666666666666,0.08333333333333333,0.08333333333333333,0.0,0.0,0.08333333333333333,0.0,0.0,0.08333333333333333,0.0,0.0,0.0,0.04326923076923077,NO,LOW,['Australia - Mobile'],20400
328,a947c867af161f500521512b1321cdc2,0.0,0.0,0.0,0.0,0.0,0.0,0.0,0.25,0.0,0.08333333333333333,0.0,0.0,0.0,0.02564102564102564,NO,LOW,"['New Zealand - Mobile', 'India']",197763
329,aa12a0801b9d1cec17f312c4a686333d,0.0,0.0,0.0,0.0,0.0,0.0,0.0,0.0,0.0,0.0,0.0,0.08333333333333333,0.0,0.00641025641025641,NO,LOW,['United Arab Emirates'],4333
330,aaa6f63fb92eb75ae073b5ae43c5c07a,0.0,0.0,0.0,0.0,0.0,0.0,0.0,0.0,0.25,0.0,0.1875,0.25,0.0,0.052884615384615384,NO,LOW,['Germany'],180949
331,aabc9272bdd09cb7ebb7c6aa53209de9,0.75,0.25,0.16666666666666666,0.16666666666666666,0.6666666666666666,1.0,0.16666666666666666,1.0,0.5,0.16666666666666666,0.5625,0.5,0.75,0.5112179487179487,YES,MEDIUM,['U.K.'],931933
332,ab97314f71804f7cc9fe63ab40d25d01,0.75,0.16666666666666666,0.0,0.08333333333333333,0.25,0.08333333333333333,0.16666666666666666,0.5,0.0,0.0,0.0,0.0,0.0,0.15384615384615385,YES,LOW,['Canada'],233323
333,ac425214d19f951d8d4d5975a6bbaf7e,0.0,0.0,0.0,0.0,0.0,0.0,0.0,0.3333333333333333,0.0,0.0,0.0,0.0,0.0,0.02564102564102564,NO,LOW,['United Arab Emirates'],306333
334,ac4bd8d97bb360c8d5a4cd10cd92ca55,0.0,0.0,0.0,0.0,0.0,0.25,0.3333333333333333,0.25,0.0,0.0,0.0,0.0,0.0,0.0641025641025641,NO,LOW,['Kuwait -Mobile'],558000
335,acb74f0a36dd8628eca56b36daa1e186,0.0,0.0,0.16666666666666666,0.0,0.0,0.0,0.0,0.0,0.0,0.0,0.0,0.0,0.0,0.01282051282051282,NO,LOW,['U.S.A'],8003
336,acd82906e0adb2aacfca360304f36a44,0.0,0.0,0.0,0.0,0.0,0.0,0.0,0.0,0.0,0.0,0.0625,0.0,0.0,0.004807692307692308,NO,LOW,['Qatar - Mobile'],22500
337,ada577255883cfc2a596b87c05940bd2,0.0,0.0,0.0,0.0,0.0,0.3333333333333333,0.25,0.0,0.0,0.0,0.0,0.0,0.0,0.044871794871794865,NO,LOW,['Saudi Arabia - Mobile'],755250
338,adc4b28394ff56a5057177750ebda206,0.0,0.08333333333333333,0.0,0.0,0.0,0.0,0.0,0.0,0.0,0.0,0.0,0.0,0.16666666666666666,0.019230769230769232,NO,LOW,['Singapore'],25000
339,ae36df655dd53094a472c4af3a3954be,0.25,0.3333333333333333,0.6666666666666666,1.0,0.3333333333333333,0.3333333333333333,0.3333333333333333,1.0,0.3333333333333333,0.3333333333333333,0.75,1.0,0.3333333333333333,0.5384615384615384,YES,MEDIUM,"['Romania - Mobile', 'Italy', 'Romania', 'Italy - Mobile']",6382097
340,ae8f6e654747d4b79d958cd670bff9cf,0.0625,0.16666666666666666,0.25,0.75,0.0,0.0,0.0,0.08333333333333333,0.25,0.0,0.0,0.0,0.0,0.1201923076923077,YES,LOW,"['UK - Mobile', 'France', 'U.S.A', 'United Arab Emirates  - Mobile']",147788
341,ae94fbc38bc768df1efaae49b6fb256f,0.0,0.0,0.0,0.0,0.0,0.0,0.16666666666666666,0.0,0.0,0.0,0.0,0.0,0.0,0.01282051282051282,NO,LOW,['France'],21117
342,aec4a71342256be71703b92611ded6b3,0.0,0.0,0.5,0.08333333333333333,0.16666666666666666,0.08333333333333333,0.08333333333333333,0.5,0.5,0.5,0.1875,0.0,0.5,0.2387820512820513,YES,LOW,['Australia - Mobile'],225900
343,aeeca052315807836dedd407bdb1a543,0.0,0.0,0.0,0.16666666666666666,0.0,0.0,0.0,0.0,0.0,0.0,0.0,0.0,0.0,0.01282051282051282,NO,LOW,['United Arab Emirates  - Mobile'],23000
344,afdd282f38d3a10042cfbf353952e705,0.1875,0.0,0.0,0.0,0.0,0.3333333333333333,0.08333333333333333,0.0,0.0,0.0,0.0,0.0,0.0,0.04647435897435897,NO,LOW,['Canada'],167499
345,b0086f6ecf11840b169fd79537c8f552,0.0625,0.0,0.08333333333333333,0.08333333333333333,0.0,0.0,0.0,0.0,0.0,0.0,0.0,0.0,0.0,0.017628205128205128,NO,LOW,['Italy - Mobile'],16200
346,b00f41ee6e26baa6780be7dcb509ec45,0.0,0.0,0.25,0.0,0.0,0.0,0.25,0.16666666666666666,0.0,0.0,0.0,0.0,0.25,0.07051282051282051,NO,LOW,['Saudi Arabia - Mobile'],563033
347,b02a0686008b8d5d5acf5f3cdad15ba7,0.125,0.08333333333333333,0.08333333333333333,0.25,0.08333333333333333,0.5,0.16666666666666666,0.16666666666666666,0.08333333333333333,0.16666666666666666,0.0625,0.08333333333333333,0.08333333333333333,0.14903846153846154,YES,LOW,"['Australia - Mobile', 'U.K.', 'Australia']",661784
348,b04682a32a80d7a4cc4e85f30fe2d141,0.0,0.0,0.0,0.0,0.5,0.0,0.0,0.0,0.0,0.0,0.0,0.0,0.0,0.038461538461538464,NO,LOW,['U.S.A'],17887
349,b05e755cb2ca2e36cd39873f14a4280f,0.0,0.0,0.25,0.5,0.75,0.75,0.75,0.75,0.16666666666666666,0.16666666666666666,0.75,0.25,0.0,0.391025641025641,YES,MEDIUM,"['Denmark - Mobile', 'U.S.A']",576766
350,b06ebdf4b8f7558fdecd980219c22089,0.0,0.0,0.0,0.0,0.0,0.25,1.0,1.0,0.08333333333333333,1.0,1.0,0.0,0.0,0.33333333333333337,YES,MEDIUM,"['United Arab Emirates', 'Israel - Mobile']",13423758
351,b11d3c34ce836cd5afee7338a5f122e7,0.0,0.0,0.25,0.0,0.0,0.0,0.0,0.0,0.0,0.0,0.0,0.0,0.0,0.019230769230769232,NO,LOW,['U.S.A'],47040
352,b12be81bb66614f327413c145d4cc59d,0.0,0.0,0.0,0.0,0.0,0.3333333333333333,0.0,0.0,0.0,0.0,0.1875,0.0,0.0,0.04006410256410256,NO,LOW,['United Arab Emirates  - Mobile'],634667
353,b1aafe99cabaf4d732ef50de71788b51,0.0,0.16666666666666666,0.0,0.0,0.0,0.0,0.0,0.25,0.0,0.0,0.0625,0.0,0.0,0.03685897435897435,NO,LOW,['Italy - Mobile'],169200
354,b1e1f92a2d017ea8f0b457533636ed33,0.0,0.0,0.0,0.0,0.0,0.25,0.08333333333333333,0.0,0.0,0.0,0.0,0.0,0.0,0.02564102564102564,NO,LOW,"['Canada', 'U.S.A']",39445
355,b2bbed613dcdbc1477ce5d97dd7b9a38,0.75,1.0,1.0,0.25,1.0,0.25,1.0,1.0,0.0,0.0,0.0,0.0,0.0,0.4807692307692308,YES,MEDIUM,['Italy - Mobile'],5745600
356,b2c336ceba4ef6e9f4ac560cd9317e89,0.0625,0.08333333333333333,0.08333333333333333,0.0,0.0,0.0,0.0,0.25,0.25,0.25,0.0625,0.25,0.08333333333333333,0.10576923076923075,YES,LOW,"['Australia - Mobile', 'UK - Mobile', 'Australia']",545417
357,b36a0857b23d1369fadd24c5893aa129,0.0,0.08333333333333333,0.0,0.0,0.0,0.0,0.0,0.0,0.0,0.0,0.0,0.0,0.0,0.00641025641025641,NO,LOW,['Australia - Mobile'],2100
358,b3752d39e0bd16936cbdab618d7195d4,0.0,0.0,0.0,0.0,0.0,0.0,0.0,0.0,0.08333333333333333,0.0,0.0,0.0,0.0,0.00641025641025641,NO,LOW,['U.S.A'],1715
359,b45755ef2c73250dc00e40f5e4467814,0.25,0.3333333333333333,0.25,1.0,0.0,0.0,0.0,0.0,0.25,0.08333333333333333,0.125,0.3333333333333333,0.3333333333333333,0.2275641025641026,YES,LOW,"['Canada', 'Italy - Mobile']",3711405
360,b4ebf69d102a8eab6a6c7004a3d22d2f,0.0,0.0,0.0,0.0,0.08333333333333333,0.0,0.0,0.0,0.0,0.0,0.0,0.16666666666666666,0.0,0.019230769230769232,NO,LOW,['United Arab Emirates'],44667
361,b5032da4699f32257a030e295aa1369c,0.125,0.0,0.0,0.0,0.0,0.0,0.0,0.16666666666666666,0.0,0.0,0.0,0.0,0.0,0.022435897435897433,NO,LOW,['Italy - Mobile'],95700
362,b5368c72eb12c24c97404bd8d9a6e333,0.0,0.0,0.0,0.0,0.0,0.0,0.0,0.25,0.0,0.0,0.0,0.0,0.0,0.019230769230769232,NO,LOW,['Australia - Mobile'],88800
363,b5559511d8d48eb2403d2eb397ccf793,0.0,0.0,0.0,0.0,0.0,0.0,0.0,0.0,0.08333333333333333,0.0,0.0,0.0,0.0,0.00641025641025641,NO,LOW,['U.S.A'],1797
364,b635fc31617ffc9c1e6b5015fb32e108,0.125,0.0,0.16666666666666666,0.16666666666666666,0.16666666666666666,0.16666666666666666,0.16666666666666666,0.25,0.0,0.0,0.0625,0.0,0.0,0.09775641025641026,YES,LOW,"['Maldive Islands', 'Singapore']",308400
365,b699801e9da7e5faa2b23693bdcb6dbc,0.0,0.0,0.25,0.0,0.0,0.0,0.16666666666666666,0.0,0.0,0.0,0.0,0.0,0.0,0.03205128205128205,NO,LOW,"['Maldive Islands', 'China']",222133
366,b6ac3468b72baad19ec2ac0ebdbaa52f,0.0,0.0,0.0,0.0,0.0,0.0,0.0,0.0,0.16666666666666666,0.0,0.0,0.0,0.0,0.01282051282051282,NO,LOW,['U.S.A'],19437
367,b709629357ddf011823f36b6aa17da12,0.0,0.16666666666666666,0.0,0.16666666666666666,0.25,0.08333333333333333,0.0,0.0,0.0,0.0,0.0,0.0,0.0,0.05128205128205128,NO,LOW,['U.K.'],71867
368,b71810a97f7948547d4c05a40a8e4f3a,0.375,0.16666666666666666,0.08333333333333333,0.0,0.08333333333333333,0.0,0.0,0.25,0.0,0.0,0.0,0.0,0.0,0.0737179487179487,NO,LOW,"['Canada', 'UK - Mobile', 'India', 'U.K.']",94251
369,b77149f3ae161de9a52d0f9f566d3fce,0.0,0.0,0.0,0.0,0.0,0.0,0.0,0.0,0.0,0.0,0.0,0.0,0.3333333333333333,0.02564102564102564,NO,LOW,['Australia'],199033
370,b7c34f91082283caff74b6e5f748b450,0.0625,0.0,0.08333333333333333,0.25,0.0,0.0,0.0,0.0,0.0,0.0,0.0625,0.0,0.0,0.035256410256410256,NO,LOW,['Australia - Mobile'],278400
371,b7d5664e4933f87b7ce2d3dbfa818522,0.1875,0.0,1.0,1.0,1.0,0.08333333333333333,1.0,1.0,1.0,1.0,0.75,0.08333333333333333,0.5,0.6618589743589743,YES,HIGH,"['Kuwait -Mobile', 'United Arab Emirates  - Mobile']",6928000
372,b8471e473c10b61c5b941bd8e0da6ec7,0.0,0.0,0.16666666666666666,0.3333333333333333,0.08333333333333333,0.0,0.5,0.0,0.0,0.0,0.0,0.0,0.0,0.08333333333333334,YES,LOW,['Canada'],71133
373,b99957e9215d70ac90b5819e405827f7,0.1875,0.0,0.25,0.16666666666666666,0.0,0.25,0.16666666666666666,0.25,0.0,0.25,0.125,0.0,0.16666666666666666,0.13942307692307693,YES,LOW,['Canada'],192000
374,ba16630ac99daf7fcf0281c6c0d5fd61,0.125,0.0,0.25,0.25,0.0,0.16666666666666666,1.0,0.25,0.0,0.0,0.125,0.0,0.0,0.16666666666666669,YES,LOW,"['Turkey', 'Singapore', 'Netherlands', 'Israel - Mobile', 'Bangladesh']",990050
375,ba46297d4a36bb779cb758e4593611d5,0.0,0.0,0.0,0.0,0.0,0.0,0.0,0.0,0.0,0.0,0.0,0.25,0.0,0.019230769230769232,NO,LOW,['Australia'],97650
376,ba92265629d900b924251cd37dd93292,0.0,0.0,0.25,0.0,0.0,0.0,0.0,0.08333333333333333,0.0,0.16666666666666666,0.0,0.08333333333333333,0.0,0.04487179487179487,NO,LOW,['UK - Mobile'],228600
377,bac9c1ee0157c0ee310899de8e7fd030,0.1875,0.16666666666666666,0.0,0.0,0.0,0.0,0.0,0.0,0.25,0.0,0.0,0.0,0.08333333333333333,0.052884615384615384,NO,LOW,"['Australia - Mobile', 'United Arab Emirates  - Mobile']",250433
378,bae8347a754b9575f88932686b9b7494,0.1875,0.6666666666666666,0.0,0.3333333333333333,1.0,0.3333333333333333,0.25,0.3333333333333333,0.0,0.0,0.0,0.0,0.25,0.2580128205128205,YES,LOW,['U.K.'],1703567
379,bae88a1b8f63ddd7312558944f5b0bbb,0.0,0.0,0.16666666666666666,0.0,0.0,0.0,0.0,0.0,0.16666666666666666,0.0,0.0,0.0,0.0,0.02564102564102564,NO,LOW,['Australia - Mobile'],56700
380,bc7751f4b43e326e6d69a4f8e706574d,0.0,0.3333333333333333,0.0,0.0,0.0,0.0,0.0,0.0,0.0,0.0,0.0,0.0,0.0,0.02564102564102564,NO,LOW,['France - Mobile'],50400
381,bd60e0087acdac3b468e12a2a9f4bcae,0.0625,0.16666666666666666,1.0,0.0,0.25,0.0,0.0,0.0,0.0,0.0,0.0,0.0,0.0,0.1137820512820513,YES,LOW,"['Australia - Mobile', 'UK - Mobile', 'U.K.']",477951
382,bd92972e862d39981a75aae534de510f,0.125,0.16666666666666666,0.16666666666666666,0.16666666666666666,1.0,1.0,0.5,0.25,0.16666666666666666,0.08333333333333333,0.125,0.5,0.75,0.38461538461538464,YES,MEDIUM,['Australia - Mobile'],1380000
383,bece8aa5f779178087b00130c08a181e,0.0,0.08333333333333333,0.0,0.16666666666666666,0.25,0.0,0.0,0.0,0.0,0.08333333333333333,0.125,0.0,0.0,0.05448717948717949,NO,LOW,"['Australia - Mobile', 'UK - Mobile', 'Australia']",218883
384,c03b0d826f02b1c508a04c7c96b03bf4,0.0,0.08333333333333333,0.0,0.0,0.0,0.16666666666666666,0.16666666666666666,0.08333333333333333,0.08333333333333333,0.0,0.0625,0.08333333333333333,0.16666666666666666,0.0689102564102564,NO,LOW,"['U.K.', 'Denmark - Mobile']",92133
385,c05398fce653141ad481c4a2243b0d99,0.1875,0.0,0.0,0.0,0.0,0.0,0.0,0.0,0.0,0.0,0.0,0.0,0.0,0.014423076923076924,NO,LOW,['UK - Mobile'],87900
386,c0987213f252e79fef54ccd2e6a33ce9,0.0,0.0,0.08333333333333333,0.0,0.0,0.0,0.0,0.0,0.0,0.0,0.0,0.0,0.0,0.00641025641025641,NO,LOW,['U.S.A'],3185
387,c0bfa8a801e3031ea39e6be0995dd1e3,0.0,0.0,0.25,0.0,0.0,0.0,0.0,0.0,0.16666666666666666,0.25,0.0,0.0,0.0,0.05128205128205128,NO,LOW,"['India', 'Qatar - Mobile']",78402
388,c0c3787c5618ece7f1456dc6e3c7363f,0.0,0.0,0.08333333333333333,0.0,0.0,0.0,0.0,0.0,0.0,0.0,0.0,0.0,0.0,0.00641025641025641,NO,LOW,['U.S.A'],1633
389,c0f033555b6da11fc198eaa673dfa4df,0.0,0.0,0.0,0.0,0.0,0.0,0.0,0.0,0.25,1.0,0.125,0.16666666666666666,0.3333333333333333,0.14423076923076922,YES,LOW,['Singapore'],1386400
390,c186b34020d0ef7647c6e32d1761603a,0.0,0.0,0.0,0.0,0.0,0.0,0.0,0.0,0.0,0.0,0.1875,0.0,0.0,0.014423076923076924,NO,LOW,['Saudi Arabia - Mobile'],92150
391,c1f73b57eca12e75a982320192405a08,0.1875,0.0,0.0,0.25,0.0,0.25,0.0,0.25,0.25,0.0,0.125,0.0,0.0,0.10096153846153846,YES,LOW,"['Canada', 'Switzerland', 'U.K.']",245350
392,c244991a007ea1568e0bf44a5934b5a8,0.0,0.0,0.0,0.0,0.0,0.0,0.0,0.3333333333333333,0.0,0.0,0.0,0.0,0.0,0.02564102564102564,NO,LOW,['U.S.A'],87547
393,c2bda08608df327bdc42c2edecb94027,0.0,0.0,0.0,0.0,0.0,0.0,0.0,0.08333333333333333,0.0,0.0,0.0,0.0,0.0,0.00641025641025641,NO,LOW,['Maldive Islands'],16133
394,c31549e83c8d27f87a6fa89ca360b35e,0.375,0.0,0.08333333333333333,0.0,0.08333333333333333,0.08333333333333333,0.0,0.5,0.25,0.0,0.5625,0.0,0.0,0.14903846153846154,YES,LOW,"['Australia - Mobile', 'Canada']",277720
395,c3390000441cab42bf438a7e8a664e3a,0.0,0.0,0.0,0.0,0.0,0.0,0.0,0.0,0.0,0.0,0.0625,0.0,0.0,0.004807692307692308,NO,LOW,['Korea Republic Of - Mobile'],10633
396,c3c3bfb4b031a99779531af017e2b2ea,0.0,0.0,0.0,0.75,0.16666666666666666,0.75,0.08333333333333333,0.3333333333333333,0.0,0.16666666666666666,0.125,0.0,0.08333333333333333,0.18910256410256407,YES,LOW,"['Germany', 'Malaysia', 'Philippines - Mobile', 'Vietnam', 'Israel', 'Saudi Arabia - Mobile', 'Australia', 'Malaysia - Mobile']",829166
397,c5a7b38096f4547e23fba9a4ec2059cd,0.125,0.25,0.75,0.08333333333333333,0.5,0.3333333333333333,0.25,1.0,0.25,0.25,0.1875,0.3333333333333333,0.08333333333333333,0.3381410256410256,YES,MEDIUM,['U.S.A'],709684
398,c65cbf44d0aa63364dd7344813454e74,0.25,1.0,1.0,0.3333333333333333,0.3333333333333333,0.3333333333333333,0.3333333333333333,0.6666666666666666,1.0,1.0,0.75,1.0,1.0,0.6923076923076923,YES,HIGH,['United Arab Emirates  - Mobile'],12148335
399,c6776d3db9db4aab02f4cefcff391911,0.0,0.0,0.0,0.0,0.0,0.0,0.0,0.0,0.08333333333333333,0.0,0.0,0.0,0.0,0.00641025641025641,NO,LOW,['Australia'],700
400,c826982d1b7fa9a8f9b8c819c62e67b3,0.0,0.0,0.0,0.0,0.0,0.0,0.08333333333333333,0.0,0.0,0.0,0.0,0.0,0.08333333333333333,0.01282051282051282,NO,LOW,['Kuwait -Mobile'],21900
401,c94b7fdc3803b94fd02ad40b50ad18f1,0.0,1.0,0.08333333333333333,0.0,1.0,0.3333333333333333,0.0,0.0,0.0,0.0,0.0,0.0,0.0,0.18589743589743588,YES,LOW,['Australia - Mobile'],1308600
402,c9d10d8f24534286ad5a2a990418a851,0.0,0.0,0.0,0.0,0.0,0.0,0.0,0.16666666666666666,0.0,0.0,0.0,0.0,0.0,0.01282051282051282,NO,LOW,['U.S.A'],7759
403,ca0fd092dd504fd1037b37238187cc0c,0.1875,0.3333333333333333,1.0,0.3333333333333333,0.25,0.6666666666666666,0.3333333333333333,1.0,1.0,1.0,0.25,1.0,0.3333333333333333,0.5913461538461537,YES,MEDIUM,['U.S.A'],4175456
404,ca7177dce0c88239d82e5986b76d477c,0.0625,0.25,0.0,1.0,0.0,0.75,0.08333333333333333,0.5,0.6666666666666666,0.08333333333333333,0.0,0.08333333333333333,0.16666666666666666,0.28044871794871795,YES,LOW,['U.K.'],682035
405,ca97835dead50a8e39ffddae2e6c54ca,0.0,0.0,0.0,0.0,0.0,0.0,0.3333333333333333,0.0,0.0,0.0,0.0,0.0,0.0,0.02564102564102564,NO,LOW,['Singapore'],244000
406,cb30873cacf17f4d90e106ea7aa8c26b,0.0,0.0,0.0,0.3333333333333333,0.08333333333333333,0.25,0.0,0.0,0.0,0.0,0.0,0.0,0.0,0.05128205128205128,NO,LOW,['France - Mobile'],813900
407,cb98e8b25a770c58e98d46d29f8b097c,0.0,0.0,0.0,0.0,0.25,0.0,0.0,0.0,0.0,0.0,0.0,0.0,0.0,0.019230769230769232,NO,LOW,['Malaysia'],151400
408,cbaa45b98a81b93ab859dae2b138bff9,0.0,0.16666666666666666,0.0,0.0,0.25,0.0,0.16666666666666666,0.0,0.0,0.0,0.0,0.0,0.0,0.044871794871794865,NO,LOW,"['Indonesia', 'Singapore']",174200
409,cbd41a460c8a79690eedebafd8420d45,0.0,0.0,0.0,0.0,0.0,0.0,0.0,0.25,0.25,0.0,0.0,0.08333333333333333,0.25,0.06410256410256411,NO,LOW,"['Australia - Mobile', 'U.K.']",156517
410,cc625d9c831db6d985e6ec76a9fc5f15,0.0,0.0,0.0,0.0,0.0,0.0,0.0,0.08333333333333333,0.0,0.0,0.0,0.0,0.0,0.00641025641025641,NO,LOW,['Italy - Mobile'],5700
411,ccde2fe98a1b0b698ffc99a40bbafbc0,0.0,0.0,0.0,0.0,0.0,0.0,0.0,0.25,0.3333333333333333,0.3333333333333333,0.1875,0.0,0.0,0.08493589743589743,YES,LOW,"['U.K.', 'India']",318657
412,cdafe7ed4e5d6d5547d28a02b5002b46,0.0,0.0,0.0,0.0,0.16666666666666666,0.0,0.16666666666666666,0.0,0.0,0.0,0.0,0.0,0.0,0.02564102564102564,NO,LOW,['U.S.A'],21233
413,cdcb8afc1bb19d587c546d8e8b3dc04d,0.0,0.0,0.0,0.0,0.08333333333333333,0.08333333333333333,0.16666666666666666,0.16666666666666666,0.0,0.0,0.0,0.0,0.0,0.038461538461538464,NO,LOW,"['Finland - Mobile', 'Thailand', 'United Arab Emirates  - Mobile']",131033
414,ce571218ef0656e1f1ee99c71ec315b7,0.0,0.25,0.0,1.0,1.0,0.3333333333333333,0.0,1.0,1.0,0.25,0.1875,0.3333333333333333,0.25,0.43108974358974356,YES,MEDIUM,['U.S.A'],1297110
415,cedaa4b4dbcf053a6c023d03bb698624,1.0,1.0,0.25,0.0,0.16666666666666666,0.0,0.0,0.0,0.0,0.0,0.0,0.0,0.0,0.18589743589743588,YES,LOW,"['United Arab Emirates', 'U.S.A']",9331655
416,cf822299458d4a221c091c263381c58c,0.0,0.0,0.0,0.16666666666666666,0.0,0.0,0.0,0.0,0.0,0.0,0.0,0.0,0.0,0.01282051282051282,NO,LOW,['Japan - Mobile'],67333
417,cfa186644d88917aaef0aff88c545538,0.25,0.08333333333333333,0.0,0.0,0.0,0.0,0.0,0.0,0.0,0.0,0.0,0.3333333333333333,0.0,0.05128205128205128,NO,LOW,"['U.K.', 'UK - Mobile']",290267
418,cff2de1fdc15c64b0c34aaa3a269f4f2,0.0,0.0,0.0,0.0,0.0,0.0,0.0,0.0,0.08333333333333333,0.0,0.0,0.0,0.0,0.00641025641025641,NO,LOW,['Kuwait -Mobile'],17700
419,d00435326f5da4f573894be8351232a3,0.0,0.0,0.08333333333333333,0.0,0.0,0.0,0.0,0.0,0.0,0.0,0.0,0.0,0.0,0.00641025641025641,NO,LOW,['Switzerland - Mobile'],25000
420,d01f3f4116a3d84b88c33dd79fc7ac07,0.0,0.0,0.0,0.25,0.16666666666666666,0.0,0.0,0.0,0.3333333333333333,0.0,0.25,0.0,0.0,0.07692307692307693,NO,LOW,['Canada'],278238
421,d020e62aa01df1d51363cc2cd7213e50,0.0,0.0,0.0,0.0,0.0,0.3333333333333333,1.0,1.0,0.3333333333333333,0.0,0.0,0.0,0.0,0.20512820512820515,YES,LOW,['Italy - Mobile'],6679200
422,d0b23dcda7f59fa107be1bfddf720895,0.1875,0.0,0.0,0.0,0.0,0.0,0.0,0.0,0.0,0.0,0.0,0.0,0.0,0.014423076923076924,NO,LOW,['Oman-Mobile '],201850
423,d0d3146b14adab8e3e33dd03b7a1d5d5,0.0,0.0,0.0,0.0,0.16666666666666666,0.0,0.0,0.0,0.0,0.0,0.0,0.0,0.0,0.01282051282051282,NO,LOW,['UK - Mobile'],20100
424,d1242f511ea15d95e64da729cd597a3c,0.125,0.0,0.0,0.0,0.16666666666666666,0.25,0.0,0.3333333333333333,0.16666666666666666,0.25,0.0,0.0,0.25,0.1185897435897436,YES,LOW,"['U.S.A', 'Oman-Mobile ', 'India']",462996
425,d12cfec3f3341754b73eeeb57a1c1c53,0.0,0.0,0.0,0.0,0.0,0.08333333333333333,0.0,0.0,0.0,0.0,0.0,0.0,0.0,0.00641025641025641,NO,LOW,['Saudi Arabia - Mobile'],5384
426,d41379ae8b99ba302277963826a796de,0.0625,0.08333333333333333,0.25,0.16666666666666666,0.08333333333333333,0.08333333333333333,0.08333333333333333,1.0,0.08333333333333333,0.75,0.0625,0.08333333333333333,0.25,0.23397435897435898,YES,LOW,"['Australia - Mobile', 'Australia']",839567
427,d44a9019a8434d005aab2f10e30e65a0,0.0,0.25,0.0,0.0,0.0,0.0,0.08333333333333333,0.0,0.0,0.0,0.0,0.0,0.0,0.02564102564102564,NO,LOW,['Australia - Mobile'],103500
428,d4befb695964293521c48a8335a3ab9a,0.0,0.0,0.0,0.0,0.0,0.0,0.0,0.08333333333333333,0.0,0.0,0.0,0.0,0.0,0.00641025641025641,NO,LOW,['United Arab Emirates'],3333
429,d4eec8e7da1cdd41ad17797dee3b26da,0.0,0.0,0.0,0.0,0.0,0.08333333333333333,0.0,0.0,0.0,0.0,0.0,0.0,0.0,0.00641025641025641,NO,LOW,['Australia - Mobile'],3600
430,d537494097007e8e982b5e2f68f54559,0.25,0.0,0.0,0.0,0.0,0.25,0.0,1.0,0.08333333333333333,0.3333333333333333,0.5,0.25,0.6666666666666666,0.2564102564102564,YES,LOW,"['United Arab Emirates', 'UK - Mobile']",3639733
431,d5bc2dd01f35fd6a7f65b41779eaaf77,0.125,0.0,0.0,0.0,0.0,0.0,0.0,0.0,0.0,0.0,0.0,0.0,0.0,0.009615384615384616,NO,LOW,['United Arab Emirates  - Mobile'],46000
432,d6888f787c53ba9c98094745ebbcf27b,0.0,0.08333333333333333,0.0,0.08333333333333333,0.0,0.16666666666666666,0.0,0.0,0.08333333333333333,0.0,0.0,0.08333333333333333,0.08333333333333333,0.044871794871794865,NO,LOW,"['Australia - Mobile', 'Maldive Islands']",214333
433,d6aa1beb4731c60920a88171b5b09a35,0.0,0.0,0.0,0.0,0.25,0.0,0.08333333333333333,0.16666666666666666,0.0,0.0,0.0,0.0,0.0,0.038461538461538464,NO,LOW,"['Australia - Mobile', 'U.S.A']",45037
434,d6d169e7dc91d8c4344adeecb647a8f1,0.0625,0.5,0.3333333333333333,0.25,0.0,0.08333333333333333,0.0,0.16666666666666666,0.25,0.0,0.0625,0.25,0.0,0.15064102564102563,YES,LOW,"['Australia - Mobile', 'Canada', 'France - Mobile', 'Australia']",870495
435,d7cfdae06b80b67663e60388f0098c63,0.0,0.0,0.08333333333333333,0.0,0.0,0.0,0.0,0.0,0.0,0.0,0.0,0.0,0.0,0.00641025641025641,NO,LOW,['United Arab Emirates  - Mobile'],667
436,d7d4b6e066525bb42367119c91b7452f,0.0,0.0,0.0,0.0,0.0,0.0,0.0,0.25,0.25,0.0,0.1875,0.0,0.0,0.052884615384615384,NO,LOW,['New Zealand'],217800
437,d830177872eee99feb565272426eeac8,0.0,0.0,0.0,0.0,0.16666666666666666,0.0,0.0,0.0,0.0,0.0,0.0,0.0,0.0,0.01282051282051282,NO,LOW,['UK - Mobile'],18600
438,d891fafd066d8577539f5549318ef714,0.125,0.0,0.16666666666666666,0.0,0.0,0.0,0.0,0.0,0.0,0.0,0.0,0.0,0.16666666666666666,0.03525641025641025,NO,LOW,['Italy - Mobile'],115200
439,d8c1319297ea3a43d5ebf6cc955d71c6,0.0,0.0,0.0,0.0,0.0,0.0,0.0,0.0,0.08333333333333333,0.0,0.0,0.0,0.0,0.00641025641025641,NO,LOW,['Japan - Mobile'],12333
440,d96d36e4be0fb183ddc3f73d78dd8f72,0.0,0.0,0.0,0.0,0.0,0.0,0.0,0.16666666666666666,0.08333333333333333,0.0,0.0,0.0,0.0,0.019230769230769232,NO,LOW,"['France - Mobile', 'U.S.A']",29018
441,d974f075fd178127e452bffe6a92c920,0.25,0.25,1.0,0.25,0.75,0.25,1.0,0.16666666666666666,0.08333333333333333,0.0,0.25,0.0,0.3333333333333333,0.35256410256410253,YES,MEDIUM,"['Australia - Mobile', 'United Arab Emirates', 'U.S.A', 'New Zealand - Mobile']",2520790
442,da7079682cce6fe25a7b4227673e26a8,0.0,0.0,0.0,0.0,0.0,0.0,0.0,0.0,0.0,0.0,0.0,0.0,0.08333333333333333,0.00641025641025641,NO,LOW,['United Arab Emirates  - Mobile'],9000
443,da7b90e46c9e5d7a73a5b482040c113d,0.0,0.0,0.0,0.0,0.0,0.25,0.0,0.0,0.0,0.0,0.0,0.0,0.0,0.019230769230769232,NO,LOW,['Japan - Mobile'],211000
444,db7e4b8a8752e0a0af834f0e6eab8a0b,0.0,0.08333333333333333,0.0,0.0,0.0,0.0,0.0,0.0,0.0,0.0,0.0,0.0,0.0,0.00641025641025641,NO,LOW,['UK - Mobile'],6300
445,db886d8ca4d0ac1d4e16cb02156ce30d,0.0,0.16666666666666666,0.08333333333333333,0.16666666666666666,0.0,0.16666666666666666,0.0,0.0,0.0,0.0,0.0,0.0,0.0,0.044871794871794865,NO,LOW,"['Australia - Mobile', 'UK - Mobile', 'Singapore', 'Germany - Mobile']",85400
446,dd12f15abe9ea1dbe6f1c42d6210de5c,0.25,0.3333333333333333,0.25,0.16666666666666666,1.0,1.0,0.25,1.0,0.16666666666666666,0.6666666666666666,0.25,0.25,0.16666666666666666,0.4423076923076924,YES,MEDIUM,"['U.S.A', 'Pakistan']",2299732
447,dd19a517a805c87b95b36a28b7db8d60,0.0,0.0,0.0,0.0,0.0,0.0,0.0,0.0,0.0,1.0,0.125,0.0,0.0,0.08653846153846154,YES,LOW,"['Australia - Mobile', 'UK - Mobile']",1833300
448,dd8a4d89a889f334738904c7a64905d4,0.125,0.08333333333333333,0.3333333333333333,0.0,0.3333333333333333,0.0,0.0,0.16666666666666666,0.16666666666666666,0.08333333333333333,0.125,0.0,0.16666666666666666,0.12179487179487179,YES,LOW,"['Denmark - Mobile', 'Maldive Islands', 'Denmark']",1475833
449,ddea1fae74e5a77f14e76509462061c7,0.125,0.16666666666666666,0.16666666666666666,0.08333333333333333,0.25,0.5,0.16666666666666666,0.5,0.0,0.16666666666666666,0.25,0.0,0.08333333333333333,0.18910256410256407,YES,LOW,"['Australia - Mobile', 'Australia', 'U.S.A']",505582
450,de0e74adf526ad490d6fdf1c3ce76353,0.0,0.0,0.0,0.0,0.0,0.0,0.0,0.0,0.0,0.0,0.0,0.0,0.16666666666666666,0.01282051282051282,NO,LOW,['Saudi Arabia - Mobile'],57633
451,dec3c7dca8c8920de2b71fb900017434,0.0,0.16666666666666666,0.16666666666666666,0.08333333333333333,0.16666666666666666,0.0,0.16666666666666666,0.16666666666666666,0.0,0.16666666666666666,0.125,0.0,0.16666666666666666,0.10576923076923077,YES,LOW,['UK - Mobile'],259500
452,defab5b5f46fd3c1696aeadc0d3e57a5,0.0,0.0,0.0,0.0,0.08333333333333333,0.0,0.0,0.0,0.0,0.0,0.0,0.0,0.0,0.00641025641025641,NO,LOW,['Australia'],1050
453,dfe3cebfc4e26591c25b32a3486ee6f4,0.0,0.0,0.08333333333333333,0.0,0.0,0.08333333333333333,0.3333333333333333,0.0,0.16666666666666666,0.0,0.5625,0.0,0.0,0.09455128205128203,YES,LOW,"['United Arab Emirates', 'Japan - Mobile', 'Japan', 'India']",187449
454,e00811304620ccea1f2d33e2e4c9a335,0.5625,0.08333333333333333,0.75,1.0,0.3333333333333333,1.0,1.0,1.0,1.0,1.0,0.75,1.0,1.0,0.8060897435897435,YES,HIGH,"['Australia - Mobile', 'Singapore']",6892200
455,e07eed90f545fb0e093cf1ba932932d7,0.0,0.0,0.0,0.25,0.0,0.0,0.0,0.0,0.0,0.0,0.0,0.0,0.0,0.019230769230769232,NO,LOW,['U.S.A'],35688
456,e151cb14a07999a8cee1bd15d2545cd8,0.0,0.0,0.0,0.0,0.0,0.0,0.0,0.16666666666666666,0.0,0.0,0.0,0.0,0.0,0.01282051282051282,NO,LOW,['Korea Republic Of - Mobile'],64534
457,e1584639161ed03ba5bb683e176af222,0.25,0.16666666666666666,0.08333333333333333,0.16666666666666666,0.25,0.0,0.3333333333333333,0.3333333333333333,0.16666666666666666,0.3333333333333333,0.1875,0.25,0.16666666666666666,0.20673076923076922,YES,LOW,['Australia - Mobile'],3254400
458,e15d29cc06e8823c845f9c1daf56896d,0.0,0.0,0.25,0.25,0.08333333333333333,0.0,0.0,0.0,0.0,0.0,0.0,0.0,0.0,0.04487179487179487,NO,LOW,"['Australia - Mobile', 'United Arab Emirates  - Mobile']",372600
459,e22e27afdfc7cb4af2360ff10d3df5be,0.0,0.0,0.0,0.0,0.16666666666666666,0.0,0.0,0.3333333333333333,0.25,0.0,0.25,0.0,0.16666666666666666,0.08974358974358974,YES,LOW,"['Cyprus - Mobile', 'Singapore']",764467
460,e322f5f2bc97ed443b31637172b3ad29,0.0625,0.16666666666666666,0.16666666666666666,0.0,0.0,0.0,0.0,0.3333333333333333,0.0,0.0,0.0,0.25,0.0,0.07532051282051282,NO,LOW,['U.K.'],199268
461,e3279532efd5a6d6af5d90a9a4423067,0.0,0.75,0.0,0.25,0.0,0.0,0.0,0.0,0.0,0.0,0.0,0.0,0.0,0.07692307692307693,NO,LOW,['Sweden'],63000
462,e34715fd1ec5ecf28eaebc06101413ce,0.0,0.0,0.0,0.0,0.0,0.0,0.0,0.0,0.3333333333333333,0.0,0.0,0.08333333333333333,0.0,0.03205128205128205,NO,LOW,"['Qatar - Mobile', 'United Arab Emirates  - Mobile']",325750
463,e353b9a7ecc02ca7fa761e19f25fc295,0.0,0.0,0.0,0.0,0.0,1.0,0.75,0.25,0.0,0.08333333333333333,0.0,0.0,0.0,0.16025641025641027,YES,LOW,"['Australia', 'China', 'Qatar - Mobile']",688683
464,e3a583ce0de72e72774c02310dc0fe32,0.0,0.0,0.0,0.0,0.0,0.0,0.08333333333333333,0.0,0.16666666666666666,0.0,0.0,0.0,0.0,0.019230769230769232,NO,LOW,"['Australia - Mobile', 'Maldive Islands']",356167
465,e3e536f44d4c760b36547c5b34dc6e00,0.0,0.16666666666666666,0.08333333333333333,0.16666666666666666,0.08333333333333333,0.08333333333333333,0.0,0.08333333333333333,0.16666666666666666,0.0,0.0625,0.0,0.08333333333333333,0.07532051282051282,NO,LOW,['Saudi Arabia - Mobile'],193166
466,e53c8174bee77d55903c6294ec6498f6,0.0,0.0,0.0,0.0,0.0,0.0,0.0,0.0,0.25,0.0,0.0,0.0,0.0,0.019230769230769232,NO,LOW,['Canada'],22213
467,e58a597b42a2be4afbefbbb128d60411,0.0,0.0,0.0,0.0,0.0,0.0,0.0,0.0,0.0,0.0,0.125,0.0,0.0,0.009615384615384616,NO,LOW,['United Arab Emirates  - Mobile'],54333
468,e5d215e3be7de43ef5f7f85d4220bad9,0.0,0.0,0.0,0.0,0.0,0.0,0.0,0.0,0.0,0.08333333333333333,0.0625,0.0,0.0,0.011217948717948716,NO,LOW,['U.S.A'],1225
469,e66f05c8cbb406c091cc1071eac46b4a,0.0,0.0,0.0,0.0,0.0,0.25,0.0,0.0,0.0,0.0,0.0,0.0,0.0,0.019230769230769232,NO,LOW,['Australia - Mobile'],96000
470,e6e8f0cf6b688754a6d105eebd33be28,0.5,1.0,1.0,1.0,1.0,1.0,0.75,0.5,1.0,0.6666666666666666,0.75,1.0,0.08333333333333333,0.7884615384615384,YES,HIGH,['Canada'],2023614
471,e71bb1b9eb42d37ddc7d52bb07ab1f8a,0.0,0.0,0.0,0.0,0.0,0.0,0.0,0.0,0.0,0.0,0.0,0.08333333333333333,0.0,0.00641025641025641,NO,LOW,['Canada'],653
472,e82cd17dabaa5814f3cf438af8d785c3,0.0,0.0,0.16666666666666666,0.25,0.08333333333333333,0.0,0.0,0.0,0.08333333333333333,0.0,0.0,0.0,0.0,0.044871794871794865,NO,LOW,['Canada'],67539
473,e8383bd90c3e6207d3db6234a5fa0ff1,0.0,0.0,0.0,0.0,0.08333333333333333,0.0,0.0,0.0,0.0,0.0,0.0,0.0,0.0,0.00641025641025641,NO,LOW,['France - Mobile'],4500
474,e88da715b7de522a6daf724c32045541,0.0,0.0,0.0,0.0,0.0,0.0,0.0,0.0,0.0,0.0,0.0,0.0,0.16666666666666666,0.01282051282051282,NO,LOW,['U.K.'],10267
475,e96dd0eddcb6b55254fc847d70e8c66c,0.0,0.0,0.0,0.0,0.0,0.0,0.0,0.0,0.0,0.0,0.5625,1.0,0.75,0.1778846153846154,YES,LOW,['Italy - Mobile'],908400
476,eb2e1d215818020d5ed5430c3236c6e1,0.125,0.0,0.0,0.0,0.0,0.0,0.0,0.0,0.0,0.0,0.0,0.0,0.0,0.009615384615384616,NO,LOW,['Cyprus'],31667
477,eb77a3cfb5e71c7935d72d33ee26c722,0.0,0.0,0.0,0.0,0.0,0.0,0.0,0.0,0.0,0.0,0.0,0.25,0.0,0.019230769230769232,NO,LOW,['Qatar - Mobile'],161250
478,eb809250a1ec5e8531cf992e663a6972,0.0,0.0,0.0,0.0,0.0,0.0,0.0,0.08333333333333333,0.0,0.0,0.0,0.0,0.0,0.00641025641025641,NO,LOW,['Malaysia'],5600
479,eb90a03e3d097c60732ebeae5bfd0fd7,0.1875,0.25,1.0,0.25,0.16666666666666666,0.25,0.3333333333333333,0.0,0.16666666666666666,0.16666666666666666,0.125,0.0,0.0,0.22275641025641024,YES,LOW,"['United Arab Emirates', 'United Arab Emirates  - Mobile']",1618334
480,edaa976e6791c82c498810defdb0b492,0.125,0.0,0.0,0.25,0.0,0.08333333333333333,0.0,0.08333333333333333,0.5,0.0,0.25,0.3333333333333333,0.0,0.12499999999999999,YES,LOW,"['Canada', 'U.S.A']",334342
481,edfd3e0eb696b7a8d31c05f968c6fbcf,0.0,0.16666666666666666,0.0,0.0,0.0,0.0,0.0,0.0,0.0,0.0,0.0,0.0,0.0,0.01282051282051282,NO,LOW,['France'],13650
482,ee0f82f615804366ae5389796522ec41,0.0,0.0,0.0,0.0,0.08333333333333333,0.3333333333333333,0.08333333333333333,0.0,0.0,0.0,0.0,0.0,0.0,0.03846153846153846,NO,LOW,['U.S.A'],130503
483,ee4fe76990876ffba649fb71b683e91c,0.0,1.0,1.0,0.16666666666666666,0.0,0.25,0.0,0.25,0.0,0.0,0.0,0.0,0.16666666666666666,0.21794871794871795,YES,LOW,"['Japan', 'Japan - Mobile']",2096884
484,ee78f9b1b26a91e597ac88b2deb50c12,0.0625,0.08333333333333333,0.08333333333333333,0.6666666666666666,0.0,0.6666666666666666,0.0,0.0,0.25,0.0,0.0,0.0,0.0,0.13942307692307693,YES,LOW,"['Qatar - Mobile', 'India', 'United Arab Emirates  - Mobile']",267979
485,ef0846eff35b61ab21e8b01ca1929dea,0.0,0.0,0.0,0.0,0.0,0.0,0.0,0.16666666666666666,0.0,0.0,0.0,0.0,0.0,0.01282051282051282,NO,LOW,['U.S.A'],8738
486,ef2ee74ecb8d2c346e43a947c96ae1ee,0.0,0.08333333333333333,0.0,0.0,0.0,0.0,0.0,0.0,0.0,0.0,0.0,0.0,0.0,0.00641025641025641,NO,LOW,['Kuwait -Mobile'],4500
487,ef78b01f6dfaf27e12a4ae9659aee5fd,0.0,0.0,0.0,0.0,0.0,0.0,0.0,0.0,0.0,0.0,0.0625,0.0,0.0,0.004807692307692308,NO,LOW,['Italy - Mobile'],8400
488,efa64b328207e7017aca658b2a32ce9d,0.1875,0.08333333333333333,0.08333333333333333,0.08333333333333333,0.08333333333333333,0.16666666666666666,0.25,0.3333333333333333,0.16666666666666666,0.25,0.125,0.0,0.0,0.13942307692307693,YES,LOW,"['UK - Mobile', 'U.S.A', 'Australia', 'New Zealand - Mobile', 'Canada']",507971
489,f1414aac049cb6aabd967922c92160ac,0.125,0.0,0.16666666666666666,0.0,0.0,0.0,0.08333333333333333,0.0,0.0,0.0,0.0,0.0,0.0,0.02884615384615384,NO,LOW,['U.K.'],30567
490,f248ec52f83f060f5b3177510ab270b7,0.0,0.0,0.0,0.0,0.0,0.0,0.0,0.0,0.0,0.08333333333333333,0.0,0.0,0.0,0.00641025641025641,NO,LOW,['Switzerland'],4800
491,f24c3becafad596b82f3c1ee38375ee7,0.5625,0.08333333333333333,0.16666666666666666,0.0,0.0,0.3333333333333333,0.75,0.6666666666666666,0.16666666666666666,0.3333333333333333,0.1875,0.08333333333333333,0.0,0.25641025641025644,YES,LOW,"['Australia - Mobile', 'Australia']",1067282
492,f3408397c4c2b62c258dc07a6a1d4466,0.0,0.0,0.0,0.16666666666666666,0.0,0.0,0.0,0.0,0.0,0.0,0.0,0.0,0.08333333333333333,0.019230769230769232,NO,LOW,['Canada'],23928
493,f36049a029726b88e7ccc0ac53cd966c,0.0,0.0,0.0,0.0,0.0,0.0,0.0,0.0,0.25,0.25,0.0,0.0,0.0,0.038461538461538464,NO,LOW,['Italy - Mobile'],295200
494,f3bc926ce950efffdea8bd5287e141ce,0.0,0.0,0.0,0.0,0.0,0.0,0.0,0.0,0.0,0.0,0.0,0.0,0.16666666666666666,0.01282051282051282,NO,LOW,['United Arab Emirates'],23667
495,f40d3fd863026bd59ac0b6c86c5d390c,0.0,0.0,0.3333333333333333,0.0,0.0,0.25,0.0,0.25,0.3333333333333333,0.0,0.0,0.0,0.0,0.08974358974358973,YES,LOW,['U.S.A'],261742
496,f42ca709abfd81f015e40ee5af3da6c9,0.0,0.0,0.08333333333333333,0.16666666666666666,0.0,0.0,0.0,0.0,0.0,0.0,0.0,0.0,0.0,0.019230769230769232,NO,LOW,"['Australia - Mobile', 'UK - Mobile']",40200
497,f4ddd9b3657e0c4a53ec796d45a12bab,0.0,0.5,0.3333333333333333,0.08333333333333333,0.16666666666666666,0.08333333333333333,0.0,0.0,0.0,0.0,0.0,0.08333333333333333,0.16666666666666666,0.10897435897435896,YES,LOW,"['Qatar - Mobile', 'Singapore']",192768
498,f50e8a2522301fa447153e007a624011,0.0625,0.0,0.0,0.0,0.0,0.0,0.0,0.0,0.0,0.0,0.0,0.0,0.0,0.004807692307692308,NO,LOW,['France'],350
499,f632a7b1c3ed74a49d66dc397f637937,0.0,0.0,0.0,0.16666666666666666,0.0,0.0,0.0,0.0,0.0,0.0,0.0,0.0,0.0,0.01282051282051282,NO,LOW,['Australia - Mobile'],13800
500,f6a7b28f970d152c4af7109cb211cbef,0.0,0.0,0.08333333333333333,0.0,0.0,0.0,0.0,0.0,0.08333333333333333,0.0,0.0625,0.08333333333333333,0.16666666666666666,0.03685897435897435,NO,LOW,"['Australia - Mobile', 'Italy', 'Italy - Mobile']",24030
501,f6f97a90a742d6f3ee157c9e519c7242,0.0,0.3333333333333333,0.16666666666666666,0.0,0.0,0.0,0.5,0.25,0.0,0.0,0.0,0.0,0.16666666666666666,0.10897435897435898,YES,LOW,"['France - Mobile', 'U.K.', 'United Arab Emirates  - Mobile']",724950
502,f74cb22c89ace83b0f9feefce6191b0d,0.0,0.0,0.0,0.25,0.0,0.0,0.0,0.0,0.0,0.0,0.0,0.0,0.0,0.019230769230769232,NO,LOW,['Saudi Arabia - Mobile'],179233
503,f76049dd340bc1edbf3a0e77b5418eea,0.0,0.0,0.0,0.0,0.0,0.0,0.0,0.25,0.3333333333333333,0.3333333333333333,0.0,0.0,0.0,0.0705128205128205,NO,LOW,['Italy - Mobile'],785400
504,f7c44808bcae06037bbb1a9d2aa44291,0.0,0.0,0.0,0.0,0.0,0.0,0.08333333333333333,0.08333333333333333,0.25,0.0,0.1875,0.0,0.0,0.04647435897435897,NO,LOW,['U.K.'],155050
505,f8526f6ce7814ad229916d4b2643d332,0.0,0.0,0.0,0.08333333333333333,0.0,0.0,0.0,0.0,0.0,0.0,0.0,0.0,0.0,0.00641025641025641,NO,LOW,['United Arab Emirates  - Mobile'],7667
506,f852c66e165c8845bf24e759a33e0bfe,0.0,0.25,0.0,0.0,0.0,0.0,0.0,0.0,0.0,0.0,0.0,0.0,0.0,0.019230769230769232,NO,LOW,['Saudi Arabia - Mobile'],102600
507,f98f6750211cfdc7fee9a826ff5293b4,0.1875,0.0,0.0,0.0,0.0,0.0,0.0,0.0,0.0,0.0,0.0,0.0,0.0,0.014423076923076924,NO,LOW,['Maldive Islands'],946001
508,facfe99fff1a63941380ad952a055621,0.125,0.16666666666666666,0.0,0.0,0.08333333333333333,0.16666666666666666,0.0,0.0,0.0,0.08333333333333333,0.0625,0.16666666666666666,0.25,0.08493589743589743,YES,LOW,"['Australia', 'Malaysia - Mobile', 'India']",63468
509,fdf1cca1f96ccf2fdf7426b6bd74309e,0.0,0.0,0.0,0.0,0.08333333333333333,0.08333333333333333,0.0,0.0,0.0,0.0,0.0,0.0,0.0,0.01282051282051282,NO,LOW,['U.S.A'],3267
510,fdf4d7c06392afe91b2b230a72baab07,0.0,0.0,0.0,0.0,0.0,0.0,0.0,0.0,0.25,0.0,0.0,0.0,0.0,0.019230769230769232,NO,LOW,['Qatar - Mobile'],219583
511,fe0bea5ee8cbf5765fb5d29e0423fdcc,0.0,0.0,0.08333333333333333,0.0,0.0,0.0,0.0,0.0,0.0,0.0,0.0,0.0,0.0,0.00641025641025641,NO,LOW,['Kuwait -Mobile'],5400
512,fe20b17a9573e4b7e765cc3098728f3d,0.0,0.0,0.0,0.0,0.0,0.0,0.0,0.0,0.0,0.5,0.0,0.25,0.0,0.057692307692307696,NO,LOW,['Australia - Mobile'],442500
513,fe4e907a21bb03842eb88d0c0d633ca8,0.0,0.3333333333333333,1.0,1.0,0.25,0.25,0.6666666666666666,1.0,0.6666666666666666,0.25,0.25,0.0,0.0,0.4358974358974359,YES,MEDIUM,['India'],1057550
514,ff445f580f7525bd9f1455d6b09704cd,0.0,0.0,0.0,0.0,0.08333333333333333,0.0,0.0,0.0,0.0,0.0,0.0,0.0,0.0,0.00641025641025641,NO,LOW,['United Arab Emirates'],5000
515,ff7e0f4edb7b39b683b9134af37fc4d3,0.75,0.0,0.08333333333333333,0.08333333333333333,0.3333333333333333,1.0,1.0,1.0,0.5,0.3333333333333333,0.25,1.0,0.6666666666666666,0.5384615384615384,YES,MEDIUM,"['Australia - Mobile', 'Canada', 'Australia']",2452820
516,ffd96f173d6cd683bf3384bdc2f99713,0.25,0.08333333333333333,0.16666666666666666,0.08333333333333333,0.6666666666666666,0.08333333333333333,0.08333333333333333,0.08333333333333333,0.6666666666666666,0.16666666666666666,0.1875,0.08333333333333333,1.0,0.27724358974358976,YES,LOW,"['Australia - Mobile', 'Australia']",1063517
