,event_source.hash,Location_Identifier
2,d4eec8e7da1cdd41ad17797dee3b26da,MSAG5200-ISLPC-AGT-NODE48003
3,92691c288626b57a2d5e9bb3b03b143e,MSAG5200-ISLPC-AGT-NODE48003
4,1cfa0cd56534abc01792cc73fbc771de,MSAG5200-ISLPC-AGT-NODE48003
5,61d67d49f1e8747af7fbbd1232e97eef,MSAG5200-ISLPC-AGT-NODE48003
6,e151cb14a07999a8cee1bd15d2545cd8,MSAG5200MGE-NODE42838
9,54608c7d53ad49deb29008a2ce0ee791,ZXDSL9806H-ISLKE-NRP-NODE49573
10,3a2e20f170cecbe0719bfaaa471dfa83,ZXDSL9806H-ISLKE-NRP-NODE49573
11,a50e1b44c2ef939de35d9979a6aba1b8,MSAG5200-ISLHZ-BRL-NODE47191
24,c5a7b38096f4547e23fba9a4ec2059cd,MSAG5200-ISLHZ-BRL-NODE47191
25,4cebd60d20845469364f6af9bf875cdd,MSAG5200-ISLHZ-BRL-NODE47191
26,944a13cae4837c4970f0000c3be31f4d,MSAG5200PH-AKG-NODE43163
33,04ec40da46c6ca65064a371a0a695f74,MSAG5200PH-AKG-NODE43163
41,43268939e4a85aceeeceea70004d5c5a,MSAG5200-ISLMV-GDM-NODE48249
43,2dfde33c0353972bf881c79f50046502,MSAG5200-ISLMV-GDM-NODE48249
70,425ba7dcfe17742aba8994becf53c229,MSAG5200-ISLMV-GDM-NODE48249
74,69618a067865cf92431ed15d79f75226,MSAG5200-ISLMV-GDM-NODE48249
81,0c059226310dd52f0f5b82951971cc93,MSAG5200-ISLMV-GDM-NODE48249
83,d41379ae8b99ba302277963826a796de,MSAG5200-ISLMV-GDM-NODE48249
84,acb74f0a36dd8628eca56b36daa1e186,MSAG5200-ISLMV-GDM-NODE48249
86,48a7ca602fcfdf28093541cb00d613bb,MSAG5200-ISLMV-GDM-NODE48249
89,b12be81bb66614f327413c145d4cc59d,MSAG5200-ISLMV-GDM-NODE48249
103,256ca6fd748999e033e9ccd6b8535d82,MSAG5200-ISLMV-GDM-NODE48249
112,9fb8b46719fb977ff1d99a786ba3937f,MSAG5200-ISLMV-GDM-NODE48249
116,40316888f773134364ae711ebdfdc791,MSAG5200-ISLMV-GDM-NODE48249
122,8d45b7c6c319b1df9e9e60b872aba928,MSAG5200-ISLMV-GDM-NODE48249
124,c0987213f252e79fef54ccd2e6a33ce9,MSAG5200-ISLMV-GDM-NODE48249
134,784384d51f5700d0d4057377873af5c3,MSAG5200-ISLMV-GDM-NODE48249
141,1130f365a3683da739058139f369ccc5,MSAG5200-ISLMT-AVR-NODE46716
143,20553805891f796374e3c3dc1e8a5cf9,MSAG5200-ISLMT-AVR-NODE46716
202,552d18e8515f81cf52f85d1cb995de16,MSAG5200-ISLMV-GDM-NODE48249
204,e5d215e3be7de43ef5f7f85d4220bad9,MSAG5200-ISLMV-GDM-NODE48249
205,cb98e8b25a770c58e98d46d29f8b097c,MSAG5200-ISLMV-GDM-NODE48249
206,9783b9540f03ee6888e457eda205b719,MSAG5200-ISLMV-GDM-NODE48249
210,9d6aa071c0ef71607b4629a741fc2974,MSAG5200-ISLMV-GDM-NODE48249
225,709d2f2bbdf401b856fdf41d179ade81,MSAG5200-ISLMV-GDM-NODE48249
227,386a8056bda880cb6f39866038817971,MSAG5200-ISLMV-GDM-NODE48249
229,7b53ab3f0eacd851ff976627b380caa7,MSAG5200-ISLMV-GDM-NODE48249
248,220c50ec725dfd1f0e38d453cf58f1ff,MSAG5200-ISLMV-GDM-NODE48249
250,ef0846eff35b61ab21e8b01ca1929dea,MSAG5200-ISLMV-GDM-NODE48249
255,995ae34cf08d08eaca3d7d0249578546,MSAG5200-ISLMV-GDM-NODE48249
261,d7d4b6e066525bb42367119c91b7452f,MSAG5200-ISLHK-OCC-NODE50656
266,8c0914b400902c2bacbb8262d32f2eb1,MSAG5200-ISLND-PHG-NODE50024
267,b6ac3468b72baad19ec2ac0ebdbaa52f,MSAG5200-ISLHC-NAP-NODE47872
270,cbaa45b98a81b93ab859dae2b138bff9,MSAG5200-ISLHK-OCC-NODE50656
271,7c67f58f305f58a45a2ef0bb8d61c99c,MSAG5200-ISLMV-GDM-NODE48249
281,181e25f778e05ad6ddaa29d4df7af8d9,MSAG5200-ISLMV-GDM-NODE48249
282,c6776d3db9db4aab02f4cefcff391911,MSAG5200-ISLMV-GDM-NODE48249
310,07f6d0cd07ac3e203cc248dbca90a990,MSAG5200-ISLSI-DWS-NODE52072
311,d830177872eee99feb565272426eeac8,MSAG5200-ISLSI-DWS-NODE52072
317,5b3d2ecbe5f8733b1d20f5729e0a3f6d,MSAG5200-ISLSI-DWS-NODE52072
318,541aae494e0ca618c497cca547a12194,MSAG5200-ISLSI-DWS-NODE52072
319,14895c1aef7d3b7c234bb946a35c2ee5,MSAG5200-ISLSI-DWS-NODE52072
321,a627d43b87c76d2ac8f84415e0db6a72,MSAG5200-ISLSI-DWS-NODE52072
341,eb90a03e3d097c60732ebeae5bfd0fd7,MSAG5200PH-AKG-NODE43163
351,2c2938180da1015773240d3979fc9b35,MSAG5200PH-AKG-NODE43163
352,d8c1319297ea3a43d5ebf6cc955d71c6,MSAG5200PH-AKG-NODE43163
353,c3390000441cab42bf438a7e8a664e3a,MSAG5200PH-AKG-NODE43163
358,0541411ea78d692ada524e8734da6bb2,MSAG5200PH-AKG-NODE43163
364,a7fc434b1478396f94a32062fad184e1,MSAG5200PH-AKG-NODE43163
368,c94b7fdc3803b94fd02ad40b50ad18f1,MSAG5200PH-AKG-NODE43163
380,16195107431d4bf91071113c02e7f959,MSAG5200PH-AKG-NODE43163
382,bae88a1b8f63ddd7312558944f5b0bbb,MSAG5200PH-AKG-NODE43163
383,f3bc926ce950efffdea8bd5287e141ce,MSAG5200PH-AKG-NODE43163
391,640654d73e793985d8a0af054fb84a0f,MSAG5200PH-AKG-NODE43163
392,58e984be6f8750f5707066e93086ed05,MSAG5200PH-AKG-NODE43163
487,10bc4980dc3a344770a0d3e01fa8fbc2,MSAG5200-ISLMV-GDM-NODE48249
493,63f18a48f7fb498812e942ff6582619b,MSAG5200-ISLMV-GDM-NODE48249
497,b77149f3ae161de9a52d0f9f566d3fce,MSAG5200-ISLMV-GDM-NODE48249
501,0720ca296bbcf06064fb86ec563e848b,MSAG5200-ISLMV-GDM-NODE48249
505,0f1c21c06ec8b4e9179f702b34efe103,MSAG5200-ISLMV-GDM-NODE48249
514,edfd3e0eb696b7a8d31c05f968c6fbcf,MSAG5200-ISLND-PHG-NODE50024
515,26e1f97e5fa8a226ba2c85cf6932011f,MSAG5200-ISLMV-GDM-NODE48249
538,a3cc4c4735b2353a4ce845368919286c,MSAG5200-ISLND-PHG-NODE50024
539,9a09eca936d581cfe1b2fa8aed20316d,MSAG5200-ISLMV-GDM-NODE48249
540,3c4c9799f94bc608bdb262f963478358,MSAG5200-ISLND-PHG-NODE50024
541,b11d3c34ce836cd5afee7338a5f122e7,MSAG5200-ISLND-PHG-NODE50024
568,48ea05c4757616b5d14028a79acc8a59,MSAG5200-ISLND-PHG-NODE50024
570,4f181bb9708a8702c9e96fd6990222b1,MSAG5200-ISLMV-GDM-NODE48249
575,ee4fe76990876ffba649fb71b683e91c,MSAG5200-ISLMV-GDM-NODE48249
581,8acb93a33b355ae92e9f853985c462c3,MSAG5200-ISLND-PHG-NODE50024
598,982422f16991a84a0c19980e0590d979,MSAG5200-ISLMV-GDM-NODE48249
604,c0f033555b6da11fc198eaa673dfa4df,MSAG5200-ISLMV-GDM-NODE48249
606,1612e3da415b20eebf28d7a52a428a69,MSAG5200-ISLMV-GDM-NODE48249
608,12495a1ade27b9e8ecb21d37ea056400,MSAG5200-ISLMV-GDM-NODE48249
612,4a475b16493e3774d09eaf35ff514b97,MSAG5200-ISLMV-GDM-NODE48249
617,e82cd17dabaa5814f3cf438af8d785c3,MSAG5200-ISLMV-GDM-NODE48249
622,b00f41ee6e26baa6780be7dcb509ec45,MSAG5200-ISLMV-GDM-NODE48249
627,0a1e44aa19bed265fbae7478a126b252,MSAG5200-ISLMV-GDM-NODE48249
637,9f59609b705ca523e8468e1e8dc2eeb0,MSAG5200-ISLMT-AVR-NODE46716
638,ae36df655dd53094a472c4af3a3954be,MSAG5200-ISLND-PHG-NODE50024
647,bac9c1ee0157c0ee310899de8e7fd030,MSAG5200-ISLND-PHG-NODE50024
650,5be8e1d39f6ab638d17b91c96d96b1cb,MSAG5200-ISLMT-AVR-NODE46716
652,31425379dca3db4950c9beaccbf40a40,MSAG5200-ISLMT-AVR-NODE46716
660,3f16df551a137e02d1b2c1b06076636d,MSAG5200-ISLMT-AVR-NODE46716
661,99f6b25224c5d747c8204b75508f7bd3,MSAG5200-ISLND-PHG-NODE50024
662,828968af136b51b69db6dfe57ab1f1bf,MSAG5200-ISLMT-AVR-NODE46716
667,5ceecb860a82548818da2c97880432e3,UA5000(IPMB)SL-NODE38534
669,5fcdfbfb799f201d8ee31311d5279287,UA5000(IPMB)SL-NODE38534
671,7f54262010aedef2d475da1a017fb201,UA5000(IPMB)SL-NODE38534
688,9ae5fbe3b9d4572d5e0298e302346ae3,MSAG5200-ISLSI-DWS-NODE52072
690,54f16eb9c93bf0654c1a261e5c4af944,MSAG5200-ISLHK-OCC-NODE50656
695,7f045e0e69b628ae2f720af4cc2be3d4,MSAG5200-ISLND-PHG-NODE50024
697,acd82906e0adb2aacfca360304f36a44,MSAG5200-ISLND-PHG-NODE50024
699,b2c336ceba4ef6e9f4ac560cd9317e89,MSAG5200-ISLMV-GDM-NODE48249
706,78a16cd55d5a8218c2287f9ad8d6ad58,MSAG5200-ISLMV-GDM-NODE48249
708,c244991a007ea1568e0bf44a5934b5a8,MSAG5200-ISLMV-GDM-NODE48249
720,bd92972e862d39981a75aae534de510f,MSAG5200-ISLMV-GDM-NODE48249
737,22f91f68d787f423eb5d7f9eb7ee76f0,MSAG5200-ISLMV-GDM-NODE48249
753,6d05264c962bca2de27e7a00c85ef5ef,MSAG5200-ISLMV-GDM-NODE48249
759,88cd726fd19de40b97238fd2f25e21b8,MSAG5200-ISLMV-GDM-NODE48249
765,0201ee9b60de662cdd16c885f178feea,MSAG5200PH-AKG-NODE43163
769,a32ed20dc778b0ae330620357809d969,MSAG5200PH-AKG-NODE43163
779,4c9365df447c5c9fb28566a4a517933d,MSAG5200PH-AKG-NODE43163
792,ca0fd092dd504fd1037b37238187cc0c,MSAG5200PH-AKG-NODE43163
796,f7c44808bcae06037bbb1a9d2aa44291,MSAG5200PH-AKG-NODE43163
799,71abb2e3fb7424a48b20bb7a0809f5ea,MSAG5200PH-AKG-NODE43163
801,132576053423f9f8bd9aeacfd4436930,MSAG5200PH-AKG-NODE43163
803,94e9cc5591e7478b79f3e1707d342eab,MSAG5200PH-AKG-NODE43163
804,ef78b01f6dfaf27e12a4ae9659aee5fd,MSAG5200PH-AKG-NODE43163
805,cff2de1fdc15c64b0c34aaa3a269f4f2,MSAG5200PH-AKG-NODE43163
808,5bb03273e10f7df788d5cf560f83a7e5,MSAG5200PH-AKG-NODE43163
811,35d678929dbaa56ab419bdcdcc764658,MSAG5200PH-AKG-NODE43163
814,fdf1cca1f96ccf2fdf7426b6bd74309e,MSAG5200-ISLIDH-KGW-NODE619449
815,011adeeaef79aeac706a2e7fc225e8f8,MSAG5200-ISLIDH-KGW-NODE619449
816,cc625d9c831db6d985e6ec76a9fc5f15,C300MIDH-IDJ-NODE1106554
821,25df24be1c74c1acd44001e933b65e82,MSAG5200-ISLIDH-KGW-NODE619449
828,dfe3cebfc4e26591c25b32a3486ee6f4,MSAG5200-ISLIDH-KGW-NODE619449
835,4006fa22ee43ef7a18c02d794fba96ee,MSAG5200-ISLIDH-KGW-NODE619449
845,aec4a71342256be71703b92611ded6b3,MSAG5200-ISLIDH-KGW-NODE619449
846,5f4823ff977d6bcbd4fd5d5ee43341a8,MSAG5200-ISLIDH-KGW-NODE619449
847,9a6942c3d8d29fdadee1f875d6740c69,C300MIDH-IDJ-NODE1106554
878,76304367364b3c2d5833b070ee10c013,MSAG5200-ISLND-PHG-NODE50024
881,b5032da4699f32257a030e295aa1369c,MSAG5200-ISLND-PHG-NODE50024
894,b45755ef2c73250dc00e40f5e4467814,MSAG5200-ISLIDH-KGW-NODE619449
895,0f59d45888d46bd57b1b58a475f439d9,MSAG5200-ISLND-PHG-NODE50024
897,0e0545ed88b2f49f753d30dc242f45bb,MSAG5200-ISLND-PHG-NODE50024
898,5c7014778c124ba92ca6a098e78daa96,MSAG5200-ISLND-PHG-NODE50024
900,95f8e8d0e1c62fe2dab0ad49ab833a9b,MSAG5200-ISLND-PHG-NODE50024
901,cb30873cacf17f4d90e106ea7aa8c26b,MSAG5200-ISLIDH-KGW-NODE619449
904,8f4e00297bcba505a79d184a27f586ed,MSAG5200-ISLIDH-KGW-NODE619449
905,919f7a8082eb6cfe253fcfa3115245d1,MSAG5200-ISLND-PHG-NODE50024
910,34cb91ec7bffe431e7bd53a56d24ad3b,MSAG5200-ISLND-PHG-NODE50024
938,c31549e83c8d27f87a6fa89ca360b35e,MSAG5200-ISLIDH-KGW-NODE619449
940,679c3ffd9a655a1e04327fb1edf4f618,MSAG5200-ISLND-PHG-NODE50024
958,933ee2e2d07dfbf30701955853ad64a6,MSAG5200-ISLND-PHG-NODE50024
963,bece8aa5f779178087b00130c08a181e,C300MIDH-IDJ-NODE1106554
964,6b5a53275e58e99ff6b4b5ca8e2419ba,MSAG5200-ISLIDH-KGW-NODE619449
975,3c7e33ce463f2e1a1327783dbfe922e9,MSAG5200PH-AKG-NODE43163
989,27b7f28da49f510b171e0a65fc2e76ce,MSAG5200PH-AKG-NODE43163
990,0d58d0343683e03b754aa3817468395e,MSAG5200PH-AKG-NODE43163
993,7e18108a246044bda9cc638f797649cf,MSAG5200PH-AKG-NODE43163
994,d4befb695964293521c48a8335a3ab9a,MSAG5200PH-AKG-NODE43163
996,1e4c13e737c18ae2f2e8b039da828bd8,MSAG5200-ISLIDH-KGW-NODE619449
1014,38e30e587d665e0c8ef43facdabb3f38,C300MIDH-IDJ-NODE1106554
1015,e66f05c8cbb406c091cc1071eac46b4a,MSAG5200-ISLIDH-KGW-NODE619449
1017,32152b3aebe82070a6faeb8d775cf640,C300MIDH-IDJ-NODE1106554
1018,39cc573a156f044a13801b26d5379370,MSAG5200-ISLIDH-KGW-NODE619449
1019,38fa17c37f34b7c3cbab423c31f21c13,MSAG5200-ISLIDH-KGW-NODE619449
1022,9aa1c8903467c70a3649f81aba88b6d3,MSAG5200-ISLIDH-KGW-NODE619449
1025,b0086f6ecf11840b169fd79537c8f552,C300MIDH-IDJ-NODE1106554
1029,f42ca709abfd81f015e40ee5af3da6c9,MSAG5200-ISLIDH-KGW-NODE619449
1030,955ce3e26252b705bf01ee6af090bbcf,MSAG5200-ISLIDH-KGW-NODE619449
1033,79d8ba7bbe4b717d362c548a8e37c726,MSAG5200BG-NODE43139
1034,b5559511d8d48eb2403d2eb397ccf793,MSAG5200BG-NODE43139
1035,8e074467ef62a1ebb8b88a2eb7f6d0b4,MSAG5200BG-NODE43139
1036,57fd5d0fd4a5a64994dcef7be5cb3409,MSAG5200BG-NODE43139
1037,d12cfec3f3341754b73eeeb57a1c1c53,MSAG5200BG-NODE43139
1045,3b243a0b7e610b79712a8fb19eb6f555,MSAG5200BG-NODE43139
1048,66bbab9297725a48b286e3877ce86a84,MSAG5200-ISLWY-MDB-NODE50622
1052,867963358df3e9cc648d717b6759d3d3,C300MHT-NE-NODE815246
1053,d0b23dcda7f59fa107be1bfddf720895,C300MHT-NE-NODE815246
1068,bae8347a754b9575f88932686b9b7494,MSAG5200-ISLND-PHG-NODE50024
1073,69d91c6f3d75bcd9954871981ec22795,MSAG5200-ISLMV-GDM-NODE48249
1100,ff7e0f4edb7b39b683b9134af37fc4d3,MSAG5200-ISLMV-GDM-NODE48249
1101,7c37702fe1dd0b0e55596dece1a59e4a,MSAG5200-ISLMV-GDM-NODE48249
1115,7462ebfbe1d8bb190a00384205ddc55a,MSAG5200-ISLMV-GDM-NODE48249
1116,50f33168b2c198867206f509a5c75831,MSAG5200-ISLMV-GDM-NODE48249
1127,1f576c5e12c070fe23fbed5e87c553a6,MSAG5200-ISLMV-GDM-NODE48249
1134,430816a525002fb012100f9bf8e27f8d,MSAG5200-ISLMV-GDM-NODE48249
1136,301a321f8f09dc78170d30860d793bb8,MSAG5200-ISLND-PHG-NODE50024
1144,3a6276fe3192e10f28ab93fedb94b9f2,UA5000(IPMB)SL-NODE38534
1146,0de06a2cc05a13da6344d010532e4fb1,UA5000(IPMB)SL-NODE38534
1149,d44a9019a8434d005aab2f10e30e65a0,UA5000(IPMB)SL-NODE38534
1151,f8526f6ce7814ad229916d4b2643d332,UA5000(IPMB)SL-NODE38534
1158,f6a7b28f970d152c4af7109cb211cbef,UA5000(IPMB)SL-NODE38534
1160,49fd02fe57ba3852a8ae4fe55a5237f4,UA5000(IPMB)SL-NODE38534
1164,d020e62aa01df1d51363cc2cd7213e50,UA5000(IPMB)SL-NODE38534
1172,6c397f70bdbc607bfbef7772a54fb239,MSAG5200-ISLMX-NODE539182
1173,66cc2ee5785e4550f9d956fcc234e2b5,MSAG5200-ISLMX-NODE539182
1178,67a5c72583d9625030befc9da30f801d,MSAG5200-ISLMX-NODE539182
1181,958507cbc76a73b3b387a159f656c48c,MSAG5200-ISLMT-AVR-NODE46716
1186,69ccad7c36e8c623de7855746231579e,MSAG5200-ISLMX-NODE539182
1188,e58a597b42a2be4afbefbbb128d60411,MSAG5200-ISLGE-NODE557798
1202,8ba2d8aa1f28349ed94c4d9df06ed25c,MSAG5200-ISLGE-NODE557798
1204,f36049a029726b88e7ccc0ac53cd966c,MSAG5200-ISLPC-AGT-NODE48003
1222,474aef26dacb4f2c3ac5983e175e18e4,MSAG5200BG-NODE43139
1223,94dbd8cd27f85dfd7b08f5e504b21bc5,MSAG5200BG-NODE43139
1226,f1414aac049cb6aabd967922c92160ac,MSAG5200BG-NODE43139
1230,4bbf6b545148fcd1729da7a9b25b1fe8,MSAG5200BG-NODE43139
1232,171dac6dcb8dc43fdaee2a0150b82464,MSAG5200BG-NODE43139
1233,4b1bf57b9f02b67e54c5a36647d51f0c,MSAG5200BG-NODE43139
1251,1b1a2cf9cdc804bb0644778768d1a28c,MSAG5200BG-NODE43139
1264,dd8a4d89a889f334738904c7a64905d4,MSAG5200BG-NODE43139
1277,e6e8f0cf6b688754a6d105eebd33be28,MSAG5200BG-NODE43139
1279,a947c867af161f500521512b1321cdc2,MSAG5200BG-NODE43139
1281,e8383bd90c3e6207d3db6234a5fa0ff1,MSAG5200BG-NODE43139
1283,00cc5a820586ce291c0fa4c2a99a4816,MSAG5200BG-NODE43139
1292,edaa976e6791c82c498810defdb0b492,MSAG5200BG-NODE43139
1293,81730858ef806dac6282c3597b2fe009,MSAG5200BG-NODE43139
1307,cedaa4b4dbcf053a6c023d03bb698624,MSAG5200-ISLMV-GDM-NODE48249
1309,e07eed90f545fb0e093cf1ba932932d7,MSAG5200-ISLMV-GDM-NODE48249
1313,ee0f82f615804366ae5389796522ec41,MSAG5200-ISLMV-GDM-NODE48249
1314,c0c3787c5618ece7f1456dc6e3c7363f,MSAG5200-ISLMV-GDM-NODE48249
1317,afdd282f38d3a10042cfbf353952e705,MSAG5200-ISLMV-GDM-NODE48249
1327,facfe99fff1a63941380ad952a055621,MSAG5200-ISLMV-GDM-NODE48249
1338,1d26325ab6cedae6ddece98915e3593d,MSAG5200-ISLND-PHG-NODE50024
1345,9b0e9ea9ef181a196cbdd6b24959f17e,MSAG5200-ISLND-PHG-NODE50024
1346,ae94fbc38bc768df1efaae49b6fb256f,MSAG5200-ISLND-PHG-NODE50024
1348,ff445f580f7525bd9f1455d6b09704cd,MSAG5200-ISLND-PHG-NODE50024
1351,64906ac25467e1f6745fb3bd3fab4b8a,MSAG5200-ISLMV-GDM-NODE48249
1361,5aa899bf785247fd5e97694c53e95742,MSAG5200-ISLND-PHG-NODE50024
1363,5fea9b5567a3814f57718fe99db525a0,MSAG5200-ISLMV-GDM-NODE48249
1365,063f3be0a6af9f777434429112257c03,MSAG5200-ISLND-PHG-NODE50024
1367,1aff4e234e28883860ec811f58079384,MSAG5200-ISLND-PHG-NODE50024
1381,72a0d0bbb0b7fb1a1b94db9b404fc997,MSAG5200-ISLND-PHG-NODE50024
1393,0480fbc41f1ab2d73ea50c0dda53b89e,MSAG5200-ISLND-PHG-NODE50024
1398,e322f5f2bc97ed443b31637172b3ad29,MSAG5200-ISLND-PHG-NODE50024
1401,dd19a517a805c87b95b36a28b7db8d60,MSAG5200-ISLND-PHG-NODE50024
1409,eb809250a1ec5e8531cf992e663a6972,MSAG5200-ISLND-PHG-NODE50024
1411,f632a7b1c3ed74a49d66dc397f637937,MSAG5200-ISLND-PHG-NODE50024
1412,4dbd986709b12a3f50c28b75842592b2,MSAG5200-ISLND-PHG-NODE50024
1430,d6aa1beb4731c60920a88171b5b09a35,MSAG5200-ISLMT-AVR-NODE46716
1435,453ed6d12a91a35cfc44d0b2e691a6c0,MSAG5200-ISLMV-GDM-NODE48249
1437,a0723957ebd80e956172f8424d6d530f,MSAG5200-ISLMV-GDM-NODE48249
1438,5535b8544edef2d228253e7debf13956,MSAG5200-ISLMV-GDM-NODE48249
1441,6132f36005b52087a6532ae7fe928218,MSAG5200-ISLMT-AVR-NODE46716
1449,e34715fd1ec5ecf28eaebc06101413ce,MSAG5200-ISLND-PHG-NODE50024
1452,756b47be02ae8288d02f2d9e80659d75,MSAG5200-ISLMV-GDM-NODE48249
1456,cfa186644d88917aaef0aff88c545538,MSAG5200-ISLND-PHG-NODE50024
1474,7651616fff964b4260880daf3aecd561,MSAG5200-ISLMV-GDM-NODE48249
1483,877bf134f2a0c84e1552eaf9e216ffc1,MSAG5200-ISLND-PHG-NODE50024
1484,3f457223b4ab99aca778c3ffc45d35fb,MSAG5200-ISLND-PHG-NODE50024
1488,b7c34f91082283caff74b6e5f748b450,MSAG5200-ISLHO-NODE52469
1490,b699801e9da7e5faa2b23693bdcb6dbc,C300MKI-NODE1066816
1491,ca97835dead50a8e39ffddae2e6c54ca,C300MKI-NODE1066816
1492,de0e74adf526ad490d6fdf1c3ce76353,C300MKI-NODE1066816
1496,8822b88cbe6c146be2046f44d4a327a6,C300MKI-NODE1066816
1513,35f69e6ad0294c250534e687a6d506c2,C300MKI-NODE1066816
1518,cbd41a460c8a79690eedebafd8420d45,C300MKI-NODE1066816
1522,b709629357ddf011823f36b6aa17da12,C300MKI-NODE1066816
1527,db886d8ca4d0ac1d4e16cb02156ce30d,C300MKI-NODE1066816
1528,a4aa118d7a856eb008b2c7d3953ed310,C300MKI-NODE1066816
1532,26a87af2622ab681238a991a2c8ac33c,C300MKI-NODE1066816
1533,a088801e982e6fb893a258056859f02e,C300MKI-NODE1066816
1540,3e7e191b7d879038577c1b323b858e99,C300MKI-NODE1066816
1541,c2bda08608df327bdc42c2edecb94027,C300MKI-NODE1066816
1551,7409582429f085df923afca66da4cfc3,C300MKI-NODE1066816
1554,f76049dd340bc1edbf3a0e77b5418eea,C300MKI-NODE1066816
1557,7aefb8dee512c9dabed9f8d37ea1d2ce,C300MKI-NODE1066816
1561,1b355845bc81803b7fc2f0cbaa94f014,MSAG5200-ISLMLT-VMD-NODE414509
1562,aa12a0801b9d1cec17f312c4a686333d,MSAG5200-ISLMLT-VMD-NODE414509
1563,52380877b36538ec9c9a44084bea19e5,MSAG5200-ISLMLT-VMD-NODE414509
1565,5f3d6748040dfff6fdf405e67face60e,MSAG5200-ISLMLT-VMD-NODE414509
1566,20b9b29cd2daae70207fef8b84e37f08,MSAG5200-ISLMLT-VMD-NODE414509
1567,27fb9058d3394bdbb0d9cf5e65054d8e,MSAG5200-ISLMLT-VMD-NODE414509
1570,aaa6f63fb92eb75ae073b5ae43c5c07a,MSAG5200-ISLJA-PKV-NODE46042
1579,f40d3fd863026bd59ac0b6c86c5d390c,MSAG5200-ISLND-PHG-NODE50024
1580,dec3c7dca8c8920de2b71fb900017434,MSAG5200-ISLND-PHG-NODE50024
1590,06b3c8e2e60e881a571273d35220b8a5,MSAG5200-ISLMV-GDM-NODE48249
1591,ba92265629d900b924251cd37dd93292,MSAG5200-ISLND-PHG-NODE50024
1592,870b7685f7146557933b66bde37d763e,MSAG5200-ISLMV-GDM-NODE48249
1593,bd60e0087acdac3b468e12a2a9f4bcae,MSAG5200-ISLND-PHG-NODE50024
1598,c9d10d8f24534286ad5a2a990418a851,UA5000(IPMB)SL-NODE38534
1599,a263c2c75686b3df2f51a40c930f14df,UA5000(IPMB)SL-NODE38534
1600,fdf4d7c06392afe91b2b230a72baab07,UA5000(IPMB)SL-NODE38534
1605,e22e27afdfc7cb4af2360ff10d3df5be,UA5000(IPMB)SL-NODE38534
1606,c05398fce653141ad481c4a2243b0d99,UA5000(IPMB)SL-NODE38534
1607,652e635172257be9a86800505f7f908a,UA5000(IPMB)SL-NODE38534
1608,027e6eb407d981fd043cbc08c3cdee8d,UA5000(IPMB)SL-NODE38534
1609,392f8376d4cc437cf3bbe01ecfef6ba5,UA5000(IPMB)SL-NODE38534
1610,b3752d39e0bd16936cbdab618d7195d4,UA5000(IPMB)SL-NODE38534
1638,6d6e71780151e01915a1fe8aa99b1665,MSAG5200-ISLMV-GDM-NODE48249
1645,87982c45d5c8ccde8b83f5c0a989106e,MSAG5200-ISLMT-AVR-NODE46716
1646,ef2ee74ecb8d2c346e43a947c96ae1ee,MSAG5200-ISLMT-AVR-NODE46716
1649,63aac75c86229aa94cba7d8a9cfc4398,MSAG5200-ISLMT-AVR-NODE46716
1650,41b126062cfcfd5e909511675878bacd,MSAG5200-ISLMT-AVR-NODE46716
1651,4934f6949e8de1fc44432cfc1e39a9d8,MSAG5200-ISLMT-AVR-NODE46716
1653,25257246940b71ec610c16045c62146c,MSAG5200-ISLMT-AVR-NODE46716
1660,1a62d66b412d3149b87767473e073392,MSAG5200-ISLSI-DWS-NODE52072
1662,e88da715b7de522a6daf724c32045541,MSAG5200-ISLSI-DWS-NODE52072
1664,0a5c2d7f6617bcdba6360cd0d1b25578,MSAG5200-ISLSI-DWS-NODE52072
1703,efa64b328207e7017aca658b2a32ce9d,MSAG5200-ISLMT-AVR-NODE46716
1705,93b748e58ed1c88d4df9939ee77c41f4,MSAG5200-ISLMT-AVR-NODE46716
1710,84ee14a862e3ac7f0df94782bc10708d,MSAG5200-ISLSI-DWS-NODE52072
1715,a7ca083643741d19717b856c5a438359,MSAG5200-ISLSI-DWS-NODE52072
1716,0f61913d358d252f556dfd93a2d9b41b,MSAG5200-ISLSI-DWS-NODE52072
1717,084c095166a65cb4b96bb72ecc802dd0,MSAG5200-ISLSI-DWS-NODE52072
1730,7eec59f66976cb418a8b84fbb3274e50,MSAG5200-ISLSI-DWS-NODE52072
1742,42ef31070c3f3b03aea3676aba7cb740,MSAG5200-ISLMV-GDM-NODE48249
1765,a64371f6efd754224f3c069b06306b21,MSAG5200PH-AKG-NODE43163
1766,6d6eeb3bba32487b064be3e514c68a5e,MSAG5200PH-AKG-NODE43163
1768,154aa58fd560d93f6435caeaf7ba4db5,MSAG5200PH-AKG-NODE43163
1770,0598ebdbe1c730120b3c5504c9d90a9f,MSAG5200PH-AKG-NODE43163
1771,91908eb091402c62e43f0672934849aa,MSAG5200PH-AKG-NODE43163
1772,536f73416d903202def0c0546c2bff27,MSAG5200-ISLMV-GDM-NODE48249
1777,fe4e907a21bb03842eb88d0c0d633ca8,MSAG5200-ISLMT-AVR-NODE46716
1779,6cf9a568ef3c58e32580a5633228f41a,MSAG5200-ISLMV-GDM-NODE48249
1781,d01f3f4116a3d84b88c33dd79fc7ac07,MSAG5200-ISLJA-PKV-NODE46042
1788,a3da4c6378b50abde8ccb0c19e7a6f8e,MSAG5200-ISLJA-PKV-NODE46042
1789,85d6118f7c6b6bd12df68ae6883c4ad0,MSAG5200-ISLJA-PKV-NODE46042
1801,c1f73b57eca12e75a982320192405a08,MSAG5200-ISLJA-PKV-NODE46042
1803,f248ec52f83f060f5b3177510ab270b7,MSAG5200-ISLMLT-VMD-NODE414509
1806,4eb1ffd42c80a36396a4cd2bb9f3284c,MSAG5200-ISLMLT-VMD-NODE414509
1807,71b026d1414f371094ad071d02468f1b,MSAG5200-ISLMB-PSL-NODE48226
1808,ba46297d4a36bb779cb758e4593611d5,MSAG5200-ISLVA-NKM-NODE48196
1810,ada577255883cfc2a596b87c05940bd2,MSAG5200-ISLVA-NKM-NODE48196
1820,b71810a97f7948547d4c05a40a8e4f3a,MSAG5200-ISLVA-NKM-NODE48196
1821,9af01a9db0e0491baf3c39185065704d,MSAG5200-ISLVA-NKM-NODE48196
1822,d00435326f5da4f573894be8351232a3,MSAG5200-ISLVA-NKM-NODE48196
1823,849863c355cb98a4fa2c331af1fc5c26,MSAG5200-ISLVA-NKM-NODE48196
1824,2129091fe67df564246e44c81ea722dc,MA5603TAD-SRV-NODE1022499
1826,fe0bea5ee8cbf5765fb5d29e0423fdcc,MSAG5200-ISLTBT-TLJ-NODE48724
1827,82d309993b8923e8552306268487a2af,MA5603TAD-SRV-NODE1022499
1828,710d8b9aa5ef8f9895fff27ed9218c1d,MSAG5200-ISLWKN-SWP-NODE47348
1829,eb2e1d215818020d5ed5430c3236c6e1,MSAG5200-ISLWKN-SWP-NODE47348
1834,a3dacc4949438c8bb24553b41d0511e0,UA5000(IPMB)SL-NODE38534
1836,6ee751dfbc727b1b579a188ce1d008e3,UA5000(IPMB)SL-NODE38534
1839,b1aafe99cabaf4d732ef50de71788b51,UA5000(IPMB)SL-NODE38534
1843,6eb7c7e72cb90d69c265a98a69d7e377,UA5000(IPMB)SL-NODE38534
1846,d891fafd066d8577539f5549318ef714,UA5000(IPMB)SL-NODE38534
1852,3e8683609c68fe0cc7771acb0f1716ce,UA5000(IPMB)SL-NODE38534
1854,87ffaa5fef103aa71dca7e5bb0fde836,UA5000(IPMB)SL-NODE38534
1863,75aea4252f9ee72eb75e2bda4e8ac78f,C300MNW-MEE-NODE1888775
1865,c826982d1b7fa9a8f9b8c819c62e67b3,C300MNW-MEE-NODE1888775
1866,cf822299458d4a221c091c263381c58c,C300MNW-MEE-NODE1888775
1870,c0bfa8a801e3031ea39e6be0995dd1e3,C300MTP-NODE870091
1872,6aa0beeb0226622462e95030241f2d45,C300MTP-NODE870091
1873,eb77a3cfb5e71c7935d72d33ee26c722,MSAG5200-ISLBZ-NODE43588
1889,b7d5664e4933f87b7ce2d3dbfa818522,MSAG5200-ISLBZ-NODE43588
1891,6593bda8608b3bcdfab408daabf6e90e,MSAG5200-ISLBZ-NODE43588
1892,fe20b17a9573e4b7e765cc3098728f3d,MSAG5200-ISLMV-GDM-NODE48249
1908,6f22328dd88a24303a7718e4b3bb7bb0,MSAG5200-ISLMV-GDM-NODE48249
1910,e71bb1b9eb42d37ddc7d52bb07ab1f8a,MSAG5200-ISLMV-GDM-NODE48249
1911,62bb305a24c92cb7f073941a6f1cf4ab,MSAG5200-ISLMT-AVR-NODE46716
1918,e15d29cc06e8823c845f9c1daf56896d,MSAG5200-ISLMT-AVR-NODE46716
1925,825b869e60f6b005233eae3d7f23b9c6,MSAG5200-ISLMV-GDM-NODE48249
1928,f50e8a2522301fa447153e007a624011,MSAG5200-ISLMV-GDM-NODE48249
1931,128f1fddf621dba21dbe814395eb2d20,MSAG5200-ISLMV-GDM-NODE48249
1940,32fffb552966cbf8a78e3dc70b0e2c7f,MSAG5200-ISLMV-GDM-NODE48249
1943,1dc533c9c85a488194977804cfe365c5,MSAG5200-ISLMV-GDM-NODE48249
1964,2ab8436cc34b4f16de3c452300f975c3,MSAG5200-ISLWI-NWT-NODE48520
1974,53a549afb1165058c3d9d03cd604877c,MSAG5200-ISLMV-GDM-NODE48249
1977,ce571218ef0656e1f1ee99c71ec315b7,MSAG5200-ISLMV-GDM-NODE48249
2010,9edab99e5e5789d6d10d13899459e628,MSAG5200-ISLMV-GDM-NODE48249
2023,e1584639161ed03ba5bb683e176af222,MSAG5200-ISLMV-GDM-NODE48249
2032,defab5b5f46fd3c1696aeadc0d3e57a5,MSAG5200-ISLND-PHG-NODE50024
2033,47ba00bc83a14e1985ca9a031d52efe3,MSAG5200-ISLMV-GDM-NODE48249
2034,15d5e1896fc1afc13074efcd398edf8e,MSAG5200-ISLND-PHG-NODE50024
2036,93cc1c2d6d0c5660ada2405d53b2bcdd,MSAG5200-ISLND-PHG-NODE50024
2037,572c8c7af56c5dab11678cec81e0e465,MSAG5200-ISLMV-GDM-NODE48249
2038,b04682a32a80d7a4cc4e85f30fe2d141,MSAG5200-ISLND-PHG-NODE50024
2040,89662e164c3791845060b0359c2fbb83,MSAG5200-ISLND-PHG-NODE50024
2041,95badd76405ecb14eb3b62c669c749a6,MSAG5200-ISLND-PHG-NODE50024
2066,aabc9272bdd09cb7ebb7c6aa53209de9,MSAG5200-ISLND-PHG-NODE50024
2068,358aede375ab057032386825f910baa2,MSAG5200-ISLMV-GDM-NODE48249
2076,ba16630ac99daf7fcf0281c6c0d5fd61,MSAG5200-ISLHK-OCC-NODE50656
2081,b05e755cb2ca2e36cd39873f14a4280f,MSAG5200-ISLMV-GDM-NODE48249
2083,e96dd0eddcb6b55254fc847d70e8c66c,MSAG5200-ISLMT-AVR-NODE46716
2084,3ec6441eb5df6ef9ba2bdd63f919ce8b,MSAG5200-ISLHK-OCC-NODE50656
2085,28eacfec0b6b96c1a7ec792bb5efd724,MSAG5200-ISLIDH-KGW-NODE619449
2087,58e8edd99ccc4f147d62fedc6bdc0536,MSAG5200-ISLIDH-KGW-NODE619449
2089,d5bc2dd01f35fd6a7f65b41779eaaf77,MSAG5200-ISLHC-NAP-NODE47872
2090,c186b34020d0ef7647c6e32d1761603a,C300MIDH-IDJ-NODE1106554
2093,adc4b28394ff56a5057177750ebda206,MSAG5200-ISLIDH-KGW-NODE619449
2095,491c706a7512c044872648b069944e64,MSAG5200-ISLND-PHG-NODE50024
2096,b36a0857b23d1369fadd24c5893aa129,MSAG5200-ISLND-PHG-NODE50024
2098,7b9367da168ff3bce8c3ab07bcc69081,MSAG5200-ISLND-PHG-NODE50024
2100,009f305bf85a71012c0e343233e611ba,MSAG5200-ISLND-PHG-NODE50024
2112,2125d0465254419b4141d16ba493a7a1,MSAG5200-ISLMV-GDM-NODE48249
2119,e353b9a7ecc02ca7fa761e19f25fc295,MSAG5200-ISLND-PHG-NODE50024
2123,029b57551e576f248ff07c849db52fd6,MSAG5200-ISLMV-GDM-NODE48249
2126,4ce2ac785d4cfa6a31d37680a60855a0,MSAG5200-ISLMV-GDM-NODE48249
2131,516d75323fffd9e5ab90f2bbbcea2bcb,MSAG5200-ISLMT-AVR-NODE46716
2135,a5d436a8c0260ad9928e857fc40e0b0c,MSAG5200-ISLMT-AVR-NODE46716
2136,0c20af486e4bedba32bf9770fbc45fb3,MSAG5200-ISLSI-DWS-NODE52072
2146,7108a9d01fd8204c50bd9672d200f4de,C300MNW-MEE-NODE1888775
2147,b5368c72eb12c24c97404bd8d9a6e333,C300MNW-MEE-NODE1888775
2148,b2bbed613dcdbc1477ce5d97dd7b9a38,C300MNW-MEE-NODE1888775
2159,0bac035db2a16b11b449063577f02f4f,MSAG5200PH-AKG-NODE43163
2160,38a1e34a610db93a7e0c689ee83d6fda,MSAG5200PH-AKG-NODE43163
2163,852daded0a1369ce4bbf3d7915957a69,MSAG5200PH-AKG-NODE43163
2164,316e3ed2196498dc2b376f69e3287864,MSAG5200PH-AKG-NODE43163
2165,189d153ed80d6ecdae7fde4fb540a4f3,MSAG5200PH-AKG-NODE43163
2171,f6f97a90a742d6f3ee157c9e519c7242,MSAG5200PH-AKG-NODE43163
2181,a053ebf7e9637fb6aab57e537b122635,MSAG5200PH-AKG-NODE43163
2182,94a004a3eaa31fe0bf41ef4d9ef43c2e,MSAG5200PH-AKG-NODE43163
2202,a59c2773afc5be902c52f6990f370bcf,MSAG5200-ISLNL-HGW-NODE49128
2204,007400db8afa996e788d23986739f3db,ZXDSL9806H-ISLKL-PRC-NODE48236
2225,61951c50f24fae789131f6653b3cbd7a,MSAG5200-ISLWM-NODE43288
2226,6446fd3149b40d0ae542969ad92dcdd4,C300MVH-NODE987404
2234,d537494097007e8e982b5e2f68f54559,MSAG5200-ISLMT-AVR-NODE46716
2235,f74cb22c89ace83b0f9feefce6191b0d,MSAG5200-ISLMT-AVR-NODE46716
2238,a56749c8566f8c41d2c406e0ca8f5ec1,MSAG5200-ISLMT-AVR-NODE46716
2251,ee78f9b1b26a91e597ac88b2deb50c12,MSAG5200-ISLMT-AVR-NODE46716
2253,76d2be98265496481fa8ed9700e256fe,MSAG5200-ISLMT-AVR-NODE46716
2265,ae8f6e654747d4b79d958cd670bff9cf,UA5000(IPMB)SL-NODE38534
2278,d6888f787c53ba9c98094745ebbcf27b,MSAG5200PH-AKG-NODE43163
2287,e3e536f44d4c760b36547c5b34dc6e00,MSAG5200PH-AKG-NODE43163
2299,03b5d13a7949d99e793afdfe07dd73cb,MSAG5200PH-AKG-NODE43163
2300,2f5a13ad5902f624aac769ed2bd1952f,MSAG5200PH-AKG-NODE43163
2301,d96d36e4be0fb183ddc3f73d78dd8f72,MSAG5200-ISLND-PHG-NODE50024
2302,c03b0d826f02b1c508a04c7c96b03bf4,ZXDSL9806H-ISLKL-PRC-NODE48236
2307,155e084a860a8e011669338870e8bc7f,MSAG5200-ISLND-PHG-NODE50024
2313,35f2c3752b662cc9a63b636b50175836,ZXDSL9806H-ISLKL-PRC-NODE48236
2324,b99957e9215d70ac90b5819e405827f7,ZXDSL9806H-ISLKL-PRC-NODE48236
2329,1f867ac816759c0774a283898364dec5,ZXDSL9806H-ISLKL-PRC-NODE48236
2343,a544d732d664b6c3cf830a390b087351,ZXDSL9806H-ISLKL-PRC-NODE48236
2351,b8471e473c10b61c5b941bd8e0da6ec7,ZXDSL9806H-ISLKL-PRC-NODE48236
2353,bc7751f4b43e326e6d69a4f8e706574d,ZXDSL9806H-ISLKL-PRC-NODE48236
2356,28fc68017d5cd141bafcee0d0c3e2e16,ZXDSL9806H-ISLKL-PRC-NODE48236
2357,d1242f511ea15d95e64da729cd597a3c,MSAG5200-ISLND-PHG-NODE50024
2360,88c16016e195e137c60156c619027190,MSAG5200-ISLHNT-NODE42385
2361,87c5b4414b6fddab2c9cf2838758b8fe,ZXDSL9806H-ISLAG-PNP-NODE52976
2388,790806024f2f9c231ec98c6de29aca1b,MSAG5200PH-AKG-NODE43163
2393,029c7817843470cd12b4b673d95ef6e3,MSAG5200PH-AKG-NODE43163
2404,3fbe5da2b888637d2c55a3a50c2860e8,MSAG5200PH-AKG-NODE43163
2415,569ab7e43caa3fb5a95985090308da45,UA5000(IPMB)SL-NODE38534
2418,70d272d98fce8d869d1f855ee38f8fb3,UA5000(IPMB)SL-NODE38534
2421,ac4bd8d97bb360c8d5a4cd10cd92ca55,MSAG5200PH-AKG-NODE43163
2425,ddea1fae74e5a77f14e76509462061c7,MSAG5200PH-AKG-NODE43163
2432,dd12f15abe9ea1dbe6f1c42d6210de5c,C300MNW-MEE-NODE1888775
2433,a48eb36d3fa53663b6ff26915cd50376,MSAG5200PH-AKG-NODE43163
2434,57f81eff21ce3f03dd69d2837cf9b038,MSAG5200PH-AKG-NODE43163
2435,15d803445034665269663f7d2312b523,MSAG5200-ISLMH-POL-NODE49145
2438,34274b91c0f1c153505764e0b91cafb2,MSAG5200-ISLMH-POL-NODE49145
2439,076b3a0567c1542e3547b823cd6e046b,MSAG5200-ISLMH-POL-NODE49145
2442,4c4675487bb19a93b735663cce8b33e9,MSAG5200-ISLND-PHG-NODE50024
2444,10c9a7fad7871f102e0bb1fde4262773,MSAG5200-ISLMV-GDM-NODE48249
2445,7d8db90d27e15417b0e41abfb99ae299,MSAG5200-ISLMV-GDM-NODE48249
2446,da7079682cce6fe25a7b4227673e26a8,MSAG5200-ISLMV-GDM-NODE48249
2447,8c63a9b013f6c1ef5546d5c67402a0ff,MSAG5200-ISLMV-GDM-NODE48249
2450,f4ddd9b3657e0c4a53ec796d45a12bab,MSAG5200-ISLMT-AVR-NODE46716
2452,6c4664362bd61f75c20e8db0946eb930,MSAG5200-ISLMV-GDM-NODE48249
2453,c65cbf44d0aa63364dd7344813454e74,MSAG5200-ISLMT-AVR-NODE46716
2468,09f8b3fd9047f40becb93d4c3caf3d3d,MSAG5200-ISLSI-DWS-NODE52072
2475,ffd96f173d6cd683bf3384bdc2f99713,MSAG5200-ISLMV-GDM-NODE48249
2480,7a20d3da796184bdb57271f4f7acd976,MSAG5200-ISLSI-DWS-NODE52072
2482,b4ebf69d102a8eab6a6c7004a3d22d2f,C300MKI-NODE1066816
2491,b635fc31617ffc9c1e6b5015fb32e108,MSAG5200-ISLSI-DWS-NODE52072
2506,1a6c9e9b0b0da27f38ea0871e233699e,MSAG5200-ISLIDH-KGW-NODE619449
2516,5626538af57846eb81bd47c15b54b21d,MSAG5200-ISLMV-GDM-NODE48249
2517,124890dad6bc1a3d2297079fe56cc9bf,C300MIDH-IDJ-NODE1106554
2518,255a45affe1a969df0d637048be256ed,MSAG5200-ISLMV-GDM-NODE48249
2519,da7b90e46c9e5d7a73a5b482040c113d,MSAG5200-ISLMV-GDM-NODE48249
2520,3bcf425eb655ba4a6853bdd798f45fac,MSAG5200-ISLMV-GDM-NODE48249
2525,03bb72cb05e85b1d3f1d62291ad5804c,MSAG5200-ISLPK-PNU-NODE613602
2526,0e93cbe9089aff59783f78f649d6f303,MSAG5200-ISLIDH-KGW-NODE619449
2527,5d6227023c9468e89ded21d651981c27,MSAG5200-ISLMV-GDM-NODE48249
2529,d7cfdae06b80b67663e60388f0098c63,MSAG5200-ISLIDH-KGW-NODE619449
2530,f3408397c4c2b62c258dc07a6a1d4466,MSAG5200-ISLMV-GDM-NODE48249
2533,578046c8b48f99dbb32ba29409b56563,MSAG5200-ISLMV-GDM-NODE48249
2535,aeeca052315807836dedd407bdb1a543,MSAG5200-ISLND-PHG-NODE50024
2538,358ac2b2fd5500469f2f2b18df111306,MSAG5200-ISLND-PHG-NODE50024
2540,41ccbe2e8e9090a7dff45edc35d3aaba,MSAG5200-ISLND-PHG-NODE50024
2556,d6d169e7dc91d8c4344adeecb647a8f1,MSAG5200-ISLMV-GDM-NODE48249
2559,c3c3bfb4b031a99779531af017e2b2ea,MSAG5200-ISLSI-DWS-NODE52072
2563,97878fab877b73ef8f2d540302da7feb,MSAG5200-ISLSI-DWS-NODE52072
2566,1545985f4973a566e435592eea8a84fb,MSAG5200PH-AKG-NODE43163
2570,cdcb8afc1bb19d587c546d8e8b3dc04d,MSAG5200PH-AKG-NODE43163
2572,16dbc6ca83a75f51f70d852a3cb1aa44,MSAG5200-ISLND-PHG-NODE50024
2576,3ff964e1c7d3ad62aba6a032cdb80e64,MSAG5200-ISLND-PHG-NODE50024
2577,0e4d0edba56dc555531dcbff8936c4cb,MSAG5200-ISLIDH-KGW-NODE619449
2578,e3279532efd5a6d6af5d90a9a4423067,C300MIDH-IDJ-NODE1106554
2584,4d384b3ff38d7b7060eb1fea680200ab,MSAG5200-ISLND-PHG-NODE50024
2586,3a41dd3efb28bec3a7acc406dff4e0c8,MSAG5200-ISLIDH-KGW-NODE619449
2591,71e31fbe2fa865d474d0cf4435d3f59f,MSAG5200-ISLSI-DWS-NODE52072
2593,e3a583ce0de72e72774c02310dc0fe32,MSAG5200-ISLMV-GDM-NODE48249
2596,cdafe7ed4e5d6d5547d28a02b5002b46,MSAG5200-ISLMV-GDM-NODE48249
2597,9628246a39aaf0d6df6a6d3e03a4a378,MSAG5200-ISLND-PHG-NODE50024
2598,e00811304620ccea1f2d33e2e4c9a335,MSAG5200-ISLMV-GDM-NODE48249
2600,5894054ea2bc1f847421efa6780afd11,MSAG5200-ISLMV-GDM-NODE48249
2606,ca7177dce0c88239d82e5986b76d477c,MSAG5200-ISLMV-GDM-NODE48249
2607,ab97314f71804f7cc9fe63ab40d25d01,MSAG5200-ISLMV-GDM-NODE48249
2608,f24c3becafad596b82f3c1ee38375ee7,MSAG5200-ISLMV-GDM-NODE48249
2609,4ff7845abe4518b8ecd264564de98f10,MSAG5200-ISLMV-GDM-NODE48249
2610,8120f8c7f276561ce0b61f859a3aa6f2,MSAG5200-ISLND-PHG-NODE50024
2611,3b75413c2234782a000fe9944c60daab,MSAG5200-ISLMV-GDM-NODE48249
2617,d974f075fd178127e452bffe6a92c920,MSAG5200-ISLMV-GDM-NODE48249
2618,3f9af1e9d0c70041608ae194f656ea19,MSAG5200-ISLMV-GDM-NODE48249
2619,ac425214d19f951d8d4d5975a6bbaf7e,MSAG5200-ISLND-PHG-NODE50024
2623,39ead78669bce1a8b4feb93fa3dfc13c,MSAG5200-ISLND-PHG-NODE50024
2624,611e5a29db6689e85a9da5d68617dc75,MSAG5200-ISLJA-PKV-NODE46042
2625,b02a0686008b8d5d5acf5f3cdad15ba7,MSAG5200-ISLND-PHG-NODE50024
2629,450326f1c00dc7072efef91e85f57586,MSAG5200-ISLMT-AVR-NODE46716
2631,2ab20dc0b9187fcea613b3a90619282a,MSAG5200-ISLMT-AVR-NODE46716
2632,3af183f2f0453303c8dd38bde83f586f,MSAG5200-ISLND-PHG-NODE50024
2638,728d67fc4c1187361a674b41b92e0602,MSAG5200-ISLMT-AVR-NODE46716
2642,a3314faaf368079a84a506eebfc984e5,MSAG5200-ISLMV-GDM-NODE48249
2643,ccde2fe98a1b0b698ffc99a40bbafbc0,MSAG5200-ISLND-PHG-NODE50024
2644,e53c8174bee77d55903c6294ec6498f6,MSAG5200-ISLND-PHG-NODE50024
2645,f98f6750211cfdc7fee9a826ff5293b4,MSAG5200-ISLND-PHG-NODE50024
2647,76f0f232dc066a78d4f1b6ad03bc7865,ZXDSL9806H-ISLAG-PNP-NODE52976
2650,197acdce474cc8dbb31c858982a40ea3,ZXDSL9806H-ISLAG-PNP-NODE52976
2651,7dddbf630b33492b2d1f9c9588a951e5,ZXDSL9806H-ISLAG-PNP-NODE52976
2652,f852c66e165c8845bf24e759a33e0bfe,UA5000(IPMB)IM-NODE39153
2653,69cf35dfa31af2bd728d476f43c8faab,MSAG5200-ISLSI-DWS-NODE52072
2654,d0d3146b14adab8e3e33dd03b7a1d5d5,MSAG5200-ISLSI-DWS-NODE52072
2656,34daf90db8e49c5044ddc7d3380b6892,MSAG5200-ISLSI-DWS-NODE52072
2657,60b6a435634a63e3a5023674f3eb2a8b,MSAG5200-ISLMT-AVR-NODE46716
2660,6c429b4930e0b602e9fe34087c534f59,MSAG5200-ISLMT-AVR-NODE46716
2665,341cf3a955537b59ee6a77a4da0ca2c8,MSAG5200-ISLMT-AVR-NODE46716
2666,b06ebdf4b8f7558fdecd980219c22089,UA5000(IPMB)SL-NODE38534
2667,7dd947f0a15a2481b7fee96c88187c4b,MSAG5200-ISLMT-AVR-NODE46716
2669,5b36830364aac0e222251e82733bc585,MSAG5200-ISLPC-AGT-NODE48003
2672,71f750d1ac24343ca3a3de5e197af6ec,MSAG5200-ISLPC-AGT-NODE48003
2673,db7e4b8a8752e0a0af834f0e6eab8a0b,MSAG5200-ISLPC-AGT-NODE48003
2674,b1e1f92a2d017ea8f0b457533636ed33,MSAG5200-ISLPC-AGT-NODE48003
